zinc_id,smiles
ZINC000000000038,CC[C@](C)(CN(C)C)OC(=O)c1ccccc1
ZINC000000000052,COc1cccc2c1cc([N+](=O)[O-])c1c(C(=O)O)cc3c(c12)OCO3
ZINC000000000053,CC(=O)Oc1ccccc1C(=O)O
ZINC000000000076,O=C(c1ccccc1)[C@@H](O)c1ccccc1
ZINC000000000122,CN(C)CCO[C@@H](c1ccc(Cl)cc1)c1ccccn1
ZINC000000000151,C[C@@H]([C@@H](O)c1ccccc1)N(C)C/C=C/c1ccccc1
ZINC000000000166,C[C@H](CN(C)C)[C@](C)(O)Cc1ccc(Cl)cc1
ZINC000000000199,O[C@@](CCN1CCCCC1)(c1ccccc1)C1CCCC1
ZINC000000000344,C[C@@H](I)[C@H]1OC[C@H](CO)O1
ZINC000000000353,COc1ccccc1OC[C@H](O)CO
ZINC000000000387,CCc1ccc(C(=O)[C@H](C)CN2CCCC2)cc1
ZINC000000000407,C[C@H](N[C@H](C)COc1ccccc1)[C@@H](O)c1ccc(O)cc1
ZINC000000000416,C[C@H](CCc1ccccc1)NC[C@@H](O)c1ccc(O)c(C(N)=O)c1
ZINC000000000417,CCOc1ccc(NC(=O)[C@@H](C)O)cc1
ZINC000000000450,Cc1ccccc1OC[C@H](O)CO
ZINC000000000565,Cc1ccccc1[C@H](OCCN(C)C)c1ccccc1
ZINC000000000602,CCOc1ccc(NC(C)=O)cc1
ZINC000000000633,OC(c1ccccc1)(c1ccccc1)[C@@H]1CCCCN1
ZINC000000000688,C=C[C@@H]1CN2CC[C@H]1C[C@H]2[C@@H](O)c1ccnc2ccc(OC)cc12
ZINC000000000853,COc1cccc([C@@]2(O)CCCC[C@@H]2CN(C)C)c1
ZINC000000000949,COc1ccc(-c2cc(=S)ss2)cc1
ZINC000000000984,CCN(CC)C(=O)CSc1ccc(Cl)nn1
ZINC000000001011,O=C(O)c1ccccc1
ZINC000000001041,CC[N+](C)(C)Cc1ccccc1Br
ZINC000000001084,Cn1c(=O)c2c(ncn2C)n(C)c1=O
ZINC000000001091,CCOC(=O)n1ccn(C)c1=S
ZINC000000001100,C[C@H](N)[C@@H](O)c1ccccc1
ZINC000000001117,O=C(C(Cl)Cl)N(CCO)Cc1ccc(Cl)cc1Cl
ZINC000000001148,CN(C)CC/C=C1/c2ccccc2COc2ccccc21
ZINC000000001195,Cc1c(Cl)cccc1Nc1ncccc1C(=O)O
ZINC000000001212,COC(=O)[C@@H]1[C@H](OC(=O)c2ccccc2)C[C@@H]2CC[C@H]1N2C
ZINC000000001219,O=c1oc2cc(O)ccc2c2oc3cc(O)ccc3c12
ZINC000000001281,O=C(O)Cc1ccccc1Nc1c(Cl)cccc1Cl
ZINC000000001287,CCOC(=O)c1ccccc1C(=O)OCC
ZINC000000001331,CN(C)CC/C=C1\c2ccccc2COc2ccccc21
ZINC000000001341,CC[N+](C)(C)c1cccc(O)c1
ZINC000000001504,O=C(O)c1cc(O)c(O)c(O)c1
ZINC000000001554,O=C(O)c1ccccc1O
ZINC000000001614,COc1ccc2c(c1)[C@@]13CCCC[C@@H]1[C@@H](C2)N(C)CC3
ZINC000000001681,CCOC(=O)C1(c2ccccc2)CCN(C)CC1
ZINC000000001684,COc1ccc(O)cc1
ZINC000000001785,O=C1C[C@H](c2ccc(O)cc2)Oc2cc(O)cc(O)c21
ZINC000000001792,CN(C)C(=O)Oc1cccc([N+](C)(C)C)c1
ZINC000000001798,CN1CCC[C@@H]1c1cccnc1
ZINC000000001814,CCN(CC)C(=O)c1cccnc1
ZINC000000001905,C1CCc2nnnn2CC1
ZINC000000001930,C[C@@H](N)[C@@H](O)c1ccccc1
ZINC000000001945,c1ccc(N(CCN2CCCCC2)Cc2ccccn2)cc1
ZINC000000001953,O=Cc1ccc2c(c1)OCO2
ZINC000000002009,CN(C)C(=O)Oc1ccc[n+](C)c1
ZINC000000002043,CN(C)CCO[C@H](c1ccc(Cl)cc1)c1ccccn1
ZINC000000002055,NC(=O)c1ccccc1O
ZINC000000002062,O=C(Oc1ccccc1C(=O)O)c1ccccc1O
ZINC000000002115,CCC(C)(S(=O)(=O)CC)S(=O)(=O)CC
ZINC000000002137,CC1(O)CCC(C(C)(C)O)CC1
ZINC000000002151,Cn1cnc2c1c(=O)[nH]c(=O)n2C
ZINC000000002200,COc1cccc([C@]2(O)CCCC[C@H]2CN(C)C)c1
ZINC000000002202,CCN(CC)c1cc(C)nc2ncnn12
ZINC000000002238,CCCC(CCC)C(N)=O
ZINC000000003252,OCCc1c[nH]c2ccccc12
ZINC000000004319,C[C@H](CCc1ccccc1)NC[C@H](O)c1ccc(O)c(C(N)=O)c1
ZINC000000006220,CCCC(=O)CC(=O)N[C@@H]1CCOC1=O
ZINC000000006226,Cc1c(O)c(=O)ccn1C
ZINC000000006310,Nc1ccc(S(=O)(=O)c2ccc(N)cc2)cc1
ZINC000000006427,CN1C(=O)CN=C(c2ccccc2)c2cc(Cl)ccc21
ZINC000000006787,Oc1ccc(/C=C/c2cc(O)cc(O)c2)cc1
ZINC000000008662,O=c1c(O)c(-c2ccc(O)c(O)c2)oc2ccc(O)cc12
ZINC000000020220,O=C(O)c1cn(C2CC2)c2cc(N3CCNCC3)c(F)cc2c1=O
ZINC000000020228,C[C@H](NC(C)(C)C)C(=O)c1cccc(Cl)c1
ZINC000000020237,CCN(CC)CC(=O)Nc1c(C)cccc1C
ZINC000000020240,CC(C)NC[C@@H](O)COc1cccc2ccccc12
ZINC000000020241,Cc1cccc(Nc2ccccc2C(=O)O)c1C
ZINC000000020244,CN(C)CCOC(c1ccccc1)c1ccccc1
ZINC000000020250,C[C@@H](CN1c2ccccc2Sc2ccccc21)N(C)C
ZINC000000020259,CN[C@@H](C)[C@@H](O)c1ccccc1
ZINC000000021790,CCOC(=O)c1cc(O)c(O)c(O)c1
ZINC000000035525,COc1ccc2c(OC)c3ccoc3nc2c1OC
ZINC000000039092,COc1ccc([C@@H]2CC(=O)c3c(O)cc(O)cc3O2)cc1O
ZINC000000039111,O=c1c(O)c(-c2ccc(O)c(O)c2)oc2cc(O)ccc12
ZINC000000039297,COc1cc2oc(-c3ccccc3)cc(=O)c2cc1OC
ZINC000000039312,COc1ccc2oc(-c3ccc(O)cc3)cc(=O)c2c1
ZINC000000039313,COc1ccc2c(=O)cc(-c3ccc(O)cc3)oc2c1
ZINC000000039451,CC(C)=CCc1c(O)cc(O)c2c1O[C@@H](c1ccc(O)cc1)CC2=O
ZINC000000039452,CC(C)=CCc1c(O)cc(O)c2c1O[C@H](c1ccc(O)cc1)CC2=O
ZINC000000040395,CCOC(=O)/C=C/c1ccc(O)cc1
ZINC000000043467,c1cc(-c2ccncc2)ccn1
ZINC000000047553,O=C(CCc1ccc(O)cc1)c1c(O)cc(O)cc1O
ZINC000000049141,COc1ccc(NS(=O)(=O)c2ccc(N)cc2)nn1
ZINC000000049142,COc1cnc(NS(=O)(=O)c2ccc(N)cc2)nc1
ZINC000000049151,Cc1c(C(C)C)c(=O)n(-c2ccccc2)n1C
ZINC000000049153,Cc1ncc(C[n+]2csc(CCO)c2C)c(N)n1
ZINC000000053963,O=C(O)c1cc2ccccc2o1
ZINC000000056555,COc1ccc(Cc2nccc3cc(OC)c(OC)cc23)cc1OC
ZINC000000056556,CC(C)NC[C@H](O)COc1cccc2ccccc12
ZINC000000056647,C[C@H](CN1c2ccccc2Sc2ccccc21)N(C)C
ZINC000000056654,COc1c2occc2c(OC)c2c(=O)cc(C)oc12
ZINC000000057146,Cn1c(=O)c2c(ncn2C[C@H](O)CO)n(C)c1=O
ZINC000000057147,Cn1c(=O)c2c(ncn2C[C@@H](O)CO)n(C)c1=O
ZINC000000057204,c1ccc(CN(CC2=NCCN2)c2ccccc2)cc1
ZINC000000057206,C[C@@H](NC(C)(C)C)C(=O)c1cccc(Cl)c1
ZINC000000057317,CCOc1ccc2nccc([C@@H](O)[C@H]3C[C@H]4CCN3C[C@H]4CC)c2c1
ZINC000000057382,CCCC(=O)CC(=O)N[C@H]1CCOC1=O
ZINC000000057412,COc1cc(C)nc(-n2nc(C)cc2OC)n1
ZINC000000057466,CCn1cc(C(=O)O)c(=O)c2cnc(N3CCNCC3)nc21
ZINC000000057501,Cc1ccnc(NS(=O)(=O)c2ccc(N)cc2)n1
ZINC000000057588,COc1ccc(-c2coc3cc(OC)ccc3c2=O)cc1
ZINC000000057651,O=c1cc(-c2ccccc2O)oc2cccc(O)c12
ZINC000000057652,O=c1cc(-c2ccc(O)cc2)oc2cccc(O)c12
ZINC000000057656,O=c1cc(-c2ccc(O)cc2)oc2ccc(O)cc12
ZINC000000057658,O=c1cc(-c2ccc(O)cc2)oc2cc(O)ccc12
ZINC000000057674,O=c1cc(-c2ccccc2)oc2ccccc12
ZINC000000057676,O=c1cc(-c2ccccc2)oc2cccc(O)c12
ZINC000000057679,O=c1cc(-c2ccc(O)cc2)oc2ccccc12
ZINC000000057731,COc1c2ccoc2cc2oc(=O)ccc12
ZINC000000057740,Cc1ccc2oc(=O)ccc2c1
ZINC000000058111,O=c1ccc2ccc(O)cc2o1
ZINC000000058113,O=C1C[C@H](c2ccccc2)Oc2ccccc21
ZINC000000058114,O=C1C[C@@H](c2ccccc2)Oc2ccccc21
ZINC000000058116,O=C1C[C@H](c2ccc(O)c(O)c2)Oc2cc(O)cc(O)c21
ZINC000000058117,O=C1C[C@@H](c2ccc(O)c(O)c2)Oc2cc(O)cc(O)c21
ZINC000000058172,O=C(O)/C=C/c1ccc(O)c(O)c1
ZINC000000058294,CC[C@@H](CO)NC(=O)[C@H]1C=C2c3cccc4[nH]cc(c34)C[C@H]2N(C)C1
ZINC000000061044,Cc1cc(=O)n(-c2ccccc2)n1C
ZINC000000073693,O=C1C[C@@H](c2ccccc2)Oc2cc(O)cc(O)c21
ZINC000000074709,O=c1ccc2ccccc2o1
ZINC000000074836,CN[C@@H](C)[C@H](O)c1ccccc1
ZINC000000074838,CN[C@H](C)[C@H](O)c1ccccc1
ZINC000000074840,CN[C@H](C)[C@@H](O)c1ccccc1
ZINC000000083315,N[C@@H](Cc1c[nH]c2ccccc12)C(=O)O
ZINC000000084134,O=C(O)c1cccc2ccccc12
ZINC000000086535,O=C(O)c1ccccc1Nc1cccc(C(F)(F)F)c1
ZINC000000089763,Cc1cc(NS(=O)(=O)c2ccc(N)cc2)no1
ZINC000000105076,O=C1c2c(O)cc(O)cc2O[C@@H](c2ccc(O)c(O)c2)[C@H]1O
ZINC000000105196,N[C@@H](Cc1ccccc1)C(=O)O
ZINC000000113355,CNC[C@H](O)c1cccc(O)c1
ZINC000000113359,CNC[C@@H](O)c1cccc(O)c1
ZINC000000113382,O=C(N[C@H](CO)[C@H](O)c1ccc([N+](=O)[O-])cc1)C(Cl)Cl
ZINC000000113404,CN(C)CC[C@@H](c1ccc(Cl)cc1)c1ccccn1
ZINC000000113410,CN(C)CC[C@H](c1ccc(Cl)cc1)c1ccccn1
ZINC000000119434,O=C1C[C@@H]2OCC=C3CN4CC[C@]56c7ccccc7N1[C@H]5[C@H]2[C@H]3C[C@H]46
ZINC000000119632,CC[n+]1c(-c2ccccc2)c2cc(N)ccc2c2ccc(N)cc21
ZINC000000119717,c1ccc2c(CC3=NCCN3)cccc2c1
ZINC000000119983,Oc1cc(O)c2c(c1)O[C@H](c1ccc(O)c(O)c1)[C@@H](O)C2
ZINC000000119988,Oc1cc(O)c2c(c1)O[C@H](c1ccc(O)c(O)c1)[C@H](O)C2
ZINC000000125006,c1ccc(CC2=NCCN2)cc1
ZINC000000125031,O=C(O)c1cccnc1Nc1cccc(C(F)(F)F)c1
ZINC000000125047,O=C(O)c1cc(-c2ccccc2)nc2ccccc12
ZINC000000142828,COc1ccc(NC(C)=O)cc1
ZINC000000152996,NC(=O)c1ccccc1
ZINC000000153654,COc1cc(/C=C/C(=O)O)cc(OC)c1O
ZINC000000153731,COC(=O)/C=C/c1ccc(O)cc1
ZINC000000154957,Cc1ccccc1OC[C@@H](O)CO
ZINC000000155269,Cc1ccccc1[C@@H](OCCN(C)C)c1ccccc1
ZINC000000156701,O=C1C[C@@H](c2ccc(O)cc2)Oc2cc(O)cc(O)c21
ZINC000000156956,C1CCN2C[C@H]3C[C@H](CN4CCCC[C@H]34)[C@@H]2C1
ZINC000000157134,CC(=O)OCc1ccccc1
ZINC000000157146,COc1ccc(C=O)cc1
ZINC000000157405,COc1ccc(C(C)=O)cc1
ZINC000000157525,COC(=O)c1ccccc1N
ZINC000000157545,C[C@H](N)[C@H](O)c1ccccc1
ZINC000000157548,C[C@@H](N)[C@H](O)c1ccccc1
ZINC000000158540,O=C(O)c1ccc2c(c1)OCO2
ZINC000000160344,c1ccc2ncncc2c1
ZINC000000160496,CCOC(=O)/C=C/c1ccc(O)c(OC)c1
ZINC000000161231,O=C1[C@@H]2CCCN2C(=O)[C@@H]2CCCN12
ZINC000000161294,COc1ccc2c(c1OC)C(=O)OC2
ZINC000000163730,CC(=O)c1cnccn1
ZINC000000164363,c1cnc2c(c1)ccc1cccnc12
ZINC000000190046,CCN(CC)CCOC(c1ccccc1)c1ccccc1
ZINC000000223055,O=Cc1cccc2cccc(C(=O)O)c12
ZINC000000236100,O=C(c1ccccc1)[C@H](O)c1ccccc1
ZINC000000266964,N[C@@H](Cc1ccc(O)cc1)C(=O)O
ZINC000000314951,COc1c2ccoc2c(OC)c2oc(=O)ccc12
ZINC000000336322,COc1cc(O)c2c(=O)cc(C)oc2c1
ZINC000000336851,Cn1c(=O)ccc2ccccc21
ZINC000000336939,COc1cc(OC)c(OC)cc1C=O
ZINC000000337295,CC(=S)Nc1ccccc1
ZINC000000388060,CCOC(=O)Cc1ccccc1
ZINC000000388082,CC(=O)OCCC(C)C
ZINC000000388187,CC(=O)OCC(C)C
ZINC000000388312,CC[C@@H](C)[C@H](N)C(=O)O
ZINC000000388313,CC[C@@H](C)[C@@H](N)C(=O)O
ZINC000000388314,CC[C@H](C)[C@@H](N)C(=O)O
ZINC000000388660,Oc1ccc([C@@H]2COc3cc(O)ccc3C2)cc1
ZINC000000388661,Oc1ccc([C@H]2COc3cc(O)ccc3C2)cc1
ZINC000000388674,C=CCc1ccc(OC)c(OC)c1
ZINC000000388747,COc1ccc(OC)cc1
ZINC000000389599,CC(=O)OCc1ccc2c(c1)OCO2
ZINC000000391812,CN1CCC[C@H]1c1cccnc1
ZINC000000391851,COC(Cc1ccccc1)OC
ZINC000000391976,O=c1c(-c2ccc(O)c(O)c2)coc2cc(O)ccc12
ZINC000000391977,O=c1c(-c2ccc(O)cc2)coc2cc(O)c(O)cc12
ZINC000000392595,Cn1c(=O)c2c(n(C)c1=O)n(C)c(=O)n2C
ZINC000000393723,CC(C)COC(=O)c1ccccc1O
ZINC000000393730,CCOc1ccc(NC(=O)[C@H](C)O)cc1
ZINC000000394284,COc1ccccc1OC[C@@H](O)CO
ZINC000000394800,CCOC(=O)c1ccc(O)c(OC)c1
ZINC000000394966,CC(C)CCOC(=O)c1ccccc1O
ZINC000000395594,CCc1occc(=O)c1O
ZINC000000395626,O=C(O)C[C@@H]1NC(=O)[C@H](Cc2ccccc2)NC1=O
ZINC000000396101,CC(C)C(=O)OCCc1ccccc1
ZINC000000402783,O=C1N[C@@H](Cc2ccccc2)C(=O)N[C@H]1CO
ZINC000000402826,O=C1NCC(=O)N2CCC[C@@H]12
ZINC000000402831,CC(C)C[C@@H]1NC(=O)[C@H](C)NC1=O
ZINC000000402901,CCOc1ccc2nccc([C@@H](O)[C@H]3C[C@H]4CCN3C[C@@H]4CC)c2c1
ZINC000000402907,CCOc1ccc2nccc([C@H](O)[C@@H]3C[C@H]4CCN3C[C@@H]4CC)c2c1
ZINC000000403010,C[C@@H](CCc1ccccc1)NC[C@H](O)c1ccc(O)c(C(N)=O)c1
ZINC000000403011,C[C@@H](CCc1ccccc1)NC[C@@H](O)c1ccc(O)c(C(N)=O)c1
ZINC000000403541,CCCc1c[nH]c(=S)[nH]c1=O
ZINC000000403548,CCOC(=O)c1ccc(O)c(O)c1
ZINC000000403566,O=C(C1CCCCC1)N1CC(=O)N2CCc3ccccc3[C@H]2C1
ZINC000000403682,OC(c1ccccc1)(c1ccccc1)[C@H]1CCCCN1
ZINC000000404370,C/C=C/c1ccc(OC)c(OC)c1
ZINC000000404389,CCOC(=O)c1ccccc1
ZINC000000407231,COc1cc(OC)c2c(=O)cc(-c3ccccc3)oc2c1
ZINC000000409284,CC(=O)O[C@@H](C)c1ccccc1
ZINC000000409285,CC(=O)O[C@H](C)c1ccccc1
ZINC000000409359,CCC(=O)OCC(C)C
ZINC000000488469,COc1cc(C=O)ccc1O[C@H]1O[C@@H](CO)[C@@H](O)[C@@H](O)[C@@H]1O
ZINC000000491153,CCOc1ccc2nccc([C@@H](O)[C@H]3C[C@@H]4CCN3C[C@@H]4CC)c2c1
ZINC000000517261,COc1cc(-c2oc3cc(O)cc(O)c3c(=O)c2O)ccc1O
ZINC000000517578,CC(C)C[C@@H]1NC(=O)CNC1=O
ZINC000000518554,OC[C@H]1O[C@@H](Oc2ccc(O)cc2)[C@H](O)[C@@H](O)[C@@H]1O
ZINC000000519174,O=C1C[C@H](c2ccc(O)cc2)Oc2cc(O)ccc21
ZINC000000519621,COc1cc(-c2cc(=O)c3c(O)cc(O)cc3o2)ccc1O
ZINC000000537791,CCC1=C(C)CN(C(=O)NCCc2ccc(S(=O)(=O)/N=C(\O)NC3CCC(C)CC3)cc2)C1=O
ZINC000000537822,O=C(CCCN1CCC(O)(c2ccc(Cl)cc2)CC1)c1ccc(F)cc1
ZINC000000537891,C[C@@H]1COc2c(N3CCN(C)CC3)c(F)cc3c(=O)c(C(=O)O)cn1c23
ZINC000000538273,C[C@H]1COc2c(N3CCN(C)CC3)c(F)cc3c(=O)c(C(=O)O)cn1c23
ZINC000000597013,COc1cc2c(cc1OC)C(=O)[C@@H](CC1CCN(Cc3ccccc3)CC1)C2
ZINC000000601259,COc1ccc([C@H]2Sc3ccccc3N(CCN(C)C)C(=O)[C@H]2OC(C)=O)cc1
ZINC000000607971,Clc1ccc(CO[C@H](Cn2ccnc2)c2ccc(Cl)cc2Cl)c(Cl)c1
ZINC000000608172,CCN(CC)Cc1cc(Nc2ccnc3cc(Cl)ccc23)ccc1O
ZINC000000608186,COC(=O)c1c(C)cc(OC(=O)c2c(C)cc(O)c(C=O)c2O)c(C)c1O
ZINC000000608360,CCOC(=O)C(c1c(O)oc2ccccc2c1=O)c1c(O)oc2ccccc2c1=O
ZINC000000621853,COc1cc2c(c(OC)c1OC)-c1ccc(OC)c(=O)cc1[C@@H](NC(C)=O)CC2
ZINC000000621890,COc1ccc([C@H]2Sc3ccccc3N(CCN(C)C)C(=O)[C@@H]2OC(C)=O)cc1
ZINC000000621892,COc1ccc([C@@H]2Sc3ccccc3N(CCN(C)C)C(=O)[C@H]2OC(C)=O)cc1
ZINC000000621893,COc1ccc([C@@H]2Sc3ccccc3N(CCN(C)C)C(=O)[C@@H]2OC(C)=O)cc1
ZINC000000643046,OCCN(CCO)c1nc(N2CCCCC2)c2nc(N(CCO)CCO)nc(N3CCCCC3)c2n1
ZINC000000895081,O=C(O)CC(O)(CC(=O)O)C(=O)O
ZINC000000895099,CC(C)[C@H](N)C(=O)O
ZINC000000895145,O=Cc1ccccc1
ZINC000000895257,c1cn[nH]c1
ZINC000000895323,O=CCc1ccccc1
ZINC000000895390,O=c1c(-c2ccccc2)coc2ccccc12
ZINC000000895934,OCCc1ccccc1
ZINC000000896628,CC(=O)c1ccccc1
ZINC000000896740,Clc1ccc(CO[C@@H](Cn2ccnc2)c2ccc(Cl)cc2Cl)c(Cl)c1
ZINC000000896810,CC(=O)CCC=C(C)C
ZINC000000896981,CC[N+](CC)(CC)CC
ZINC000000897128,O=C1c2ccc(O)cc2O[C@@H](c2ccc(O)c(O)c2)[C@H]1O
ZINC000000897251,COc1cc2c(cc1OC)C(=O)[C@H](CC1CCN(Cc3ccccc3)CC1)C2
ZINC000000897369,NC(=O)N/N=C/c1ccc([N+](=O)[O-])o1
ZINC000000897460,CC(C)=CCNC(=N)N
ZINC000000897675,C=C1[C@H](O)[C@@]23CC[C@@H]4[C@]5(C)CCC[C@@]4(CN4CCO[C@H]45)[C@@H]2CC[C@@H]1C3
ZINC000000897734,O=C1/C(=C\c2ccc(O)c(O)c2)Oc2cc(O)ccc21
ZINC000000897736,O=C1/C(=C/c2ccc(O)c(O)c2)Oc2cc(O)ccc21
ZINC000000898031,CC(C)c1cc2c(c(O)c1O)[C@@]13CCCC(C)(C)[C@H]1C[C@@H]2OC3=O
ZINC000000898752,C=C1C(=O)O[C@H]2[C@H]1CCC(=C)[C@@H]1C[C@@H](O)C(=C)[C@H]21
ZINC000000901039,c1c[nH]cn1
ZINC000000901159,CC(C)O
ZINC000000901461,COc1cc(/C=C/C(=O)NCCc2ccc(O)cc2)ccc1O
ZINC000000967189,CN1CC(=O)N=C1N
ZINC000000967520,CC1(C)[C@@H]2CC[C@@]1(C)C(=O)C2
ZINC000000967523,CC(C)[C@H]1CC[C@H](C)CC1=O
ZINC000000967570,CC1(C)C(=O)[C@]2(C)CC[C@H]1C2
ZINC000000967571,CC1(C)C(=O)[C@@]2(C)CC[C@@H]1C2
ZINC000000967593,CC1=CC=C(C(C)C)CC1
ZINC000000967594,CC1=CCC(C(C)C)=CC1
ZINC000000967630,C/C=C/c1ccc(OC)cc1
ZINC000000967635,C=CCc1ccc(OC)cc1
ZINC000000967796,CC(C)[C@@H]1CC[C@@H](C)CC1=O
ZINC000000967932,CC[N+](CC)(CC)CC[C@@](O)(c1ccccc1)C1CCCCC1
ZINC000000967933,CC[N+](CC)(CC)CC[C@](O)(c1ccccc1)C1CCCCC1
ZINC000000968037,CC(C)[C@@H]1CC[C@H](C)CC1=O
ZINC000000968128,CC1(C)[C@H]2CC[C@](C)(C2)[C@H]1O
ZINC000000968266,OC(CCCN1CCCCC1)(c1ccccc1)c1ccccc1
ZINC000000968345,CC[C@H](C)C1(CC)C(=O)NC(=O)NC1=O
ZINC000000985403,O=C1C[C@@H](c2ccc(O)cc2)Oc2cc(O)ccc21
ZINC000001069090,COc1cc2c(cc1OC)[C@@]13CCN4CC5=CCO[C@H]6CC(=O)N2[C@H]1[C@H]6[C@H]5C[C@H]43
ZINC000001081099,CC1(C)[C@@H](O)[C@@]2(C)CC[C@@H]1C2
ZINC000001081121,CC(C)[C@]12CC(=O)[C@@H](C)[C@H]1C2
ZINC000001081577,CC[C@H](CO)NC(=O)[C@H]1C=C2c3cccc4[nH]cc(c34)C[C@H]2N(C)C1
ZINC000001090557,COc1ccccc1C=O
ZINC000001187543,Cn1cc[nH]c1=S
ZINC000001318746,CCOc1ccc2nccc([C@H](O)[C@H]3C[C@H]4CCN3C[C@@H]4CC)c2c1
ZINC000001319234,C=C[C@H]1CN2CC[C@H]1C[C@@H]2[C@H](O)c1ccnc2ccc(OC)cc12
ZINC000001319903,CCOc1ccc2nccc([C@H](O)[C@@H]3C[C@H]4CCN3C[C@H]4CC)c2c1
ZINC000001319967,C[C@@H](COc1ccccc1)N[C@H](C)[C@@H](O)c1ccc(O)cc1
ZINC000001408502,C1CCN2C[C@@H]3C[C@@H](CN4CCCC[C@H]34)[C@@H]2C1
ZINC000001481766,CN[C@@H](C)CC1CCCC1
ZINC000001481966,CCN(CCCc1ccccc1)CCCc1ccccc1
ZINC000001482164,CC(C)[C@@H]1CC[C@@H](C)C[C@H]1O
ZINC000001529208,CC(C)=CCC/C(C)=C/C=O
ZINC000001529210,CC(C)=CCC/C(C)=C/CO
ZINC000001529277,C1CCNCC1
ZINC000001529322,CCCC[C@H](N)C(=O)O
ZINC000001529368,CC(C)C[C@H](NC(=O)CN)C(=O)O
ZINC000001529427,OC/C=C/c1ccccc1
ZINC000001529532,O=S(=O)(O)NC1CCCCC1
ZINC000001530467,C=Cc1cncc2c1CCOC2=O
ZINC000001530575,COc1cc(CNC(=O)CCCC/C=C/C(C)C)ccc1O
ZINC000001530604,O=C(O)c1cc(=O)c2cc(OC[C@@H](O)COc3cccc4oc(C(=O)O)cc(=O)c34)ccc2o1
ZINC000001530605,O=C(O)c1cc(=O)c2cc(OC[C@H](O)COc3cccc4oc(C(=O)O)cc(=O)c34)ccc2o1
ZINC000001530613,CCN(CC)CCOC(=O)C1(C2CCCCC2)CCCCC1
ZINC000001530636,N=C(N)Nc1nc(CSCCC(=N)NS(N)(=O)=O)cs1
ZINC000001530652,CCN(CCO)CCC[C@@H](C)Nc1ccnc2cc(Cl)ccc12
ZINC000001530654,CCN(CCO)CCC[C@H](C)Nc1ccnc2cc(Cl)ccc12
ZINC000001530701,CCCC(C)(COC(N)=O)COC(N)=O
ZINC000001530705,CC(=O)OCC(COC(C)=O)OC(C)=O
ZINC000001530706,CCC(=O)C(C[C@@H](C)N(C)C)(c1ccccc1)c1ccccc1
ZINC000001530707,CCC(=O)C(C[C@H](C)N(C)C)(c1ccccc1)c1ccccc1
ZINC000001530710,CN1C(=O)OC(C)(C)C1=O
ZINC000001530728,CN/C(=C\[N+](=O)[O-])NCCSCc1ccc(CN(C)C)o1
ZINC000001530756,CCN(CC)CCNC(=O)c1ccc(N)cc1
ZINC000001530757,CCN(CC)CCOC(=O)c1ccc(N)cc1
ZINC000001530759,CCCNC[C@H](O)COc1ccccc1C(=O)CCc1ccccc1
ZINC000001530760,CCCNC[C@@H](O)COc1ccccc1C(=O)CCc1ccccc1
ZINC000001530763,CCC(=O)O[C@](Cc1ccccc1)(c1ccccc1)[C@@H](C)CN(C)C
ZINC000001530767,CCC(=O)O[C@@](Cc1ccccc1)(c1ccccc1)[C@@H](C)CN(C)C
ZINC000001530768,CCC(=O)O[C@@](Cc1ccccc1)(c1ccccc1)[C@H](C)CN(C)C
ZINC000001530769,CCC(=O)O[C@](Cc1ccccc1)(c1ccccc1)[C@H](C)CN(C)C
ZINC000001530775,N=C(N)c1ccc(OCCCCCOc2ccc(C(=N)N)cc2)cc1
ZINC000001530776,CC(=O)CCCCn1c(=O)c2c(ncn2C)n(C)c1=O
ZINC000001530811,CCCCNc1ccc(C(=O)OCCN(C)C)cc1
ZINC000001530820,C[N+](C)(C)CCOC(=O)CCC(=O)OCC[N+](C)(C)C
ZINC000001530877,O=C(O)c1ccccc1C(=O)Nc1ccc(S(=O)(=O)Nc2nccs2)cc1
ZINC000001530932,CC[N+](C)(CC)CCOC(=O)C1c2ccccc2Oc2ccccc21
ZINC000001530938,CCN(CC)CCOC(=O)c1ccc(N)cc1Cl
ZINC000001530950,CCC[C@@](C)(COC(N)=O)COC(=O)NC(C)C
ZINC000001530951,CCC[C@](C)(COC(N)=O)COC(=O)NC(C)C
ZINC000001531127,O=C(/C=C/c1ccc(O)cc1)Nc1ccc(O)cc1C(=O)O
ZINC000001531601,CC(C)=CCC[C@@H](C)CCO
ZINC000001531610,CC(=O)OC/C=C(\C)CCC=C(C)C
ZINC000001531669,COc1ccc(-c2cc(=O)c3c(OC)c(OC)c(OC)c(OC)c3o2)cc1OC
ZINC000001531698,COc1ccc(-c2cc(=O)c3c(OC)c(OC)c(OC)cc3o2)cc1OC
ZINC000001531699,COc1ccc(-c2cc(=O)c3c(OC)c(OC)c(OC)c(OC)c3o2)cc1
ZINC000001532172,CCCOC(=O)c1cc(O)c(O)c(O)c1
ZINC000001532246,CC(C)=CCC[C@H](C)CCO
ZINC000001532522,NCCCC[C@H](N)C(=O)O
ZINC000001532525,N=C(N)NCCC[C@H](N)C(=O)O
ZINC000001532585,Cc1cc2nc3c(=O)[nH]c(=O)nc-3n(C[C@@H](O)[C@@H](O)[C@@H](O)CO)c2cc1C
ZINC000001532739,OC[C@]1(O)OC[C@H](O)[C@@H](O)[C@@H]1O
ZINC000001532740,O=C(O)[C@@H](O)[C@H](O)[C@@H](O)[C@H](O)C(=O)O
ZINC000001532881,COc1cc(/C=C/C(=O)O[C@H]2O[C@@H](CO)[C@H](O)[C@@H](O)[C@@H]2O)cc(OC)c1O
ZINC000001549593,O=C(O)[C@H](O)[C@H](O)[C@@H](O)[C@@H](O)C(=O)O
ZINC000001557164,N[C@H](Cc1c[nH]c2ccccc12)C(=O)N[C@H](Cc1c[nH]c2ccccc12)C(=O)O
ZINC000001557594,O=C1N[C@@H](Cc2ccccc2)C(=O)N2CCC[C@@H]12
ZINC000001561960,CC(C)CCC[C@H](C)CCO
ZINC000001564489,CC(C)[C@@H]1NC(=O)[C@@H]2CCCN2C1=O
ZINC000001569529,NCC(=O)N[C@@H](Cc1ccccc1)C(=O)O
ZINC000001570252,CC(C)C[C@H](N)C(=O)N[C@@H](Cc1c[nH]c2ccccc12)C(=O)O
ZINC000001570253,CC(C)C[C@@H](N)C(=O)N[C@@H](Cc1c[nH]c2ccccc12)C(=O)O
ZINC000001570254,CC(C)C[C@H](N)C(=O)N[C@H](Cc1c[nH]c2ccccc12)C(=O)O
ZINC000001570255,CC(C)C[C@@H](N)C(=O)N[C@H](Cc1c[nH]c2ccccc12)C(=O)O
ZINC000001571009,CC(C)(C)CC(C)(C)c1ccc(OCCOCC[N+](C)(C)Cc2ccccc2)cc1
ZINC000001576166,N[C@@H](CCC(=O)O)C(=O)N[C@@H](Cc1c[nH]c2ccccc12)C(=O)O
ZINC000001577054,O=S(=O)(O)c1ccc(O)cc1
ZINC000001577208,CCCCC[C@@H](C)O
ZINC000001583681,C=C[C@@H]1CNCC[C@@H]1CCC(=O)c1ccnc2ccc(OC)cc12
ZINC000001583682,C=C[C@@H]1CNCC[C@H]1CCC(=O)c1ccnc2ccc(OC)cc12
ZINC000001583683,C=C[C@H]1CNCC[C@H]1CCC(=O)c1ccnc2ccc(OC)cc12
ZINC000001583795,CC(C)=CCC/C(C)=C/COC=O
ZINC000001583796,O=COC/C=C/c1ccccc1
ZINC000001584050,CC(C)CC(=O)OCCc1ccccc1
ZINC000001585150,O=[N+]([O-])c1ccc2c(c1)C(O)=NS2(=O)=O
ZINC000001586316,CCC(=O)OCCC(C)C
ZINC000001594591,CN(C)C=S
ZINC000001597265,CC(=O)OCCCc1ccccc1
ZINC000001597267,O=COCCc1ccccc1
ZINC000001597766,COC(C)=O
ZINC000001599733,O=C(/C=C/c1ccc(O)c(O)c1)O[C@@H]1C[C@](O)(C(=O)O)C[C@H](O)[C@H]1O
ZINC000001601437,CC[N+](CC)(CC(=O)Nc1c(C)cccc1C)Cc1ccccc1
ZINC000001605474,N[C@H](CCC(=O)O)C(=O)N[C@@H](Cc1ccc(O)cc1)C(=O)O
ZINC000001605475,N[C@H](CCC(=O)O)C(=O)N[C@H](Cc1ccc(O)cc1)C(=O)O
ZINC000001605476,N[C@@H](CCC(=O)O)C(=O)N[C@@H](Cc1ccc(O)cc1)C(=O)O
ZINC000001605477,N[C@@H](CCC(=O)O)C(=O)N[C@H](Cc1ccc(O)cc1)C(=O)O
ZINC000001613339,CCCCCCCCCC/C=C/C=O
ZINC000001614326,CCOC(=O)/C=C/c1ccc(O)c(O)c1
ZINC000001629943,O=C1N[C@@H](Cc2ccc(O)cc2)C(=O)N2CCC[C@@H]12
ZINC000001631228,CCCCCCCCCOC(C)=O
ZINC000001641013,CCCC[C@H](O)CC
ZINC000001648253,CCOC=O
ZINC000001648266,OCc1ccco1
ZINC000001648279,Cc1ccc(F)cc1
ZINC000001648322,CCOC(=O)CC(O)(CC(=O)OCC)C(=O)OCC
ZINC000001665564,N=C(N)c1ccc(OCCCOc2ccc(C(=N)N)cc2)cc1
ZINC000001669521,CCC(=O)OCC(COC(=O)CC)OC(=O)CC
ZINC000001672766,CC(C)CNCCOC(=O)c1cccc(N)c1
ZINC000001672808,CCCCCCC(C)=O
ZINC000001672862,N#CCCCC#N
ZINC000001674783,CS(=O)(=O)OCCCNCCCOS(C)(=O)=O
ZINC000001676954,NC(=O)OCCCc1ccccc1
ZINC000001677786,C=C[C@@](C)(CCC=C(C)C)OC=O
ZINC000001677808,CCC(=O)OC/C=C(\C)CCC=C(C)C
ZINC000001678359,CN(C)CCC[N+]1([O-])c2ccccc2CCc2ccccc21
ZINC000001680000,CCC(Br)(CC)C(N)=O
ZINC000001680788,CC(C)(O)Cc1ccccc1
ZINC000001680868,CCOc1ccc2nccc([C@H](O)[C@H]3C[C@H]4CCN3C[C@H]4CC)c2c1
ZINC000001682358,c1ccnnc1
ZINC000001683094,C[N+](C)(C)CCCCC[N+](C)(C)C
ZINC000001683479,CCCCCCOC(C)=O
ZINC000001683616,C[C@H]1CCC[C@@H](C)N1
ZINC000001683658,CC(=O)NC(N)=S
ZINC000001686357,CC1(C)[C@H]2CC[C@]1(C)C(=O)[C@@H]2S(=O)(=O)O
ZINC000001686993,CCCCCCCCCO
ZINC000001687017,C=CCN=C=S
ZINC000001687319,OCCCCCO
ZINC000001687400,CC(C)C(=O)OCCCc1ccccc1
ZINC000001689527,O=C1c2ccc(O)cc2O[C@H](c2ccc(O)c(O)c2)[C@H]1O
ZINC000001689528,O=C1c2ccc(O)cc2O[C@@H](c2ccc(O)c(O)c2)[C@@H]1O
ZINC000001689529,O=C1c2ccc(O)cc2O[C@H](c2ccc(O)c(O)c2)[C@@H]1O
ZINC000001691388,CCNC(N)=S
ZINC000001692449,C=C[C@H](O)CC
ZINC000001695364,CCN(CC)CC(C)(C)COC(=O)c1ccc(N)cc1
ZINC000001697400,CCCOC(=O)CC
ZINC000001697403,CCCOC(C)=O
ZINC000001700069,O=[N+]([O-])c1cccc2ccccc12
ZINC000001707332,CC/C=C(\C)C1(CC)C(=O)NC(=O)NC1=O
ZINC000001713761,O=C(CCNNC(=O)c1ccncc1)NCc1ccccc1
ZINC000001715842,COc1cc2c(cc1O)[C@H](Cc1ccc(OC)c(OC)c1)N(C)CC2
ZINC000001718840,CCCCOC(=O)CCC(C)=O
ZINC000001724775,C=C(C)CCC[C@H](C)CCOC(C)=O
ZINC000001724776,C=C(C)CCC[C@@H](C)CCOC(C)=O
ZINC000001757854,O=S(=O)(O)c1ccccc1O
ZINC000001769096,Cc1cc2nc3c(=O)[nH]c(=O)nc-3n(C[C@H](O)[C@H](O)[C@@H](O)CO)c2cc1C
ZINC000001846531,C=CCC1(C(C)(C)CC)C(=O)NC(=O)NC1=O
ZINC000001846590,CC(=O)N(C)N(C(=O)C(=O)N(C)C)c1ccccc1
ZINC000001846633,CCOCc1c(O)c(C(=O)O)c(C)c2c1OC(=O)c1c(C)cc(O)c(C=O)c1O2
ZINC000001849532,COc1cccc([C@]2(O)CCCC[C@@H]2CN(C)C)c1
ZINC000001850071,CCC(=O)OC(C)(C)[C@@H]1CC=C(C)CC1
ZINC000001850073,CCC(=O)OC(C)(C)[C@H]1CC=C(C)CC1
ZINC000001850623,C[C@@H](Cc1ccccc1)NCCC#N
ZINC000001850625,C[C@H](Cc1ccccc1)NCCC#N
ZINC000001850644,CC1=CC[C@@H](C(C)(C)OC(=O)c2ccccc2N)CC1
ZINC000001850645,CC1=CC[C@H](C(C)(C)OC(=O)c2ccccc2N)CC1
ZINC000001850957,CCCOC(=O)/C=C/c1ccco1
ZINC000001850974,CC1(C)[C@H]2CC[C@](C)(C2)[C@@H]1O
ZINC000001850996,C=C(C)CCC[C@H](C)CCOC=O
ZINC000001850997,C=C(C)CCC[C@@H](C)CCOC=O
ZINC000001851023,C=C[C@](C)(CCC=C(C)C)OC=O
ZINC000001851030,CCC(=O)OC/C=C(/C)CCC=C(C)C
ZINC000001865982,CC(C)C[C@H](NC(=O)[C@H](N)Cc1c[nH]c2ccccc12)C(=O)O
ZINC000001867144,C[C@H](O)CCO
ZINC000001883067,O=[N+]([O-])c1cc([N+](=O)[O-])c(O)c([N+](=O)[O-])c1
ZINC000001998378,C[C@H]([C@@H](O)c1ccccc1)N(C)C/C=C/c1ccccc1
ZINC000001999384,CC[C@H](NC)c1ccccc1OC
ZINC000001999385,CC[C@@H](NC)c1ccccc1OC
ZINC000002003566,CCCCC[C@H](C)O
ZINC000002003567,CCCC[C@@H](O)CC
ZINC000002005550,C=CCC1([C@@H](C)CCC)C(=O)NC(=O)NC1=O
ZINC000002008885,C=C[C@H](O)C#CC#C[C@@H](O)/C=C/CCCCCCC
ZINC000002009976,CC1=CC(O)=NS(=O)(=O)O1
ZINC000002013424,O=C(O)[C@@H](O)[C@@H](O)[C@@H](O)[C@H](O)C(=O)O
ZINC000002015652,COc1cccc([C@@]2(O)CCCC[C@H]2CN(C)C)c1
ZINC000002015725,C[C@@H]([C@H](O)c1ccccc1)N(C)C/C=C/c1ccccc1
ZINC000002015900,Cc1ccc(N(CC2=NCCN2)c2ccc(O)cc2)cc1
ZINC000002016043,CCc1ccc(C(=O)[C@@H](C)CN2CCCC2)cc1
ZINC000002018980,C[C@@H](CN(C)C)[C@](C)(O)Cc1ccc(Cl)cc1
ZINC000002018981,C[C@@H](CN(C)C)[C@@](C)(O)Cc1ccc(Cl)cc1
ZINC000002018982,C[C@H](CN(C)C)[C@@](C)(O)Cc1ccc(Cl)cc1
ZINC000002020491,C[C@@H](NC(=O)[C@@H](N)CC(=O)O)C(=O)NC1C(C)(C)SC1(C)C
ZINC000002020519,C=C[C@@H]1CN2CC[C@H]1C[C@H]2[C@H](O)c1ccnc2ccc(OC)cc12
ZINC000002022074,S=C=NCCc1ccccc1
ZINC000002025687,C[C@H](CC(C)(C)O)O[C@@H](O)C(Cl)(Cl)Cl
ZINC000002027185,C=C(Br)C[C@@]1(C(C)C)C(=O)NC(=O)N(C)C1=O
ZINC000002031573,CCC(=O)OC(C)C
ZINC000002033589,COc1cc([C@H]2Oc3cc([C@H]4Oc5cc(O)cc(O)c5C(=O)[C@@H]4O)ccc3O[C@@H]2CO)ccc1O
ZINC000002033818,N[C@H](Cc1c[nH]c2ccccc12)C(=O)N[C@@H](Cc1ccccc1)C(=O)O
ZINC000002033819,N[C@@H](Cc1c[nH]c2ccccc12)C(=O)N[C@@H](Cc1ccccc1)C(=O)O
ZINC000002034403,C=C[C@@H](O)CC
ZINC000002034415,CCCC[C@@H](N)C(=O)O
ZINC000002034780,CCCOC(=O)CC(C)C
ZINC000002034893,CC[C@@](C)(CN(C)C)OC(=O)c1ccccc1
ZINC000002038219,CCOC(=O)c1cc(OC)c(O)c(OC)c1
ZINC000002038251,CC(C)=CCC/C(C)=C/COC(=O)CC(C)C
ZINC000002038252,CC(C)=CCC/C(C)=C\COC(=O)CC(C)C
ZINC000002038847,CC1=CC[C@@H](C(C)(C)OC=O)CC1
ZINC000002038848,CC1=CC[C@H](C(C)(C)OC=O)CC1
ZINC000002039644,Cc1cc(OCCOCC[N+](C)(C)Cc2ccccc2)ccc1C(C)(C)CC(C)(C)C
ZINC000002039910,C=CS(=O)C=C
ZINC000002040148,CCNC[C@H](O)c1cccc(O)c1
ZINC000002040149,CCNC[C@@H](O)c1cccc(O)c1
ZINC000002040978,CCC(=O)OCC[C@@H](C)CCC=C(C)C
ZINC000002040979,CCC(=O)OCC[C@H](C)CCC=C(C)C
ZINC000002041004,CCN(CC)CC(C)(C)COC(=O)[C@@H](CO)c1ccccc1
ZINC000002041005,CCN(CC)CC(C)(C)COC(=O)[C@H](CO)c1ccccc1
ZINC000002041067,CC(C)CNCC(C)C
ZINC000002041068,CCCOC=O
ZINC000002041097,C[C@@H](O)CCO
ZINC000002041115,CC(C)CCC[C@@H](C)CCO
ZINC000002041152,CN[C@H](C)CC1CCCC1
ZINC000002041276,CCC(Br)(CC)C(=O)NC(=O)NC(C)=O
ZINC000002041282,O[C@](CCN1CCCCC1)(c1ccccc1)C1CCCC1
ZINC000002041285,C=CCC1([C@@H]2C=CCC2)C(=O)NC(=O)NC1=O
ZINC000002041360,CN1C(=O)NC(=O)[C@@](C)(C2=CCCCC2)C1=O
ZINC000002083329,O=C1CCC[C@@H]2[C@H]3CCCN4CCC[C@@H](CN12)[C@@H]34
ZINC000002138728,O=C(/C=C/c1ccc(O)c(O)c1)O[C@@H]1C[C@](O)(C(=O)O)C[C@@H](O)[C@H]1O
ZINC000002154251,COc1ccc2ccc(=O)oc2c1C[C@H]1OC1(C)C
ZINC000002154253,COc1ccc2ccc(=O)oc2c1C[C@@H]1OC1(C)C
ZINC000002169830,Nc1ncnc2c1ncn2[C@@H]1O[C@H](CO)[C@@H](O)[C@H]1O
ZINC000002384722,O=C=NCCc1ccccc1
ZINC000002384787,N[C@@H](CCC(=O)N[C@@H](Cc1ccc(O)cc1)C(=O)O)C(=O)O
ZINC000002390944,CC(C)C[C@H](NC(=O)[C@@H](N)Cc1ccccc1)C(=O)O
ZINC000002510358,O=C1NC(=O)C(c2ccccc2)(c2ccccc2)N1
ZINC000002516269,CCCCCCCCCC(=O)OC[C@H](O)CO
ZINC000002522669,CCC(=O)N(c1ccccc1)C1CCN(CCc2ccccc2)CC1
ZINC000002548959,COc1c2occc2cc2ccc(=O)oc12
ZINC000002556665,N[C@@H](Cc1c[nH]c2ccccc12)C(=O)N1CCC[C@@H]1C(=O)O
ZINC000002560357,O=S1(=O)N=C(O)c2ccccc21
ZINC000002561287,COc1cc(O)c(CC=C(C)C)c2c1C(=O)C[C@H](c1ccc(O)cc1)O2
ZINC000002563389,C=C(C)CCC[C@@H](C)CCOC(=O)CC(C)C
ZINC000002566194,COc1ccc(-c2cc(=O)c3c(OC)cc(OC)cc3o2)cc1
ZINC000002572698,N[C@@H](Cc1c[nH]c2ccccc12)C(=O)N1CCC[C@H]1C(=O)O
ZINC000002575127,N[C@@H](Cc1ccccc1)C(=O)N[C@@H](Cc1c[nH]c2ccccc12)C(=O)O
ZINC000002577065,S=C1NCCN1
ZINC000003079337,C[N+](C)(C)CCO
ZINC000003201907,COc1ccc2c(c1)[C@]13CCCC[C@@H]1[C@H](C2)N(C)CC3
ZINC000003201958,C[C@H](COc1ccccc1)N[C@H](C)[C@H](O)c1ccc(O)cc1
ZINC000003581021,O=C(O)[C@H](O)[C@@H](O)[C@@H](O)[C@@H](O)C(=O)O
ZINC000003581355,CC[C@H](C)[C@H](N)C(=O)O
ZINC000003589671,O=C(O)c1cc(Cc2ccc(O)c(C(=O)O)c2)ccc1O
ZINC000003607120,COc1c(N2CCN[C@H](C)C2)c(F)cc2c(=O)c(C(=O)O)cn(C3CC3)c12
ZINC000003628643,CN1CC[C@]23c4c5ccc(O)c4O[C@@H]2[C@@H](O)C=C[C@H]3[C@H]1C5
ZINC000003637160,COc1cc(O)c(CC=C(C)C)c2c1C(=O)C[C@@H](c1ccc(O)cc1)O2
ZINC000003641748,C[C@@H]1CCC[C@@H](C)N1
ZINC000003641749,C[C@H]1CCC[C@H](C)N1
ZINC000003645145,CC(C)C[C@H](N)C(=O)O
ZINC000003650334,Cc1cc2nc3c(=O)[nH]c(=O)nc-3n(C[C@H](O)[C@@H](O)[C@@H](O)CO)c2cc1C
ZINC000003651680,CC[C@@H](C)C1(CC)C(=O)NC(=O)NC1=O
ZINC000003779067,COc1ccc2cc3[n+](cc2c1OC)CCc1cc2c(cc1-3)OCO2
ZINC000003781682,O=C(C[S@](=O)Cc1ccco1)NC/C=C\COc1cc(CN2CCCCC2)ccn1
ZINC000003782486,COCC(=O)O[C@]1(CCN(C)CCCc2nc3ccccc3[nH]2)CCc2cc(F)ccc2[C@@H]1C(C)C
ZINC000003791297,CCOC(=O)[C@H](CCc1ccccc1)N[C@@H](C)C(=O)N1CCC[C@H]1C(=O)O
ZINC000003802189,CC/C=C\C/C=C\C/C=C\CCCCCCCC(=O)O
ZINC000003809490,NCCS(=O)(=O)O
ZINC000003812983,CN1CC[C@]23c4c5ccc(O)c4O[C@H]2[C@@H](O)C=C[C@H]3[C@H]1C5
ZINC000003830347,C=CCC1(CC(C)C)C(=O)NC(=O)NC1=O
ZINC000003830405,Cc1nnc(SCC2=C(C(=O)O)N3C(=O)[C@@H](NC(=O)Cn4cnnn4)[C@H]3SC2)s1
ZINC000003830406,Cc1nnc(SCC2=C(C(=O)O)N3C(=O)[C@@H](NC(=O)Cn4cnnn4)[C@@H]3SC2)s1
ZINC000003830407,Cc1nnc(SCC2=C(C(=O)O)N3C(=O)[C@H](NC(=O)Cn4cnnn4)[C@H]3SC2)s1
ZINC000003830408,Cc1nnc(SCC2=C(C(=O)O)N3C(=O)[C@H](NC(=O)Cn4cnnn4)[C@@H]3SC2)s1
ZINC000003830458,COCC1=C(C(=O)O[C@@H](C)OC(=O)OC(C)C)N2C(=O)[C@H](NC(=O)/C(=N/OC)c3csc(N)n3)[C@@H]2SC1
ZINC000003830460,COCC1=C(C(=O)O[C@@H](C)OC(=O)OC(C)C)N2C(=O)[C@H](NC(=O)/C(=N/OC)c3csc(N)n3)[C@H]2SC1
ZINC000003830530,C[C@@H](CC(C)(C)O)O[C@H](O)C(Cl)(Cl)Cl
ZINC000003830531,C[C@H](CC(C)(C)O)O[C@H](O)C(Cl)(Cl)Cl
ZINC000003830532,C[C@@H](CC(C)(C)O)O[C@@H](O)C(Cl)(Cl)Cl
ZINC000003830879,OC[C@]1(O)OC[C@@H](O)[C@@H](O)[C@@H]1O
ZINC000003830910,CN1C(=O)NC(=O)[C@](C)(C2=CCCCC2)C1=O
ZINC000003830938,C[C@H](I)[C@@H]1OC[C@H](CO)O1
ZINC000003830939,C[C@@H](I)[C@@H]1OC[C@H](CO)O1
ZINC000003830940,C[C@H](I)[C@H]1OC[C@H](CO)O1
ZINC000003830962,CN(C)/C=N/c1c(I)cc(I)c(CCC(=O)O)c1I
ZINC000003830969,C[C@@H](COc1ccccc1)N[C@@H](C)[C@H](O)c1ccc(O)cc1
ZINC000003830970,C[C@H](N[C@H](C)COc1ccccc1)[C@H](O)c1ccc(O)cc1
ZINC000003830971,C[C@@H](COc1ccccc1)N[C@H](C)[C@H](O)c1ccc(O)cc1
ZINC000003831106,CCC1(CC)C(=O)NC[C@@H](C)C1=O
ZINC000003831107,CCC1(CC)C(=O)NC[C@H](C)C1=O
ZINC000003831125,COCC(=O)O[C@@]1(CCN(C)CCCc2nc3ccccc3[nH]2)CCc2cc(F)ccc2[C@@H]1C(C)C
ZINC000003831403,C=C[C@H]1CN2CC[C@H]1C[C@H]2[C@@H](O)c1ccnc2ccc(OC)cc12
ZINC000003831404,C=C[C@H]1CN2CC[C@H]1C[C@H]2[C@H](O)c1ccnc2ccc(OC)cc12
ZINC000003831405,C=C[C@H]1CN2CC[C@H]1C[C@@H]2[C@@H](O)c1ccnc2ccc(OC)cc12
ZINC000003831484,O=C1OC(c2ccc(O)c(S(=O)(=O)O)c2)(c2ccc(O)c(S(=O)(=O)O)c2)c2c(Br)c(Br)c(Br)c(Br)c21
ZINC000003831557,CC1(C)O[C@@H]2CO[C@@]3(COS(N)(=O)=O)OC(C)(C)O[C@@H]3[C@@H]2O1
ZINC000003831558,CC1(C)O[C@H]2CO[C@@]3(COS(N)(=O)=O)OC(C)(C)O[C@@H]3[C@@H]2O1
ZINC000003831559,CC1(C)O[C@@H]2CO[C@]3(COS(N)(=O)=O)OC(C)(C)O[C@@H]3[C@@H]2O1
ZINC000003831560,CC1(C)O[C@H]2CO[C@]3(COS(N)(=O)=O)OC(C)(C)O[C@@H]3[C@@H]2O1
ZINC000003831581,O=C1N(Cc2ccccc2)[C@@H]2C[S@@+]3CCC[C@@H]3[C@@H]2N1Cc1ccccc1
ZINC000003831582,O=C1N(Cc2ccccc2)[C@H]2C[S@@+]3CCC[C@@H]3[C@@H]2N1Cc1ccccc1
ZINC000003831583,O=C1N(Cc2ccccc2)[C@@H]2C[S@+]3CCC[C@@H]3[C@@H]2N1Cc1ccccc1
ZINC000003831584,O=C1N(Cc2ccccc2)[C@H]2C[S@+]3CCC[C@@H]3[C@@H]2N1Cc1ccccc1
ZINC000003833821,C[C@]12C[C@H](O)[C@H]3[C@@H](CCC4=CC(=O)C=C[C@@]43C)[C@@H]1CC[C@]2(O)C(=O)CO
ZINC000003847505,OCc1ccccc1O[C@@H]1O[C@H](CO)[C@@H](O)[C@H](O)[C@H]1O
ZINC000003860309,O=C1CCCCCCC1
ZINC000003860382,O=C(O)c1cc(I)cc(I)c1O
ZINC000003860441,O=c1ccc2cc(O[C@@H]3O[C@H](CO)[C@@H](O)[C@H](O)[C@H]3O)c(O)cc2o1
ZINC000003860577,CC(C)[C@H]1CC[C@@H](C)CC1=O
ZINC000003860635,O=C(O)[C@@H](O)[C@@H](O)[C@H](O)[C@H](O)C(=O)O
ZINC000003860775,O=C1CCCc2ccccc21
ZINC000003860823,O=c1c2ccccc2oc2ccccc12
ZINC000003860825,COC(=O)[C@H]1[C@@H](O)CC[C@H]2CN3CCc4c([nH]c5ccccc45)[C@@H]3C[C@@H]21
ZINC000003860869,C[C@H](CCC(=O)O)[C@H]1CC[C@H]2[C@@H]3C(=O)C[C@@H]4CC(=O)CC[C@]4(C)[C@H]3CC(=O)[C@@]21C
ZINC000003860906,CCCC(=O)OCC(COC(=O)CCC)OC(=O)CCC
ZINC000003861095,OC[C@@]1(O)OC[C@@H](O)[C@@H](O)[C@@H]1O
ZINC000003861133,COc1cc2c(cc1OC)[C@@]13CCN4CC5=CCO[C@@H]6CC(=O)N2[C@H]1[C@H]6[C@H]5C[C@H]43
ZINC000003861134,COc1cc2c(cc1OC)[C@@]13CCN4CC5=CCO[C@@H]6CC(=O)N2[C@@H]1[C@H]6[C@H]5C[C@H]43
ZINC000003861550,C[C@]12CC[C@H]3[C@@H](CC[C@H]4C[C@H](O)CC[C@@]43C)[C@@H]1CCC2=O
ZINC000003861737,OC[C@@]1(O)OC[C@H](O)[C@@H](O)[C@@H]1O
ZINC000003861770,CN(CC(=O)O)C(=N)N
ZINC000003869607,O=C(/C=C\c1ccc(O)cc1)c1ccc(O)cc1O
ZINC000003869608,O=C(/C=C/c1ccc(O)cc1)c1ccc(O)cc1O
ZINC000003869685,O=c1c(O)c(-c2ccc(O)c(O)c2)oc2cc(O)cc(O)c12
ZINC000003869768,O=c1c(O)c(-c2ccc(O)cc2)oc2cc(O)cc(O)c12
ZINC000003869855,O=c1oc2ccccc2c(O)c1Cc1c(O)c2ccccc2oc1=O
ZINC000003870336,Oc1cc(O)c2c(c1)O[C@H](c1cc(O)c(O)c(O)c1)[C@H](O)C2
ZINC000003870412,O=C(O[C@@H]1Cc2c(O)cc(O)cc2O[C@@H]1c1cc(O)c(O)c(O)c1)c1cc(O)c(O)c(O)c1
ZINC000003871576,O=c1cc(-c2ccc(O)cc2)oc2cc(O)cc(O)c12
ZINC000003871804,O=C(/C=C\c1ccc(O)c(O)c1)c1ccc(O)cc1O
ZINC000003871891,CC(C)c1cc2c(c(O)c1O)[C@@]13CCCC(C)(C)[C@@H]1C[C@@H]2OC3=O
ZINC000003871989,CC[C@H]1CN2CCc3cc(OC)c(OC)cc3[C@@H]2C[C@@H]1C[C@H]1NCCc2cc(O)c(OC)cc21
ZINC000003872049,OC(O)C(Cl)(Cl)Cl
ZINC000003872070,O=c1cc(-c2ccccc2)oc2cc(O)cc(O)c12
ZINC000003872170,C[C@H]1C[C@H](C)C(=O)[C@H]([C@H](O)CC2CC(=O)NC(=O)C2)C1
ZINC000003873058,O=C(C[S@](=O)Cc1ccco1)NC/C=C/COc1cc(CN2CCCCC2)ccn1
ZINC000003873059,O=C(C[S@@](=O)Cc1ccco1)NC/C=C/COc1cc(CN2CCCCC2)ccn1
ZINC000003873156,CCn1cc(C(=O)O)c(=O)c2cc(F)c(N3CCN[C@H](C)C3)c(F)c21
ZINC000003873157,CCn1cc(C(=O)O)c(=O)c2cc(F)c(N3CCN[C@@H](C)C3)c(F)c21
ZINC000003874019,S=C(Nc1ccccc1)Nc1ccccc1
ZINC000003874317,O=c1c(O)c(-c2cc(O)c(O)c(O)c2)oc2cc(O)cc(O)c12
ZINC000003874580,CCN(CC)CCOCCOC(=O)C(CC)(CC)c1ccccc1
ZINC000003874950,C=CCC1([C@H](C)CCC)C(=O)NC(=O)NC1=O
ZINC000003875039,CCCCC1(COC(=O)CCC(=O)O)C(=O)N(c2ccccc2)N(c2ccccc2)C1=O
ZINC000003875332,C[C@@H]1C[C@H]2[C@@H]3CCC4=CC(=O)C=C[C@]4(C)[C@@]3(F)[C@@H](O)C[C@]2(C)[C@@]1(O)C(=O)CO
ZINC000003875357,C[C@]12CC(=O)[C@H]3[C@@H](CCC4=CC(=O)C=C[C@@]43C)[C@@H]1CC[C@]2(O)C(=O)CO
ZINC000003875408,O=C(CCc1ccc(O)cc1)c1c(O)cc(O)cc1O[C@@H]1O[C@H](CO)[C@@H](O)[C@H](O)[C@H]1O
ZINC000003875485,C=CCC1([C@H]2C=CCC2)C(=O)NC(=O)NC1=O
ZINC000003875487,CCC1(CC)C(=O)CCNC1=O
ZINC000003875603,NC(=S)Nc1cccc2ccccc12
ZINC000003875629,COc1cc(C)ccc1O
ZINC000003875720,NC(=S)Nc1ccccc1
ZINC000003875768,C=CCNC(N)=S
ZINC000003875968,CCCCCCC1(CC)C(=O)NC(=O)NC1=O
ZINC000003881368,OC[C@@H]1CCCN2CCCC[C@H]12
ZINC000003881558,O=c1c(O)c(-c2ccc(O)cc2O)oc2cc(O)cc(O)c12
ZINC000003881680,C=C[C@H]1CN2CC[C@H]1C[C@@H]2[C@@H](O)c1ccnc2ccccc12
ZINC000003881689,CC1=C2[C@H]3OC(=O)[C@@H](C)[C@@H]3CC[C@@]2(C)C=CC1=O
ZINC000003881797,C=C1CC[C@H]2[C@@](C)(CC[C@@H](O)[C@@]2(C)CO)[C@@H]1C/C=C1/C(=O)OC[C@H]1O
ZINC000003881918,C[C@@H]1C[C@H]2OC(=O)[C@@]3(C)CCC[C@@](C)([C@@H]23)[C@@]1(O)CCc1ccoc1
ZINC000003914808,C[C@H](CCC(=O)O)[C@H]1CC[C@H]2[C@H]3[C@H](CC[C@@]21C)[C@@]1(C)CC[C@@H](O)C[C@H]1C[C@H]3O
ZINC000003914809,C[C@H](CCC(=O)O)[C@H]1CC[C@H]2[C@@H]3[C@@H](O)C[C@@H]4C[C@H](O)CC[C@]4(C)[C@H]3CC[C@@]21C
ZINC000003917773,C=C1C(=O)O[C@@H]2[C@H]1CC[C@H](C)[C@]1(O)C=CC(=O)[C@@]21C
ZINC000003947475,O=C(/C=C/c1ccc(O)c(O)c1)O[C@@H]1C[C@](O)(C(=O)O)C[C@H](O)[C@@H]1O
ZINC000003956734,O=[N+]([O-])c1ccccc1O[C@@H]1O[C@H](CO)[C@@H](O)[C@H](O)[C@H]1O
ZINC000003973018,CCCCC/C=C\C/C=C\CCCCCCCC(=O)C[C@H](O)COC(C)=O
ZINC000003978028,CCC[C@@H]1C[C@@H](C(=O)N[C@H]([C@@H](C)Cl)[C@H]2O[C@H](SC)[C@H](O)[C@@H](O)[C@H]2O)N(C)C1
ZINC000003978029,CCC[C@@H]1C[C@@H](C(=O)N[C@@H]([C@@H](C)Cl)[C@H]2O[C@H](SC)[C@H](O)[C@@H](O)[C@H]2O)N(C)C1
ZINC000003978498,C#CCCCCCCCCCCC[C@H](O)C[C@H](O)COC(C)=O
ZINC000003978503,O=C(O[C@@H]1Cc2c(O)cc(O)cc2O[C@@H]1c1ccc(O)c(O)c1)c1cc(O)c(O)c(O)c1
ZINC000003978633,COC1=C[C@@H](C)[C@@H]2C[C@H]3OC(=O)C[C@H]4C(C)=C(OC)C(=O)[C@H]([C@@]2(C)C1=O)[C@@]34C
ZINC000003979023,C#CCCCCCCCCCCC[C@H](O)C[C@H](O)CO
ZINC000003979024,C#CCCCCCCCCCCC[C@@H](O)C[C@H](O)CO
ZINC000003979026,C#CCCCCCCCCCCC[C@H](O)C[C@@H](O)CO
ZINC000003979027,C#CCCCCCCCCCCC[C@@H](O)C[C@@H](O)CO
ZINC000003979032,C=CCCCCCCCCCCC[C@@H](O)C[C@@H](O)COC(C)=O
ZINC000003979034,C=CCCCCCCCCCCC[C@@H](O)C[C@H](O)COC(C)=O
ZINC000003979035,C=CCCCCCCCCCCC[C@H](O)C[C@@H](O)COC(C)=O
ZINC000003979036,C=CCCCCCCCCCCC[C@H](O)C[C@H](O)COC(C)=O
ZINC000003979050,C=CCCCCCCCCCCC[C@H](O)C[C@H](O)CO
ZINC000003979051,C=CCCCCCCCCCCC[C@@H](O)C[C@H](O)CO
ZINC000003979053,C=CCCCCCCCCCCC[C@H](O)C[C@@H](O)CO
ZINC000003979055,C=CCCCCCCCCCCC[C@@H](O)C[C@@H](O)CO
ZINC000003982136,C=C[C@H]1[C@H](O[C@@H]2O[C@H](CO)[C@@H](O)[C@H](O)[C@H]2OC(=O)c2c(O)cc(O)cc2-c2cccc(O)c2)OC=C2C(=O)OCC[C@H]21
ZINC000003982483,CCC[C@@H]1C[C@@H](C(=O)N[C@H]([C@@H](C)O)[C@H]2O[C@H](SC)[C@H](O)[C@@H](O)[C@H]2O)N(C)C1
ZINC000003984017,CC(C)(C#N)O[C@@H]1O[C@H](CO)[C@@H](O)[C@H](O)[C@H]1O
ZINC000003995861,CC(C)(O)[C@H]1[C@@H]2C(=O)O[C@H]1[C@H]1OC(=O)[C@@]34O[C@@H]3C[C@]2(O)[C@@]14C
ZINC000003999904,CCOc1ccc2nccc([C@@H](O)[C@@H]3C[C@@H]4CCN3C[C@@H]4CC)c2c1
ZINC000004019716,C=C1c2cccc(O)c2C(O)=C2C(=O)[C@]3(O)C(O)=C(C(N)=O)C(=O)[C@@H](N(C)C)[C@@H]3[C@@H](O)[C@H]12
ZINC000004023243,CC(C)C[C@@H]1NC(=O)[C@@H]2CCCN2C1=O
ZINC000004025583,CC(C)[C@@H]1NC(=O)[C@H](C(C)C)NC1=O
ZINC000004026203,CC(C)C[C@@H]1NC(=O)[C@H](Cc2ccccc2)NC1=O
ZINC000004026502,O=C1CNC(=O)[C@H](Cc2ccccc2)N1
ZINC000004026870,C=C1C[C@H](O)[C@H]2C(=C)C(=O)O[C@@H]2[C@H]2[C@H](C)C(=O)C[C@@H]12
ZINC000004027246,COc1cc2ccc(=O)oc2c(O[C@@H]2O[C@H](CO)[C@@H](O)[C@H](O)[C@H]2O)c1O
ZINC000004027427,O=Cc1ccccc1O[C@@H]1O[C@H](CO)[C@@H](O)[C@H](O)[C@H]1O
ZINC000004038341,CCC[C@@H]1C[C@@H](C(=O)N[C@H]([C@H](C)Cl)[C@H]2O[C@H](SC)[C@H](O)[C@@H](O)[C@H]2O)N(C)C1
ZINC000004064351,CC1=C2[C@H]3OC(=O)[C@@H](C)[C@@H]3CC[C@@]2(C)[C@H](O)CC1
ZINC000004081510,COc1cc(C=O)ccc1O[C@@H]1O[C@H](CO)[C@@H](O)[C@H](O)[C@H]1O
ZINC000004095564,O=C(O[C@@H]1O[C@H](CO)[C@@H](O)[C@H](O)[C@H]1O)c1cc(O)c(O)c(O)c1
ZINC000004095850,COc1cc(O)c2c(c1)C[C@@H](C)OC2=O
ZINC000004095887,OC[C@H]1O[C@@H](Oc2ccccc2)[C@H](O)[C@@H](O)[C@H]1O
ZINC000004096022,OC[C@H]1O[C@@H](Oc2ccccc2)[C@H](O)[C@@H](O)[C@@H]1O
ZINC000004096134,CC1(C)O[C@H]2CC(=O)OC[C@@]23[C@H]1CC(=O)[C@]1(C)[C@@H]3CC[C@@]2(C)[C@H](c3ccoc3)OC(=O)[C@H]3O[C@]321
ZINC000004096644,O=C(O)/C=C/c1ccccc1O[C@@H]1O[C@H](CO)[C@@H](O)[C@H](O)[C@H]1O
ZINC000004097187,C[C@@H]1[C@H]2CC[C@H]3[C@@H]4CC=C5C[C@@H](N(C)C)CC[C@]5(C)[C@H]4CC[C@@]32CN1C
ZINC000004097188,C[C@H]1[C@H]2CC[C@H]3[C@@H]4CC=C5C[C@@H](N(C)C)CC[C@]5(C)[C@H]4CC[C@]23CN1C
ZINC000004097383,CC(=O)O[C@H]1C[C@@H]2CC[C@@H]3[C@H](CC[C@@]4(C)[C@H]3C[C@H]([N+]3(C)CCCCC3)[C@@H]4OC(C)=O)[C@@]2(C)C[C@@H]1[N+]1(C)CCCCC1
ZINC000004097481,OC[C@H]1O[C@@H](OC[C@H]2O[C@@H](O)[C@H](O)[C@@H](O)[C@@H]2O)[C@H](O)[C@@H](O)[C@@H]1O
ZINC000004097581,C=C[C@H](O)C/C(=N/OS(=O)(=O)O)S[C@@H]1O[C@H](CO)[C@@H](O)[C@H](O)[C@H]1O
ZINC000004097583,C=CC/C(=N/OS(=O)(=O)O)S[C@@H]1O[C@H](CO)[C@@H](O)[C@H](O)[C@H]1O
ZINC000004097785,COC1=C[C@@H](C)[C@@H]2C[C@H]3O[C@@H](O)C[C@H]4C(C)=C(OC)C(=O)[C@H]([C@@]2(C)C1=O)[C@@]34C
ZINC000004097786,COC1=C[C@@H](C)[C@@H]2C[C@H]3O[C@H](O)C[C@H]4C(C)=C(OC)C(=O)[C@H]([C@@]2(C)C1=O)[C@@]34C
ZINC000004097787,CC(=O)O[C@H]1CC(=O)OC(C)(C)[C@@H]2CC(=O)[C@]3(C)[C@H](CC[C@@]4(C)[C@H](c5ccoc5)OC(=O)[C@H]5O[C@]543)[C@@]12C
ZINC000004097789,CC1(C)OC(=O)C=C[C@@]2(C)[C@H]1CC(=O)[C@]1(C)[C@@H]2CC[C@@]2(C)[C@H](c3ccoc3)OC(=O)[C@H]3O[C@]321
ZINC000004097797,CC(=O)OC(C)(C)/C=C/C(=O)[C@](C)(O)[C@H]1[C@H](O)C[C@@]2(C)[C@@H]3CC=C4[C@@H](C[C@H](O)C(=O)C4(C)C)[C@]3(C)C(=O)C[C@]12C
ZINC000004097799,CC(C)(O)/C=C/C(=O)[C@](C)(O)[C@H]1[C@H](O)C[C@@]2(C)[C@@H]3CC=C4[C@@H](C[C@H](O)C(=O)C4(C)C)[C@]3(C)C(=O)C[C@]12C
ZINC000004097803,CC(C)(O)/C=C/C(=O)[C@](C)(O)[C@H]1[C@H](O)C[C@@]2(C)[C@@H]3CC=C4[C@@H](C=C(O)C(=O)C4(C)C)[C@]3(C)C(=O)C[C@]12C
ZINC000004097881,CC(=O)O[C@@H]1C[C@]2(C)[C@H](CC[C@@H](O)[C@]2(C)O)[C@@](C=O)(C[C@@H](O)c2ccoc2)[C@@H]1C
ZINC000004097895,O=C1C[C@@H](c2ccc(O)cc2)Oc2cc(O[C@@H]3O[C@H](CO)[C@@H](O)[C@H](O)[C@H]3O)cc(O)c21
ZINC000004097913,O=c1c(-c2ccc(O)cc2)coc2cc(O[C@@H]3O[C@H](CO)[C@@H](O)[C@H](O)[C@H]3O)cc(O)c12
ZINC000004097967,CC[C@@]12CCCN(CCc3c([nH]c4ccccc34)CC1)C2
ZINC000004097999,CC1=C2C(=CC1)[C@@](C)(O)CC[C@H]1[C@H](C)C(=O)O[C@H]21
ZINC000004098025,CC1=C2[C@H]3OC(=O)[C@@H](C)[C@@H]3[C@@H](O)C[C@@]2(C)C=CC1=O
ZINC000004098037,C=C(C(=O)O[C@H]1C/C(C)=C/CC/C(CO)=C/[C@H]2OC(=O)C(=C)[C@H]12)[C@@H](O)CO
ZINC000004098049,C=C(CO)C(=O)O[C@H]1CC(=C)[C@@H]2C[C@H](O)C(=C)[C@@H]2[C@H]2OC(=O)C(=C)[C@H]12
ZINC000004098120,C=C1C(=O)O[C@@H]2C[C@@H](C)[C@@H]3C=CC(=O)[C@@]3(C)[C@@H](O)[C@H]12
ZINC000004098133,C=C1C(=O)O[C@@H]2[C@H]3C(CO)=CC(=O)C3=C(C)C[C@H](O)[C@@H]12
ZINC000004098166,C=C(C)[C@H]1[C@@H]2C(=O)O[C@H]1[C@H]1OC(=O)[C@@]34O[C@@H]3C[C@]2(O)[C@@]14C
ZINC000004098178,C=C1C(=O)O[C@H]2[C@H]1CC[C@]1(C)[C@@H]2C(C)=CC[C@H]1O
ZINC000004098322,COc1cc([C@@H]2CC(=O)c3c(O)cc(O)cc3O2)ccc1O
ZINC000004098340,C=C[C@@H]1C2=CCOC(=O)C2=CO[C@H]1O[C@@H]1O[C@H](CO)[C@@H](O)[C@H](O)[C@H]1O
ZINC000004098348,C/C=C1/[C@H](O[C@@H]2O[C@H](CO)[C@@H](O)[C@H](O)[C@H]2O)OC=C(C(=O)OC)[C@H]1CC(=O)OCCc1ccc(O)c(O)c1
ZINC000004098354,C=C[C@H]1[C@H](O[C@@H]2O[C@H](CO)[C@@H](O)[C@H](O)[C@H]2O)OC=C2C(=O)OCC[C@]21O
ZINC000004098356,COC(=O)C1=CO[C@@H](O[C@@H]2O[C@H](CO)[C@@H](O)[C@H](O)[C@H]2O)[C@@H]2[C@@H](C)CC(=O)[C@H]12
ZINC000004098408,CC(C)[C@]12CC(=O)[C@H](C)[C@H]1C2
ZINC000004098415,C=C[C@H]1[C@H](O[C@@H]2O[C@H](CO)[C@@H](O)[C@H](O)[C@H]2O)OC=C2C(=O)NCC[C@H]21
ZINC000004098453,C[C@H](CCc1ccc(O)cc1)O[C@@H]1O[C@H](CO)[C@@H](O)[C@H](O)[C@H]1O
ZINC000004098610,O=c1c(-c2ccc(O)cc2)coc2cc(O[C@@H]3O[C@H](CO)[C@@H](O)[C@H](O)[C@H]3O)ccc12
ZINC000004099200,COc1ccnc(C[S@](=O)c2nc3ccc(OC(F)F)cc3[nH]2)c1OC
ZINC000004102229,CCCC(=O)N[C@@H]1CCOC1=O
ZINC000004102230,CCCC(=O)N[C@H]1CCOC1=O
ZINC000004102231,CCCCCC(=O)CC(=O)N[C@H]1CCOC1=O
ZINC000004102435,O=c1c(O[C@@H]2O[C@H](CO)[C@@H](O)[C@H](O)[C@H]2O)c(-c2ccc(O)cc2)oc2cc(O)cc(O)c12
ZINC000004126179,O=[N+]([O-])c1ccc2c(c1)S(=O)(=O)N=C2O
ZINC000004175523,O=C(/C=C/c1ccccc1)c1ccc(O)cc1
ZINC000004201163,OC[C@H]1O[C@@H](Oc2ccc3ccccc3c2)[C@H](O)[C@@H](O)[C@@H]1O
ZINC000004212305,CC1(C)[C@H]2CC[C@]1(C)C(=O)[C@H]2S(=O)(=O)O
ZINC000004213008,O=C(Nc1ccccc1)OC[C@@H](CN1CCCCC1)OC(=O)Nc1ccccc1
ZINC000004213060,COc1ccc2c(c1OC)[C@]13CCN(C)[C@H](C2)[C@]1(O)CC[C@@H](O)C3
ZINC000004213094,CC[C@H]1CN2CCc3cc(OC)c(OC)cc3[C@@H]2C[C@@H]1C[C@@H]1NCCc2cc(OC)c(OC)cc21
ZINC000004213453,C[C@@H](I)[C@@H]1OC[C@@H](CO)O1
ZINC000004213943,C=C(Br)C[C@]1(C(C)C)C(=O)NC(=O)N(C)C1=O
ZINC000004214775,O=C1c2c(O)cccc2[C@@H]([C@@H]2O[C@H](CO)[C@@H](O)[C@H](O)[C@H]2O)c2cc(CO)cc(O)c21
ZINC000004215661,Cc1ccc2c(c1)[C@]13CCCC[C@@H]1[C@H](C2)N(C)CC3
ZINC000004217285,CC1(c2ccccc2)C(=O)NC(=O)NC1=O
ZINC000004217287,CN1CC[C@]23c4c5ccc(OCCN6CCOCC6)c4O[C@H]2[C@@H](O)C=C[C@H]3[C@H]1C5
ZINC000004217476,CC(=O)OC[C@H]1O[C@H](O[C@]2(COC(C)=O)O[C@H](COC(C)=O)[C@@H](OC(C)=O)[C@@H]2OC(C)=O)[C@H](OC(C)=O)[C@@H](OC(C)=O)[C@@H]1OC(C)=O
ZINC000004245650,C[C@@H]1C(=O)O[C@H]2C[C@@]34[C@H]5C[C@@H](C(C)(C)C)[C@]36[C@@H](OC(=O)[C@@H]6O)O[C@@]4(C(=O)O5)[C@]21O
ZINC000004245652,O=C(Nc1ccccc1)OC[C@H](CN1CCCCC1)OC(=O)Nc1ccccc1
ZINC000004252550,O=C(/C=C/c1cccc(O)c1)c1ccccc1O
ZINC000004252698,O=C(/C=C/c1ccc(O)c(O)c1)c1c(O)cc(O)cc1O
ZINC000004252709,O=C(/C=C/c1ccccc1O)c1ccc(O)cc1O
ZINC000004252715,O=C(/C=C/c1ccc(O)cc1)c1cc(O)ccc1O
ZINC000004258316,Cn1cnc([N+](=O)[O-])c1Sc1ncnc2nc[nH]c12
ZINC000004261816,COc1cc2c(cc1OC)[C@@]13CCN4CC5=CCO[C@H]6CC(=O)N2[C@@H]1[C@H]6[C@H]5C[C@H]43
ZINC000004262103,CO[C@@H]1O[C@H](CO)[C@@H](O)[C@H](O)[C@H]1O
ZINC000004262348,CCc1cnccn1
ZINC000004349794,COc1cc2c(=O)c(-c3ccc(O)cc3)coc2cc1O[C@@H]1O[C@H](CO)[C@@H](O)[C@H](O)[C@H]1O
ZINC000004365656,CCOc1ccc2nccc([C@H](O)[C@@H]3C[C@@H]4CCN3C[C@@H]4CC)c2c1
ZINC000004416595,CC1=CC(=O)C[C@H](C(C)C)C1
ZINC000004416974,CCN(CC)C[C@H](O)CNc1c2ccc(Cl)cc2nc2ccc(OC)cc12
ZINC000004428529,CC(=O)[C@H]1CC[C@H]2[C@@H]3CCC4=CC(=O)CC[C@]4(C)[C@H]3CC[C@]12C
ZINC000004468725,COCC1=C(C(=O)O[C@H](C)OC(=O)OC(C)C)N2C(=O)[C@@H](NC(=O)/C(=N\OC)c3csc(N)n3)[C@H]2SC1
ZINC000004474564,CC/C=C\C/C=C\C/C=C\C/C=C\C/C=C\C/C=C\CCC(=O)O
ZINC000004521487,CC1(C)[C@@H]2CC[C@@](C)(C2)[C@H]1O
ZINC000004528568,CC(=O)OC/C=C(/C)CCC=C(C)C
ZINC000004544767,COc1cc2ccc(=O)oc2c(O[C@H]2O[C@@H](CO)[C@@H](O)[C@@H](O)[C@@H]2O)c1O
ZINC000004544768,COc1cc2ccc(=O)oc2c(O[C@@H]2O[C@@H](CO)[C@@H](O)[C@@H](O)[C@@H]2O)c1O
ZINC000004556665,CC(C)C[C@H](N)C(=O)N[C@@H](CC(C)C)C(=O)N[C@@H](CC(C)C)C(=O)O
ZINC000004556667,CC(C)C[C@H](N)C(=O)N[C@H](CC(C)C)C(=O)N[C@@H](CC(C)C)C(=O)O
ZINC000004557100,CCCCC/C=C\C/C=C\CCCCCCCC(=O)OC[C@H](O)CO
ZINC000004557101,CCCCC/C=C\C/C=C\CCCCCCCC(=O)OC[C@@H](O)CO
ZINC000004623761,OC/C=C\c1ccccc1
ZINC000004626710,C=C[C@H]1CNCC[C@@H]1CCC(=O)c1ccnc2ccc(OC)cc12
ZINC000004640636,CCCc1cc(=O)[nH]c(=S)[nH]1
ZINC000004654665,OC[C@H]1O[C@H](O[C@]2(CCl)O[C@H](CCl)[C@@H](O)[C@@H]2O)[C@H](O)[C@@H](O)[C@H]1Cl
ZINC000004654795,O=C(C[S@@](=O)Cc1ccco1)NC/C=C\COc1cc(CN2CCCCC2)ccn1
ZINC000004658560,C[C@H](O)C(=O)O
ZINC000004658562,C[C@@H](O)C(=O)O
ZINC000004676424,COc1ccnc(C[S@@](=O)c2nc3ccc(OC(F)F)cc3[nH]2)c1OC
ZINC000004693574,COc1ccc2nc([S@](=O)Cc3ncc(C)c(OC)c3C)[nH]c2c1
ZINC000004693575,COc1ccc2nc([S@@](=O)Cc3ncc(C)c(OC)c3C)[nH]c2c1
ZINC000004716359,CNC(N)=S
ZINC000004726182,CC1(C)[C@@H]2CC[C@@]1(C)C(=O)[C@@H]2S(=O)(=O)O
ZINC000004743013,O=C(O)c1ccc([N+](=O)[O-])c([N+](=O)[O-])c1
ZINC000004802968,NC(=O)N/N=C\c1ccc([N+](=O)[O-])o1
ZINC000004803221,O=C1CCC[C@@H]2[C@H]3C[C@@H](CN12)[C@@H]1C[C@H](O)CCN1C3
ZINC000004811698,CCC1(CCC(C)C)C(=O)NC(=O)NC1=O
ZINC000004899654,C[C@H]1NC(=O)[C@@H]2CCCN2C1=O
ZINC000004899706,C[C@@H]1NC(=O)CNC1=O
ZINC000004899789,N=C(N)NCCC[C@H](NC(=O)[C@@H]1CCCN1)C(=O)O
ZINC000004916495,C[C@]12CC[C@H](O)C[C@H]1CC[C@@H]1[C@@H]2[C@H](O)C[C@]2(C)[C@@H](c3ccc(=O)oc3)CC[C@]12O
ZINC000005037820,Cc1cc(=O)[nH]c(=S)[nH]1
ZINC000005082112,COc1cc2c(cc1O)[C@@H](Cc1ccc(OC)c(OC)c1)N(C)CC2
ZINC000005114363,CC(C)=CCC(=O)[C@@]1(O)C(O)=C(C(=O)C(C)C)C(=O)[C@H]1CC=C(C)C
ZINC000005114367,CC(C)=CCC(=O)[C@]1(O)C(O)=C(C(=O)C(C)C)C(=O)[C@H]1CC=C(C)C
ZINC000005114391,CC(C)=CCC(=O)[C@@]1(O)C(O)=C(C(=O)CC(C)C)C(=O)[C@H]1CC=C(C)C
ZINC000005114398,CC(C)=CCC(=O)[C@]1(O)C(O)=C(C(=O)CC(C)C)C(=O)[C@H]1CC=C(C)C
ZINC000005115034,CC[C@H](C)C(=O)C1=C(O)[C@](O)(C(=O)CC=C(C)C)[C@H](CC=C(C)C)C1=O
ZINC000005115037,CC[C@H](C)C(=O)C1=C(O)[C@@](O)(C(=O)CC=C(C)C)[C@H](CC=C(C)C)C1=O
ZINC000005115855,C[C@@H](Cc1ccccc1)N(C)CCNc1nc2c(c(=O)n(C)c(=O)n2C)n1C
ZINC000005115943,C[C@H](Cc1ccccc1)N(C)CCNc1nc2c(c(=O)n(C)c(=O)n2C)n1C
ZINC000005125148,C=C1C(=O)O[C@H]2[C@H]1CC/C(C)=C\CC[C@@]1(C)O[C@@H]21
ZINC000005127810,O=c1cc[nH]c(=S)[nH]1
ZINC000005132481,C=C1C(=O)O[C@@H]2/C=C(/C)CC[C@@H](O)C(=C)CC[C@@H]12
ZINC000005133576,O=C1CCCCCN1
ZINC000005141311,C=C[C@@H]1CN2CC[C@H]1C[C@@H]2[C@@H](O)c1ccnc2ccc(OC)cc12
ZINC000005158018,C=C[C@H]1[C@H](O[C@@H]2O[C@H](CO)[C@@H](O)[C@H](O)[C@H]2O)OC=C2C(=O)OCC[C@@]21O
ZINC000005158937,COc1cc(O)c(CC=C(C)C)c(O)c1C(=O)/C=C/c1ccc(O)cc1
ZINC000005191431,O=C1CCC[C@@H]2[C@H]3C[C@@H](CN12)[C@@H]1C[C@@H](O)CCN1C3
ZINC000005193039,C=CCC1(CC=C)C(=O)NC(=O)NC1=O
ZINC000005194015,C=CCC1(c2ccccc2)C(=O)NC(=O)NC1=O
ZINC000005195189,C=C(C)[C@H]1[C@H]2C[C@]3(C)[C@]4(CO4)[C@H]4O[C@H]4[C@]3(O)[C@@H]1C(=O)O2
ZINC000005195402,CC(C)=CCC/C(C)=C/CC/C(=C/CC/C(C)=C\CO)CO
ZINC000005223946,CC1=C2[C@@H]3OC(=O)[C@H](C)[C@H]3CC[C@@]2(C)C=CC1=O
ZINC000005224188,CS(C)=O
ZINC000005226611,C=C[C@@H]1CNC(=S)O1
ZINC000005226613,C=C[C@H]1CNC(=S)O1
ZINC000005273905,N[C@H](Cc1c[nH]c2ccccc12)C(=O)N[C@H](Cc1ccccc1)C(=O)O
ZINC000005273906,N[C@@H](Cc1c[nH]c2ccccc12)C(=O)N[C@H](Cc1ccccc1)C(=O)O
ZINC000005276019,C[C@H](CCC(=O)O)[C@H]1CC[C@H]2[C@@H]3C(=O)C[C@H]4CC(=O)CC[C@]4(C)[C@H]3CC(=O)[C@@]21C
ZINC000005282658,C=C1C[C@@H]2OC(=O)C(=C)[C@H]2[C@H](O)/C=C(\C)CC[C@@H]1O
ZINC000005356858,CC(C)(CO)[C@H](O)C(=O)NCCC(=O)O
ZINC000005356910,CC(C)(CO)[C@@H](O)C(=O)NCCC(=O)O
ZINC000005411474,N[C@@H](Cc1c[nH]c2ccccc12)C(=O)N[C@@H](Cc1c[nH]c2ccccc12)C(=O)N[C@@H](Cc1c[nH]c2ccccc12)C(=O)O
ZINC000005447609,CC/C=C(/C)C1(CC)C(=O)NC(=O)NC1=O
ZINC000005480234,C=C1C(=O)O[C@H]2CC(=C)[C@H](O)CC/C(C)=C/[C@@H](O)[C@H]12
ZINC000005493319,C=C1C[C@H](O)[C@H]2C(=C)C(=O)O[C@@H]2[C@@H]2[C@@H](C)C(=O)C[C@@H]12
ZINC000005493320,C=C1C[C@H](O)[C@H]2C(=C)C(=O)O[C@@H]2[C@@H]2[C@H](C)C(=O)C[C@@H]12
ZINC000005493322,C=C1C[C@H](O)[C@H]2C(=C)C(=O)O[C@@H]2[C@H]2[C@@H](C)C(=O)C[C@@H]12
ZINC000005497529,CC1=CC(=O)C[C@@H](C(C)C)C1
ZINC000005514900,CCCCC1(CC)C(=O)NC(=O)NC1=O
ZINC000005534515,CC1=C2[C@@H]3OC(=O)[C@@H](C)[C@@H]3CC[C@@]2(C)C=CC1=O
ZINC000005534601,CC1=C2[C@@H]3OC(=O)[C@@H](C)[C@H]3CC[C@@]2(C)C=CC1=O
ZINC000005599913,COc1ccc2c(c1OC)[C@]13CCN(C)[C@H](C2)[C@]1(O)CC[C@H](O)C3
ZINC000005651051,CC[C@@H](C)C(=O)O[C@@H]1C[C@H](C)CC[C@@H]1C(C)C
ZINC000005651052,CC[C@@H](C)C(=O)O[C@H]1C[C@H](C)CC[C@@H]1C(C)C
ZINC000005651105,C=CCC1([C@H](C)CC)C(=O)NC(=O)NC1=O
ZINC000005651377,CC[C@H](C)C(=O)O[C@@H]1C[C@H](C)CC[C@@H]1C(C)C
ZINC000005651379,CC[C@H](C)C(=O)O[C@H]1C[C@H](C)CC[C@@H]1C(C)C
ZINC000005651434,C=CCC1([C@@H](C)CC)C(=O)NC(=O)NC1=O
ZINC000005651565,CCC1(C2=CCCCC2)C(=O)NC(=O)NC1=O
ZINC000005651594,CCC1(C2=CCCCCC2)C(=O)NC(=O)NC1=O
ZINC000005732375,COc1cc(O)c2c(=O)cc(-c3ccc(O)cc3)oc2c1
ZINC000005751636,C[C@H]([C@H](O)c1ccccc1)N(C)C/C=C/c1ccccc1
ZINC000005760061,CC(C)C[C@@H]1NC(=O)[C@H](C(C)C)NC1=O
ZINC000005761412,CC(C)[C@@H]1NC(=O)[C@@H](Cc2ccccc2)NC1=O
ZINC000005761413,CC(C)[C@@H]1NC(=O)[C@H](Cc2ccccc2)NC1=O
ZINC000005766380,CC1=C(C=O)C(C)(C)C[C@H](O[C@@H]2O[C@H](CO)[C@@H](O)[C@H](O)[C@H]2O)C1
ZINC000005766676,C=C1C(=O)O[C@@H]2[C@H]3C(COC(=O)Cc4ccc(O)cc4)=CC(=O)C3=C(C)C[C@H](O)[C@@H]12
ZINC000005783214,Cc1cccn2c(=O)c(-c3nn[nH]n3)cnc12
ZINC000005784821,O=c1c(O)c(-c2ccc(O)c(O)c2)oc2cc(O)c(O)c(O)c12
ZINC000005842416,O=c1cc(-c2ccc(O)cc2)oc2cc(O)c(O)c(O)c12
ZINC000005848410,CCN(CC)C[C@@H](O)CNc1c2ccc(Cl)cc2nc2ccc(OC)cc12
ZINC000005998557,COc1c(O)cc2oc(-c3ccc(O)c(O)c3)cc(=O)c2c1O
ZINC000005999205,COc1cc2c(=O)c(-c3ccc(O)cc3)coc2cc1O
ZINC000006020637,C[C@H](O)CCOCC[C@@H](C)O
ZINC000006020638,C[C@H](O)CCOCC[C@H](C)O
ZINC000006020761,CNC[C@H](C)C1CCCCC1
ZINC000006021033,C[C@H](N)Cc1ccccc1
ZINC000006021043,CN[C@@H](C)Cc1ccccc1
ZINC000006030256,C[C@@H]([C@H]1CC[C@H]2[C@@H]3CC[C@H]4C[C@@H](N)CC[C@]4(C)[C@H]3CC[C@]12C)N(C)C
ZINC000006030496,CC(C)[C@@H]1NC(=O)[C@@H](C)NC1=O
ZINC000006031603,C[C@H]1C[C@@]23[C@H]4CCCN2CCC[C@@]3(CCC4=O)C1
ZINC000006032324,C[C@@]12C[C@@H](c3ccoc3)OC(=O)[C@@H]1CC[C@]1(C)[C@H]2[C@@H]2C=C[C@@]1(O)C(=O)O2
ZINC000006036443,C[C@@H](O)CCOCC[C@@H](C)O
ZINC000006036579,CNC[C@@H](C)C1CCCCC1
ZINC000006036847,C[C@@H](N)Cc1ccccc1
ZINC000006037250,CC(C)[C@@H]1NC(=O)[C@H](C)NC1=O
ZINC000006037251,C[C@@H]1NC(=O)[C@H](Cc2ccccc2)NC1=O
ZINC000006066742,C[C@@H]1C[C@@]23[C@H]4CCCN2CCC[C@@]3(CCC4=O)C1
ZINC000006069162,Cc1nccc2c1[nH]c1ccccc12
ZINC000006072527,O=C(O)[C@@H](O)[C@@H](O)[C@@H](O)[C@@H](O)C(=O)O
ZINC000006092199,O=c1cc(-c2ccc(O)c(O)c2)oc2cc(O)ccc12
ZINC000006093351,O=c1c(O)c(-c2ccc(O)cc2)oc2cc(O)ccc12
ZINC000006093399,O=c1c(-c2ccc(O)cc2)coc2c(O)c(O)ccc12
ZINC000006095202,O=C(/C=C/c1ccc(O)cc1)Nc1ccccc1C(=O)O
ZINC000006095405,O=S(=O)(O)c1ccccc1OCO
ZINC000006095498,O=c1c(O)c(-c2ccccc2O)oc2cc(O)cc(O)c12
ZINC000006095504,O=c1cc(-c2ccccc2O)oc2cc(O)cc(O)c12
ZINC000006095582,O=C(/C=C/c1ccccc1)O[C@H]1CCN2C[C@@H]3C[C@@H](CN4C(=O)CCC[C@H]34)[C@@H]2C1
ZINC000006116014,OC[C@H]1O[C@H](Oc2ccccc2)[C@H](O)[C@@H](O)[C@@H]1O
ZINC000006205881,CCOC(=O)CC(=O)c1ccccc1
ZINC000006363705,CC(C)(C#N)O[C@H]1O[C@@H](CO)[C@@H](O)[C@@H](O)[C@@H]1O
ZINC000006363708,CC(C)(C#N)O[C@@H]1O[C@@H](CO)[C@@H](O)[C@@H](O)[C@@H]1O
ZINC000006484901,C=C[C@H]1CN2CC[C@@H]1C[C@H]2[C@H](O)c1ccnc2ccc(OC)cc12
ZINC000006525297,O=c1c(O)c(-c2ccc(O)c(O)c2)oc2c(O)c(O)cc(O)c12
ZINC000006536276,O=c1c(O)c(-c2ccc(O)cc2)oc2c(O)c(O)cc(O)c12
ZINC000006627681,COc1cc(Cc2cnc(N)nc2N)cc(OC)c1OC
ZINC000006634471,C=C1C(=O)O[C@H]2[C@H]1CC[C@]1(C)O[C@@]13CC=C(C)[C@@H]23
ZINC000006645452,O=C(O)C(O)(c1ccccc1)c1ccccc1
ZINC000006655700,CCCCCC(=O)N[C@H]1CCOC1=O
ZINC000006661227,N[C@@H](Cc1c[nH]cn1)C(=O)O
ZINC000006661404,N[C@H](Cc1c[nH]cn1)C(=O)O
ZINC000006719014,CC1=C2[C@@H]3OC(=O)[C@H](C)[C@@H]3CC[C@@]2(C)C=CC1=O
ZINC000006845076,CC1=C(/C=C/C(C)=C/C=C/C(C)=C/C=C/C=C(C)/C=C/C=C(C)/C=C/C2=C(C)CCCC2(C)C)C(C)(C)CCC1
ZINC000006845992,CCCCCCCCCCCC[N+](C)(C)CCOc1ccccc1
ZINC000007974994,COc1cc(C=O)ccc1O[C@@H]1O[C@@H](CO)[C@@H](O)[C@@H](O)[C@@H]1O
ZINC000008034931,CC[C@@H]1CN2CCc3cc(OC)c(OC)cc3[C@H]2C[C@@H]1C[C@@H]1NCCc2cc(OC)c(OC)cc21
ZINC000008076670,C[C@@H](O)[C@@H]1NC(=O)[C@@H]2CCCN2C1=O
ZINC000008143604,C[C@@H]1O[C@@H](O[C@H]2[C@H](Oc3cc(O)c4c(c3)O[C@H](c3ccc(O)cc3)CC4=O)O[C@H](CO)[C@@H](O)[C@@H]2O)[C@H](O)[C@H](O)[C@H]1O
ZINC000008143614,C[C@@H]1O[C@@H](O[C@H]2C[C@@H](O)[C@]3(CO)[C@H]4[C@H](O)C[C@]5(C)[C@@H](C6=CC(=O)OC6)CC[C@]5(O)[C@@H]4CC[C@]3(O)C2)[C@H](O)[C@H](O)[C@H]1O
ZINC000008214383,NC[C@@H]1CC[C@@H](N)[C@@H](O[C@@H]2[C@@H](N)C[C@@H](N)[C@H](O[C@H]3O[C@H](CO)[C@@H](O)[C@H](N)[C@H]3O)[C@H]2O)O1
ZINC000008214395,CCCCCCCCCCCCCCCCCC(=O)OC[C@H](O)CO
ZINC000008214476,CC1=C[C@@H]2[C@@H]3[C@@H]4C(=C(C)[C@@H]3[C@]13[C@H]1OC(=O)[C@@H](C)[C@@H]1CC[C@](C)(O)[C@H]23)[C@H]1OC(=O)[C@@H](C)[C@@H]1CC[C@]4(C)O
ZINC000008214514,NC(N)=O
ZINC000008214530,C[C@@H]1O[C@@H](O[C@H]2CC[C@]3(C=O)[C@H]4CC[C@]5(C)[C@@H](C6=CC(=O)OC6)CC[C@]5(O)[C@@H]4CC[C@]3(O)C2)[C@H](O)[C@H](O)[C@H]1O
ZINC000008214607,CCCCCCCCCCCCNC(=O)C[N+](C)(C)Cc1ccccc1
ZINC000008214681,CN[C@@H]1[C@H](O[C@H]2[C@H](O[C@@H]3[C@@H](NC(=N)N)[C@H](O)[C@@H](NC(=N)N)[C@H](O)[C@H]3O)O[C@@H](C)[C@]2(O)C=O)O[C@@H](CO)[C@H](O)[C@H]1O
ZINC000008214684,C[C@H](CCC(=O)NCCS(=O)(=O)O)[C@H]1CC[C@H]2[C@H]3[C@H](C[C@H](O)[C@@]21C)[C@@]1(C)CC[C@@H](O)C[C@H]1C[C@H]3O
ZINC000008220551,C[C@H]1CC[C@@H]2[C@@H](C)[C@H]3[C@H](C[C@H]4[C@@H]5CC=C6C[C@@H](O)CC[C@]6(C)[C@H]5CC[C@@]43C)N2C1
ZINC000008221109,C=C[C@@H](O)C#CC#CC/C=C\CCCCCCC
ZINC000008234302,COc1ccc([C@@H]2CC(=O)c3c(O)cc(O[C@@H]4O[C@H](CO)[C@@H](O)[C@H](O)[C@H]4O[C@@H]4O[C@@H](C)[C@H](O)[C@@H](O)[C@H]4O)cc3O2)cc1O
ZINC000008234320,COc1ccc([C@@H]2CC(=O)c3c(O)cc(O[C@@H]4O[C@H](CO)[C@@H](O)[C@H](O)[C@H]4O[C@@H]4O[C@@H](C)[C@H](O)[C@@H](O)[C@H]4O)cc3O2)cc1
ZINC000008436860,CCCCCCCc1[nH]c2ccccc2c(=O)c1O
ZINC000008445711,CCCCCCCCCCCC(=O)OCCOC[C@H](OCCO)[C@H]1OC[C@@H](OCCO)[C@H]1OCCO
ZINC000008445712,CCCCCCCCCCCC(=O)OCCOC[C@@H](OCCO)[C@H]1OC[C@@H](OCCO)[C@H]1OCCO
ZINC000008445713,CCCCCCCCCCCC(=O)OCCOC[C@H](OCCO)[C@@H]1OC[C@@H](OCCO)[C@H]1OCCO
ZINC000008445714,CCCCCCCCCCCC(=O)OCCOC[C@@H](OCCO)[C@@H]1OC[C@@H](OCCO)[C@H]1OCCO
ZINC000008445715,CCCCCCCC/C=C/CCCCCCCC(=O)OCCOC[C@H](OCCO)[C@H]1OC[C@@H](OCCO)[C@H]1OCCO
ZINC000008445716,CCCCCCCC/C=C/CCCCCCCC(=O)OCCOC[C@@H](OCCO)[C@H]1OC[C@@H](OCCO)[C@H]1OCCO
ZINC000008445717,CCCCCCCC/C=C/CCCCCCCC(=O)OCCOC[C@H](OCCO)[C@@H]1OC[C@@H](OCCO)[C@H]1OCCO
ZINC000008445718,CCCCCCCC/C=C/CCCCCCCC(=O)OCCOC[C@@H](OCCO)[C@@H]1OC[C@@H](OCCO)[C@H]1OCCO
ZINC000008466459,CN[C@H](C)Cc1ccccc1
ZINC000008551223,O=C(O)[C@H](O)[C@@H](O)[C@H](O)[C@@H](O)C(=O)O
ZINC000008552071,C=C(CO)C(=O)O[C@@H]1CC(=C)[C@@H]2C[C@@H](O)C(=C)[C@@H]2[C@@H]2OC(=O)C(=C)[C@H]21
ZINC000008552072,C=C(CO)C(=O)O[C@H]1CC(=C)[C@@H]2C[C@@H](O)C(=C)[C@@H]2[C@@H]2OC(=O)C(=C)[C@@H]12
ZINC000008552073,C=C(CO)C(=O)O[C@@H]1CC(=C)[C@H]2C[C@@H](O)C(=C)[C@@H]2[C@@H]2OC(=O)C(=C)[C@H]21
ZINC000008552074,C=C(CO)C(=O)O[C@H]1CC(=C)[C@H]2C[C@@H](O)C(=C)[C@@H]2[C@@H]2OC(=O)C(=C)[C@@H]12
ZINC000008552162,CCCCCCCCCCCC(=O)OCCOC[C@@H](OCCO)[C@@H]1OC[C@@H](OCCO)[C@@H]1OCCO
ZINC000008552163,CCCCCCCCCCCC(=O)OCCOC[C@H](OCCO)[C@@H]1OC[C@@H](OCCO)[C@@H]1OCCO
ZINC000008552164,CCCCCCCCCCCC(=O)OCCOC[C@@H](OCCO)[C@H]1OC[C@@H](OCCO)[C@@H]1OCCO
ZINC000008552165,CCCCCCCCCCCC(=O)OCCOC[C@H](OCCO)[C@H]1OC[C@@H](OCCO)[C@@H]1OCCO
ZINC000008552166,CCCCCCCC/C=C/CCCCCCCC(=O)OCCOC[C@@H](OCCO)[C@@H]1OC[C@@H](OCCO)[C@@H]1OCCO
ZINC000008552167,CCCCCCCC/C=C/CCCCCCCC(=O)OCCOC[C@H](OCCO)[C@@H]1OC[C@@H](OCCO)[C@@H]1OCCO
ZINC000008552275,CCC[C@@H]1C[C@@H](C(=O)N[C@@H]([C@H](C)Cl)[C@H]2O[C@H](SC)[C@H](O)[C@@H](O)[C@H]2O)N(C)C1
ZINC000008579229,Nc1ncc([N+](=O)[O-])s1
ZINC000008613400,O=COC/C=C\c1ccccc1
ZINC000008681548,O=C(CCc1ccc(O)cc1)c1c(O)cc(O)cc1O[C@H]1O[C@@H](CO)[C@@H](O)[C@H](O)[C@@H]1O
ZINC000008855117,O=c1[nH]cnc2c1ncn2[C@@H]1O[C@H](CO)[C@@H](O)[C@H]1O
ZINC000009133221,CC[C@H](C)C(=O)C1=C(O)C(CC=C(C)C)(CC=C(C)C)C(=O)C(CC=C(C)C)=C1O
ZINC000009212424,C=C[C@@H]1CN2CC[C@H]1C[C@@H]2[C@H](O)c1ccnc2ccc(OC)cc12
ZINC000009302317,C[C@H](COc1ccccc1)N[C@H](C)[C@@H](O)c1ccc(O)cc1
ZINC000011565587,Cc1cc2nc3c(=O)[nH]c(=O)nc-3n(C[C@@H](O)[C@H](O)[C@@H](O)CO)c2cc1C
ZINC000011592626,CCC[C@@H]1C[C@@H](C(=O)N[C@H]([C@@H]2O[C@@H](SC)[C@@H](O)[C@@H](O)[C@@H]2O)[C@@H](C)O)N(C)C1
ZINC000011592627,CCC[C@H]1C[C@@H](C(=O)N[C@H]([C@@H]2O[C@@H](SC)[C@@H](O)[C@@H](O)[C@@H]2O)[C@@H](C)O)N(C)C1
ZINC000011592628,CCC[C@@H]1C[C@H](C(=O)N[C@H]([C@@H]2O[C@@H](SC)[C@@H](O)[C@@H](O)[C@@H]2O)[C@@H](C)O)N(C)C1
ZINC000011592629,CCC[C@H]1C[C@H](C(=O)N[C@H]([C@@H]2O[C@@H](SC)[C@@H](O)[C@@H](O)[C@@H]2O)[C@@H](C)O)N(C)C1
ZINC000011612565,C[C@@]12C[C@@H](c3ccoc3)OC(=O)[C@@H]1CC[C@@]1(C)[C@@H]2[C@H]2C=C[C@]1(O)C(=O)O2
ZINC000011612567,C[C@]12CC[C@H]3C(=O)O[C@H](c4ccoc4)C[C@]3(C)[C@H]1[C@H]1C=C[C@]2(O)C(=O)O1
ZINC000011612569,C[C@@]12C[C@H](c3ccoc3)OC(=O)[C@@H]1CC[C@@]1(C)[C@@H]2[C@H]2C=C[C@]1(O)C(=O)O2
ZINC000011612571,C[C@]12CC[C@H]3C(=O)O[C@@H](c4ccoc4)C[C@]3(C)[C@H]1[C@H]1C=C[C@]2(O)C(=O)O1
ZINC000011615936,COCC1=C(C(=O)O[C@@H](C)OC(=O)OC(C)C)N2C(=O)[C@H](NC(=O)/C(=N\OC)c3csc(N)n3)[C@@H]2SC1
ZINC000011616526,C[C@@H](COc1ccccc1)N[C@@H](C)[C@@H](O)c1ccc(O)cc1
ZINC000011616544,CC(C)=CCC/C(C)=C\CC/C(=C\CC/C(C)=C\CO)CO
ZINC000011616545,CC(C)=CCC/C(C)=C/CC/C(=C\CC/C(C)=C\CO)CO
ZINC000011616546,CC(C)=CCC/C(C)=C\CC/C(=C/CC/C(C)=C\CO)CO
ZINC000011616787,CCOc1ccc2nccc([C@H](O)[C@H]3C[C@@H]4CCN3C[C@@H]4CC)c2c1
ZINC000011678329,C[C@@H]([C@@H](O)c1ccccc1)N(C)C/C=C\c1ccccc1
ZINC000011678336,C[C@H]([C@@H](O)c1ccccc1)N(C)C/C=C\c1ccccc1
ZINC000011679768,CC[C@@H]1CN2CCc3cc(OC)c(OC)cc3[C@@H]2C[C@@H]1C[C@@H]1NCCc2cc(OC)c(OC)cc21
ZINC000012349443,O=C(/C=C\c1ccccc1)c1ccccc1
ZINC000012353732,Oc1ccc(/C=C\c2cc(O)cc(O)c2)cc1
ZINC000012358789,CC(C)=CCC/C(C)=C\C=O
ZINC000012358980,Nc1ccc(N=Nc2ccccc2)c(N)n1
ZINC000012375998,OC(c1ccccc1)(c1ccccc1)C1CCNCC1
ZINC000012405252,CC(C)=CCC/C(C)=C\CO
ZINC000012406278,COc1cc(C=O)ccc1O[C@@H]1O[C@H](CO)[C@@H](O)[C@@H](O)[C@@H]1O
ZINC000012406280,COc1cc(C=O)ccc1O[C@H]1O[C@H](CO)[C@@H](O)[C@@H](O)[C@@H]1O
ZINC000012428433,O=C(/C=C/c1ccc(O)c(O)c1)c1ccc(O)cc1O
ZINC000012496469,CCCCC[C@H](O)[C@@H](O)/C=C/[C@@H](O)CCCCCCCC(=O)O
ZINC000012504147,OC[C@@H]1O[C@@H](OC[C@@H]2O[C@@H](O)[C@@H](O)[C@@H](O)[C@@H]2O)[C@@H](O)[C@@H](O)[C@@H]1O
ZINC000012504148,OC[C@H]1O[C@@H](OC[C@@H]2O[C@@H](O)[C@@H](O)[C@@H](O)[C@@H]2O)[C@@H](O)[C@@H](O)[C@@H]1O
ZINC000012504149,OC[C@@H]1O[C@H](OC[C@@H]2O[C@@H](O)[C@@H](O)[C@@H](O)[C@@H]2O)[C@@H](O)[C@@H](O)[C@@H]1O
ZINC000012504150,OC[C@H]1O[C@H](OC[C@@H]2O[C@@H](O)[C@@H](O)[C@@H](O)[C@@H]2O)[C@@H](O)[C@@H](O)[C@@H]1O
ZINC000013319955,O=C(/C=C\c1ccccc1)c1ccc(O)cc1
ZINC000013327023,CCCCC/C=C\C/C=C\CCCCCCCC(=O)C[C@@H](O)COC(C)=O
ZINC000013327029,CCCCC/C=C\C/C=C\CCCCC/C=C/C(=O)C[C@H](O)COC(C)=O
ZINC000013327031,CCCCC/C=C\C/C=C\CCCCC/C=C/C(=O)C[C@@H](O)COC(C)=O
ZINC000013327071,C=CCCCCCCCCCCCC(=O)C[C@@H](O)COC(C)=O
ZINC000013327073,C=CCCCCCCCCCCCC(=O)C[C@H](O)COC(C)=O
ZINC000013352617,O=C(/C=C/c1ccc(O)c(O)c1)Nc1ccc(O)cc1C(=O)O
ZINC000013352621,COc1cc(/C=C/C(=O)Nc2ccc(O)cc2C(=O)O)ccc1O
ZINC000013413559,C[C@@H]1NC(=O)[C@@H]2CCCN2C1=O
ZINC000013424699,COc1cc2ccc(=O)oc2c(O[C@@H]2O[C@H](CO)[C@@H](O)[C@@H](O)[C@@H]2O)c1O
ZINC000013424931,COc1cc2ccc(=O)oc2c(O[C@H]2O[C@H](CO)[C@@H](O)[C@@H](O)[C@@H]2O)c1O
ZINC000013461250,COc1cc(O)c2c(c1C(=O)/C=C/c1ccc(O)cc1)O[C@H](C(C)(C)O)C2
ZINC000013461252,COc1cc(O)c2c(c1C(=O)/C=C/c1ccc(O)cc1)O[C@@H](C(C)(C)O)C2
ZINC000013508536,CC/C=C/C/C=C\C/C=C\CCCCCCCC(=O)O
ZINC000013508538,CC/C=C\C/C=C/C/C=C\CCCCCCCC(=O)O
ZINC000013508540,CC/C=C/C/C=C/C/C=C\CCCCCCCC(=O)O
ZINC000013512214,Oc1ccccc1O
ZINC000013513541,O=C(CCc1ccc(O)c(O)c1)NCCCCNCCCNC(=O)CCc1ccc(O)c(O)c1
ZINC000013516818,O=C(/C=C\c1ccc(O)c(O)c1)c1c(O)cc(O)cc1O
ZINC000013517187,O=c1[nH]c(=O)c2[nH]cnc2[nH]1
ZINC000013518422,O=c1c(-c2ccccc2)coc2cc(O)ccc12
ZINC000013520048,O=c1cc(-c2cc(O)c(O)c(O)c2)oc2cc(O)cc(O)c12
ZINC000013521018,O=C(CCc1ccc(O)cc1)c1c(O)cc(O)cc1O[C@@H]1O[C@@H](CO)[C@@H](O)[C@H](O)[C@@H]1O
ZINC000013521023,O=C(CCc1ccc(O)cc1)c1c(O)cc(O)cc1O[C@@H]1O[C@H](CO)[C@@H](O)[C@H](O)[C@@H]1O
ZINC000013521027,O=C(CCc1ccc(O)cc1)c1c(O)cc(O)cc1O[C@H]1O[C@H](CO)[C@@H](O)[C@H](O)[C@@H]1O
ZINC000013525757,C=C[C@H](O)C/C(=N\OS(=O)(=O)O)S[C@@H]1O[C@H](CO)[C@@H](O)[C@H](O)[C@H]1O
ZINC000013527691,C=CC/C(=N\OS(=O)(=O)O)S[C@@H]1O[C@H](CO)[C@@H](O)[C@H](O)[C@H]1O
ZINC000013533153,CC(=O)OC[C@@H](OC(C)=O)[C@@H](OC(C)=O)[C@@H](OC(C)=O)[C@H](C=O)OC(C)=O
ZINC000013533156,CC(=O)OC[C@H](OC(C)=O)[C@@H](OC(C)=O)[C@@H](OC(C)=O)[C@H](C=O)OC(C)=O
ZINC000013533159,CC(=O)OC[C@@H](OC(C)=O)[C@H](OC(C)=O)[C@@H](OC(C)=O)[C@H](C=O)OC(C)=O
ZINC000013533165,CC(=O)OC[C@H](OC(C)=O)[C@H](OC(C)=O)[C@@H](OC(C)=O)[C@H](C=O)OC(C)=O
ZINC000013533920,O=C(O)[C@@H](O)[C@H](O)[C@@H](O)[C@@H](O)C(=O)O
ZINC000013540519,C[C@]12C[C@H](O)[C@H]3[C@@H](CCC4=CC(=O)CC[C@@]43C)[C@@H]1CC[C@]2(O)C(=O)CO
ZINC000013541961,N[C@H](Cc1ccccc1)C(=O)N[C@@H](Cc1ccccc1)C(=O)N[C@@H](Cc1ccccc1)C(=O)O
ZINC000013541963,N[C@H](Cc1ccccc1)C(=O)N[C@H](Cc1ccccc1)C(=O)N[C@@H](Cc1ccccc1)C(=O)O
ZINC000013545632,CCC1(CC)C(=O)NC(=O)NC1=O
ZINC000013545634,CCC[C@@H](C)C1(CC)C(=O)NC(=O)NC1=O
ZINC000013545636,CCC[C@H](C)C1(CC)C(=O)NC(=O)NC1=O
ZINC000013548856,O=c1c(-c2ccc(O)cc2)coc2cc(O[C@H]3O[C@H](CO)[C@@H](O)[C@H](O)[C@H]3O)ccc12
ZINC000013549249,CCOC(=O)/C=C\c1ccc(O)cc1
ZINC000013549918,COC(=O)/C=C\c1ccc(O)cc1
ZINC000013550868,C/C(O)=N\c1ccc(O)cc1
ZINC000013585362,C=C1C(=O)O[C@@H]2/C=C(/C)CC/C=C(/C)CC[C@@H]12
ZINC000013585439,C=C1C(=O)O[C@H]2[C@H]1CCC(=C)[C@@H]1C[C@H](OC(C)=O)C(=C)[C@H]21
ZINC000013783744,CC(C)(C#N)O[C@H]1O[C@H](CO)[C@@H](O)[C@@H](O)[C@@H]1O
ZINC000013907151,CC(C)=CCC/C(C)=C/CC/C(=C/CC/C(C)=C/CO)CO
ZINC000014235259,COCC1=C(C(=O)O[C@@H](C)OC(=O)OC(C)C)N2C(=O)[C@@H](NC(=O)/C(=N\OC)c3csc(N)n3)[C@H]2SC1
ZINC000014444078,C[C@@H]1NC(=O)[C@H](Cc2ccc(O)cc2)NC1=O
ZINC000014487457,O=C(/C=C/c1ccccc1)O[C@@H]1CCN2C[C@@H]3C[C@@H](CN4C(=O)CCC[C@H]34)[C@@H]2C1
ZINC000014487459,O=C(/C=C\c1ccccc1)O[C@@H]1CCN2C[C@@H]3C[C@@H](CN4C(=O)CCC[C@H]34)[C@@H]2C1
ZINC000014487461,O=C(/C=C\c1ccccc1)O[C@H]1CCN2C[C@@H]3C[C@@H](CN4C(=O)CCC[C@H]34)[C@@H]2C1
ZINC000014491387,CC(C)(C#N)O[C@@H]1O[C@H](CO)[C@@H](O)[C@@H](O)[C@@H]1O
ZINC000014497971,CC1=C2[C@@H]3OC(=O)[C@H](C)[C@@H]3[C@@H](O)C[C@@]2(C)C=CC1=O
ZINC000014497974,CC1=C2[C@@H]3OC(=O)[C@@H](C)[C@@H]3[C@@H](O)C[C@@]2(C)C=CC1=O
ZINC000014497976,CC1=C2[C@@H]3OC(=O)[C@H](C)[C@H]3[C@@H](O)C[C@@]2(C)C=CC1=O
ZINC000014497979,CC1=C2[C@@H]3OC(=O)[C@@H](C)[C@H]3[C@@H](O)C[C@@]2(C)C=CC1=O
ZINC000014498766,C=C1C(=O)O[C@H]2[C@H]1CCC(C)=C1C(=O)C=C(COS(=O)(=O)O)[C@H]12
ZINC000014500937,C=C1C(=O)O[C@H]2C[C@@H](C)[C@H]3C=CC(=O)[C@@]3(C)[C@H](O)[C@@H]12
ZINC000014500939,C=C1C(=O)O[C@H]2C[C@H](C)[C@H]3C=CC(=O)[C@@]3(C)[C@H](O)[C@@H]12
ZINC000014500942,C=C1C(=O)O[C@@H]2C[C@@H](C)[C@H]3C=CC(=O)[C@@]3(C)[C@H](O)[C@@H]12
ZINC000014500945,C=C1C(=O)O[C@@H]2C[C@H](C)[C@H]3C=CC(=O)[C@@]3(C)[C@H](O)[C@@H]12
ZINC000014503196,C[C@@H](CCc1ccc(O)cc1)O[C@@H]1O[C@@H](CO)[C@@H](O)[C@@H](O)[C@@H]1O
ZINC000014503199,C[C@H](CCc1ccc(O)cc1)O[C@@H]1O[C@@H](CO)[C@@H](O)[C@@H](O)[C@@H]1O
ZINC000014503201,C[C@@H](CCc1ccc(O)cc1)O[C@H]1O[C@@H](CO)[C@@H](O)[C@@H](O)[C@@H]1O
ZINC000014503204,C[C@H](CCc1ccc(O)cc1)O[C@H]1O[C@@H](CO)[C@@H](O)[C@@H](O)[C@@H]1O
ZINC000014504862,O=C(O)/C=C/c1ccccc1O[C@@H]1O[C@@H](CO)[C@@H](O)[C@H](O)[C@@H]1O
ZINC000014504865,O=C(O)/C=C/c1ccccc1O[C@@H]1O[C@H](CO)[C@@H](O)[C@H](O)[C@@H]1O
ZINC000014509609,O[C@@H]1CCCN2C[C@@H]3C[C@@H](CN4CCCC[C@@H]34)[C@@H]12
ZINC000014509612,O[C@H]1CCCN2C[C@@H]3C[C@@H](CN4CCCC[C@@H]34)[C@@H]12
ZINC000014511410,CC1=C(C=O)C(C)(C)C[C@@H](O[C@@H]2O[C@@H](CO)[C@@H](O)[C@@H](O)[C@@H]2O)C1
ZINC000014511413,CC1=C(C=O)C(C)(C)C[C@H](O[C@@H]2O[C@@H](CO)[C@@H](O)[C@@H](O)[C@@H]2O)C1
ZINC000014511416,CC1=C(C=O)C(C)(C)C[C@@H](O[C@H]2O[C@@H](CO)[C@@H](O)[C@@H](O)[C@@H]2O)C1
ZINC000014511419,CC1=C(C=O)C(C)(C)C[C@H](O[C@H]2O[C@@H](CO)[C@@H](O)[C@@H](O)[C@@H]2O)C1
ZINC000014517398,O=S(=O)(O)O/N=C(\Cc1c[nH]c2ccccc12)S[C@@H]1O[C@@H](CO)[C@@H](O)[C@H](O)[C@@H]1O
ZINC000014517401,O=S(=O)(O)O/N=C(\Cc1c[nH]c2ccccc12)S[C@@H]1O[C@H](CO)[C@@H](O)[C@H](O)[C@@H]1O
ZINC000014557879,COc1cc2c(c(O)c1C(=O)/C=C/c1ccc(O)cc1)C=CC(C)(C)O2
ZINC000014557891,COc1cc2c(c(O)c1C(=O)/C=C/c1ccc(O)cc1)C[C@H](O)C(C)(C)O2
ZINC000014557894,COc1cc2c(c(O)c1C(=O)/C=C/c1ccc(O)cc1)C[C@@H](O)C(C)(C)O2
ZINC000014588967,CC1=CC[C@H](C(C)(C)OC(=O)CC(C)C)CC1
ZINC000014588968,CC1=CC[C@@H](C(C)(C)OC(=O)CC(C)C)CC1
ZINC000014613609,COC1=C[C@@H](C)[C@@H]2C[C@@H]3O[C@@H](O)C[C@@H]4C(C)=C(OC)C(=O)[C@H]([C@@]2(C)C1=O)[C@@]34C
ZINC000014613610,COC1=C[C@H](C)[C@@H]2C[C@@H]3O[C@@H](O)C[C@@H]4C(C)=C(OC)C(=O)[C@H]([C@@]2(C)C1=O)[C@@]34C
ZINC000014613611,COC1=C[C@@H](C)[C@H]2C[C@@H]3O[C@@H](O)C[C@@H]4C(C)=C(OC)C(=O)[C@@H]([C@@]34C)[C@@]2(C)C1=O
ZINC000014613612,COC1=C[C@H](C)[C@H]2C[C@@H]3O[C@@H](O)C[C@@H]4C(C)=C(OC)C(=O)[C@@H]([C@@]34C)[C@@]2(C)C1=O
ZINC000014655816,CC(C)(O)[C@H]1[C@@H]2C(=O)O[C@H]1[C@@H]1OC(=O)[C@]34O[C@H]3C[C@@]2(O)[C@]14C
ZINC000014655819,CC(C)(O)[C@@H]1[C@@H]2C(=O)O[C@H]1[C@@H]1OC(=O)[C@]34O[C@H]3C[C@@]2(O)[C@]14C
ZINC000014679996,C/C=C/c1cc(OC)ccc1OC(=O)[C@H](C)CC
ZINC000014679998,C/C=C/c1cc(OC)ccc1OC(=O)[C@@H](C)CC
ZINC000014680002,C/C=C\c1ccc(OC)c(OC)c1
ZINC000014684594,CC[C@]12CCCN(CCc3c([nH]c4ccccc34)CC1)C2
ZINC000014690713,C=C1[C@H]2CC[C@H](C2)[C@]1(C)CC/C=C(/C)COC(C)=O
ZINC000014690715,C=C1[C@H]2CC[C@H](C2)[C@@]1(C)CC/C=C(/C)COC(C)=O
ZINC000014727502,COc1c(CC=C(C)C)c(O)c(CC=C(C)C)c(O)c1C(=O)/C=C/c1ccc(O)cc1
ZINC000014762520,COc1cc(O)c(CCC(C)(C)O)c(O)c1C(=O)/C=C/c1ccc(O)cc1
ZINC000014762524,COc1cc(O)c(C[C@@H](O)C(C)(C)O)c(O)c1C(=O)/C=C/c1ccc(O)cc1
ZINC000014762526,COc1cc(O)c(C[C@H](O)C(C)(C)O)c(O)c1C(=O)/C=C/c1ccc(O)cc1
ZINC000014762528,COc1cc(O)c(C[C@@H](O)C(C)(C)OC)c(O)c1C(=O)/C=C/c1ccc(O)cc1
ZINC000014762530,COc1cc(O)c(C[C@H](O)C(C)(C)OC)c(O)c1C(=O)/C=C/c1ccc(O)cc1
ZINC000014762532,C=C(C)[C@H](O)Cc1c(O)cc(OC)c(C(=O)/C=C/c2ccc(O)cc2)c1O
ZINC000014762534,C=C(C)[C@@H](O)Cc1c(O)cc(OC)c(C(=O)/C=C/c2ccc(O)cc2)c1O
ZINC000014768621,NC(=N/CCCCCC/N=C(N)/N=C(\N)Nc1ccc(Cl)cc1)/N=C(/N)Nc1ccc(Cl)cc1
ZINC000014858724,C=C[C@@H]1[C@H](O[C@@H]2O[C@@H](CO)[C@@H](O)[C@H](O)[C@@H]2O)OC=C2C(=O)NCC[C@H]21
ZINC000014858725,C=C[C@@H]1[C@H](O[C@@H]2O[C@H](CO)[C@@H](O)[C@H](O)[C@@H]2O)OC=C2C(=O)NCC[C@H]21
ZINC000014858726,C=C[C@@H]1[C@H](O[C@H]2O[C@@H](CO)[C@@H](O)[C@H](O)[C@@H]2O)OC=C2C(=O)NCC[C@H]21
ZINC000014858727,C=C[C@@H]1[C@H](O[C@H]2O[C@H](CO)[C@@H](O)[C@H](O)[C@@H]2O)OC=C2C(=O)NCC[C@H]21
ZINC000014950848,CC[C@H](C)[C@@H]1NC(=O)[C@@H]2CCCN2C1=O
ZINC000014951244,N=C(N)NC(=N)Nc1ccccc1
ZINC000015058628,C=C1[C@@H](O)CC/C(C)=C\[C@@H]2OC(=O)[C@H](C)[C@@H]2C[C@H]1OC(C)=O
ZINC000015059912,C=C1C[C@H](O)[C@H]2C(=C)C(=O)O[C@H]2[C@@H]2[C@@H](C)C(=O)C[C@@H]12
ZINC000015059914,C=C1C(=O)O[C@@H]2[C@H]1[C@@H](O)CC(=C)[C@@H]1CC(=O)[C@@H](C)[C@H]21
ZINC000015060024,C=C(CO)C(=O)O[C@@H]1CC(=C)[C@@H]2CC(=O)C(=C)[C@@H]2[C@@H]2OC(=O)C(=C)[C@H]21
ZINC000015110381,C=C1C(=O)O[C@@H]2[C@H]3C(CO)=CC(=O)C3=C(C)C[C@H](OC(=O)Cc3ccc(O)cc3)[C@@H]12
ZINC000015110395,C=C1C(=O)O[C@@H]2[C@H]3C(COC(=O)C(=O)O)=CC(=O)C3=C(C)C[C@H](OC(=O)Cc3ccc(O)cc3)[C@@H]12
ZINC000015120477,CC(C)=CCC/C(C)=C\COC=O
ZINC000015150941,CC[C@@H]1CN2CCc3cc(OC)c(OC)cc3[C@@H]2C[C@@H]1C[C@@H]1NCCc2cc(O)c(OC)cc21
ZINC000015150944,CC[C@H]1CN2CCc3cc(OC)c(OC)cc3[C@@H]2C[C@@H]1C[C@@H]1NCCc2cc(O)c(OC)cc21
ZINC000015251259,O=C(O[C@@H]1O[C@@H](CO)[C@@H](O)[C@H](O)[C@@H]1O)c1cc(O)c(O)c(O)c1
ZINC000015251264,O=C(O[C@@H]1O[C@H](CO)[C@@H](O)[C@H](O)[C@@H]1O)c1cc(O)c(O)c(O)c1
ZINC000015251267,O=C(O[C@H]1O[C@@H](CO)[C@@H](O)[C@H](O)[C@@H]1O)c1cc(O)c(O)c(O)c1
ZINC000015251270,O=C(O[C@H]1O[C@H](CO)[C@@H](O)[C@H](O)[C@@H]1O)c1cc(O)c(O)c(O)c1
ZINC000015657766,CC(=O)OC[C@H]1O[C@@H](Oc2cc(O)c3c(=O)c(-c4ccc(O)cc4)coc3c2)[C@H](O)[C@@H](O)[C@@H]1O
ZINC000015848249,C[C@H](I)[C@@H]1OC[C@@H](CO)O1
ZINC000015848250,C[C@@H](I)[C@H]1OC[C@@H](CO)O1
ZINC000015848251,C[C@H](I)[C@H]1OC[C@@H](CO)O1
ZINC000015951916,COC1=CC=C2Nc3cc(Cl)ccc3C(N=C3C=C(CN4CCCC4)C(=O)C(CN4CCCC4)=C3)=C2N1
ZINC000017197643,O=C(/C=C\c1ccccc1O)c1ccc(O)cc1O
ZINC000017328280,O=C(/C=C\c1cccc(O)c1)c1ccccc1O
ZINC000017654674,COc1cc2c3cc1OCc1c(O)c(OC)cc4c1[C@@H](Cc1ccc(cc1)Oc1cc(ccc1O)C[C@@H]3N(C)CC2)N(C)CC4
ZINC000017654676,COc1cc2c3cc1OCc1c(O)c(OC)cc4c1[C@H](Cc1ccc(cc1)Oc1cc(ccc1O)C[C@@H]3N(C)CC2)N(C)CC4
ZINC000017970372,CC(=O)Nc1ccc(/C=N/NC(N)=S)cc1
ZINC000018043251,Cn1c(=O)c2[nH]cnc2n(C)c1=O
ZINC000018153302,O=c1[nH]cnc2[nH]cnc12
ZINC000018167382,C=CCC1(C(C)C)C(=O)NC(=O)NC1=O
ZINC000018167404,C=C(Br)CC1([C@H](C)CC)C(=O)NC(=O)NC1=O
ZINC000018185774,O=c1cc(-c2ccc(O)c(O)c2)oc2cc(O)cc(O)c12
ZINC000018191874,C=C(Br)CC1([C@@H](C)CC)C(=O)NC(=O)NC1=O
ZINC000018202635,C=C(Br)CC1(C(C)C)C(=O)NC(=O)NC1=O
ZINC000018825330,O=c1c(-c2ccc(O)cc2)coc2cc(O)cc(O)c12
ZINC000018847034,O=c1c(-c2ccc(O)cc2)coc2cc(O)ccc12
ZINC000018847036,COc1ccc(-c2coc3cc(O)ccc3c2=O)cc1
ZINC000018847037,COc1ccc(-c2coc3cc(O)cc(O)c3c2=O)cc1
ZINC000018847040,CCN(CC)CCC[C@@H](C)Nc1c2ccc(Cl)cc2nc2ccc(OC)cc12
ZINC000018847041,CCN(CC)CCC[C@H](C)Nc1c2ccc(Cl)cc2nc2ccc(OC)cc12
ZINC000018847043,Nc1ccc(/N=N\c2ccccc2)c(N)n1
ZINC000018847044,COc1cc(O)c2c(=O)c(-c3ccc(O)cc3)coc2c1
ZINC000019014866,Nc1c2c(nc3ccccc13)CCCC2
ZINC000019144226,CCN(CC)CCC[C@@H](C)Nc1ccnc2cc(Cl)ccc12
ZINC000019144231,CCN(CC)CCC[C@H](C)Nc1ccnc2cc(Cl)ccc12
ZINC000019313075,CCOC(=O)c1c(N)sc2c1CCN(Cc1ccccc1)C2
ZINC000019362721,CCO[C@H](CN1CCN(C[C@H](C)C(=O)c2ccccc2)CC1)c1ccccc1
ZINC000019362722,CCO[C@@H](CN1CCN(C[C@H](C)C(=O)c2ccccc2)CC1)c1ccccc1
ZINC000019364222,OCCOCCN1CCN([C@@H](c2ccccc2)c2ccc(Cl)cc2)CC1
ZINC000019364224,OCCOCCN1CCN([C@H](c2ccccc2)c2ccc(Cl)cc2)CC1
ZINC000019364229,O=C(O)COCCN1CCN([C@@H](c2ccccc2)c2ccc(Cl)cc2)CC1
ZINC000019364230,O=C(O)COCCN1CCN([C@H](c2ccccc2)c2ccc(Cl)cc2)CC1
ZINC000019418974,COc1ccc2c(c1OC)C(=O)O[C@@H]2[C@H]1c2c(cc3c(c2OC)OCO3)CCN1C
ZINC000019594549,CCn1cc(C(=O)O)c(=O)c2cc(F)c(N3CCNCC3)nc21
ZINC000019632927,CN1CCN(CC(=O)N2c3ccccc3C(=O)Nc3cccnc32)CC1
ZINC000022033872,CCO[C@H](CN1CCN(C[C@@H](C)C(=O)c2ccccc2)CC1)c1ccccc1
ZINC000022033882,CCO[C@@H](CN1CCN(C[C@@H](C)C(=O)c2ccccc2)CC1)c1ccccc1
ZINC000022462882,Cc1ccccc1CN1CCN(CCO[C@H](c2ccccc2)c2ccccc2Cl)CC1
ZINC000022463301,CC(C)=CCC/C(C)=C/CC/C(C)=C/CN1CCN(Cc2ccc3c(c2)OCO3)CC1
ZINC000022588434,Cc1ccccc1CN1CCN(CCO[C@@H](c2ccccc2)c2ccccc2Cl)CC1
ZINC000022851787,CC(C)=CCC/C(C)=C\CC/C(C)=C\CN1CCN(Cc2ccc3c(c2)OCO3)CC1
ZINC000022851788,CC(C)=CCC/C(C)=C/CC/C(C)=C\CN1CCN(Cc2ccc3c(c2)OCO3)CC1
ZINC000022851789,CC(C)=CCC/C(C)=C\CC/C(C)=C/CN1CCN(Cc2ccc3c(c2)OCO3)CC1
ZINC000025669570,C=C(C)CCC[C@H](C)CCOC(=O)CC(C)C
ZINC000027849754,O=C(Cn1c(=O)sc2ccc(Cl)cc21)N1CCN(CCO)CC1
ZINC000028243677,CO[C@@](C)(CO)[C@H]1CC=C(/C=N/O)CC1
ZINC000028243685,CO[C@](C)(CO)[C@H]1CC=C(/C=N/O)CC1
ZINC000028243692,CO[C@@](C)(CO)[C@@H]1CC=C(/C=N/O)CC1
ZINC000028243698,CO[C@](C)(CO)[C@@H]1CC=C(/C=N/O)CC1
ZINC000028243986,CO[C@@H](C)C1=CCC=C(/C=N/O)C1
ZINC000028243992,CO[C@H](C)C1=CCC=C(/C=N/O)C1
ZINC000028243999,CO[C@@H](C)[C@@H]1CCC=C(/C=N/O)C1
ZINC000028244007,CO[C@H](C)[C@@H]1CCC=C(/C=N/O)C1
ZINC000028244015,CO[C@@H](C)[C@H]1CCC=C(/C=N/O)C1
ZINC000028244021,CO[C@H](C)[C@H]1CCC=C(/C=N/O)C1
ZINC000028245088,COC[C@@](C)(O)[C@H]1CC=C(/C=N/O)CC1
ZINC000028245094,COC[C@](C)(O)[C@H]1CC=C(/C=N/O)CC1
ZINC000028245104,COC[C@@](C)(O)[C@@H]1CC=C(/C=N/O)CC1
ZINC000028245111,COC[C@](C)(O)[C@@H]1CC=C(/C=N/O)CC1
ZINC000028246212,COC[C@@H]1CCC=C(/C=N/O)C1
ZINC000028246220,COC[C@H]1CCC=C(/C=N/O)C1
ZINC000028247726,O/N=C/C1=CCCOC1
ZINC000028250654,COC[C@@](C)(OC)[C@H]1CC=C(/C=N/O)CC1
ZINC000028250661,COC[C@](C)(OC)[C@H]1CC=C(/C=N/O)CC1
ZINC000028250668,COC[C@@](C)(OC)[C@@H]1CC=C(/C=N/O)CC1
ZINC000028250674,COC[C@](C)(OC)[C@@H]1CC=C(/C=N/O)CC1
ZINC000028250681,O/N=C/C1=CCSCC1
ZINC000028250688,O/N=C/C1=CCOCC1
ZINC000028250695,C[C@@](O)(CO)[C@H]1CC=C(/C=N/O)CC1
ZINC000028250702,C[C@](O)(CO)[C@H]1CC=C(/C=N/O)CC1
ZINC000028250709,C[C@@](O)(CO)[C@@H]1CC=C(/C=N/O)CC1
ZINC000028250716,C[C@](O)(CO)[C@@H]1CC=C(/C=N/O)CC1
ZINC000028538573,COc1ccc2cc1-c1cc(ccc1O)C[C@H]1c3cc4c(cc3CCN1C)Oc1c(OC)cc3c(c1O4)[C@H](C2)N(C)CC3
ZINC000028538617,COc1ccc2cc1-c1cc(ccc1O)C[C@H]1c3cc4c(cc3CCN1C)Oc1c(OC)cc3c(c1O4)[C@@H](C2)N(C)CC3
ZINC000028539354,COc1cc(O)c(CC=C(C)C)c(O)c1C(=O)/C=C\c1ccc(O)cc1
ZINC000028539782,C[C@H]1[C@H]2CC[C@H]3[C@@H]4CC=C5C[C@H](N(C)C)CC[C@]5(C)[C@H]4CC[C@]23CN1C
ZINC000029402221,C[C@@H](CN1CCOCC1)C(C(=O)N1CCCC1)(c1ccccc1)c1ccccc1
ZINC000029402224,C[C@H](CN1CCOCC1)C(C(=O)N1CCCC1)(c1ccccc1)c1ccccc1
ZINC000030726283,C=C1C(=O)O[C@H]2[C@H]1CC/C(C)=C/CC[C@@]1(C)O[C@@H]21
ZINC000030726837,C=C1C(=O)O[C@@H]2/C=C(\C)CC[C@@H](O)C(=C)CC[C@@H]12
ZINC000031155317,O=C1OCc2cc3cccc(O[C@@H]4O[C@H](CO)[C@@H](O)[C@H](O)[C@H]4O)c3c(O)c21
ZINC000031168099,CC(=O)OC[C@@]12[C@H](C[C@H](O)C[C@]13CO3)[C@@]1(C[C@@H](c3ccoc3)OC1=O)[C@H](C)C[C@H]2O
ZINC000031333854,CC(=O)OC[C@@H](OC(C)=O)[C@@H](OC(C)=O)[C@H](OC(C)=O)[C@H](C=O)OC(C)=O
ZINC000031350160,C[C@@H]1C[C@]23CCCN4CCC[C@@H](C(=O)CC2)[C@@]43C1
ZINC000031555048,C=C1[C@H](O)[C@@]23CC[C@H]4[C@@]5(CCC[C@@]4(C)CN4CCO[C@H]45)[C@@H]2CC[C@@H]1C3
ZINC000031771078,CC[C@@H](C)C(=O)O[C@@H]1C[C@@H](C)CC[C@@H]1C(C)C
ZINC000031771079,CC[C@H](C)C(=O)O[C@@H]1C[C@@H](C)CC[C@@H]1C(C)C
ZINC000031771080,CC[C@@H](C)C(=O)O[C@H]1C[C@@H](C)CC[C@@H]1C(C)C
ZINC000031771081,CC[C@H](C)C(=O)O[C@H]1C[C@@H](C)CC[C@@H]1C(C)C
ZINC000031771386,CC(C)(O)[C@@H]1[C@@H]2OC(=O)[C@H]1[C@]1(O)C[C@H]3O[C@]34C(=O)O[C@H]2[C@@]41C
ZINC000032006109,CC(C)[C@@H](C=O)c1ccccc1
ZINC000032006111,CC(C)[C@H](C=O)c1ccccc1
ZINC000032153775,CN1CC[C@]23c4c5ccc(OCCN6CCOCC6)c4O[C@@H]2[C@@H](O)C=C[C@H]3[C@H]1C5
ZINC000032209659,O=S(=O)(O)O/N=C(/Cc1c[nH]c2ccccc12)S[C@@H]1O[C@@H](CO)[C@@H](O)[C@H](O)[C@@H]1O
ZINC000032209662,O=S(=O)(O)O/N=C(/Cc1c[nH]c2ccccc12)S[C@@H]1O[C@H](CO)[C@@H](O)[C@H](O)[C@@H]1O
ZINC000032215467,CC(C)=CCC1(CC=C(C)C)C(=O)C(O)=C(C(=O)CC(C)C)C1=O
ZINC000032709513,CC(=O)Nc1ccc(/C=N\NC(N)=S)cc1
ZINC000032839026,CCCCCCCCCCCCCCCCCC(=O)OC[C@@H](O)CO
ZINC000032840817,CCCCCCCC/C=C\CCCCCCCC(=O)OC(CO)CO
ZINC000032840891,CCCCCCCCCCCCCCCC(=O)OC[C@@H](O)CO
ZINC000032840892,CCCCCCCCCCCCCCCC(=O)OC[C@H](O)CO
ZINC000032840901,CCCCCCCC/C=C\CCCCCCCC(=O)OC[C@@H](O)CO
ZINC000032840903,CCCCCCCC/C=C\CCCCCCCC(=O)OC[C@H](O)CO
ZINC000033413580,C=C(C(=O)O[C@H]1C/C(C)=C\CC/C(CO)=C\[C@H]2OC(=O)C(=C)[C@H]12)[C@@H](O)CO
ZINC000033838279,C=C1[C@H]2CC[C@H](C2)[C@@]1(C)CC/C=C(\C)COC(C)=O
ZINC000033838280,C=C1[C@H]2CC[C@H](C2)[C@]1(C)CC/C=C(\C)COC(C)=O
ZINC000033839044,CN1CC[C@]23c4c5ccc(OCCN6CCOCC6)c4O[C@H]2[C@@H](O)C=C[C@@H]3[C@H]1C5
ZINC000033915517,CC[C@H]1CN2CCc3cc(OC)c(OC)cc3[C@@H]2C[C@@H]1CC1=C2C=C(OC)C(=O)C=C2CCN1
ZINC000033975089,C[C@@H](CCC(=O)O)[C@H]1CC[C@H]2[C@@H]3C(=O)C[C@@H]4CC(=O)CC[C@]4(C)[C@H]3CC(=O)[C@@]21C
ZINC000033995932,O=C(/C=C/c1ccc(O)c(O)c1)Nc1ccccc1C(=O)O
ZINC000034057461,CC1=C2C(=O)C=C(CO)[C@@H]2[C@H]2OC(=O)[C@@H](C)[C@@H]2[C@@H](O)C1
ZINC000034169003,C=C1CC[C@H]2[C@@](C)(CC[C@@H](O)[C@@]2(C)CO)[C@@H]1C/C=C1\C(=O)OC[C@H]1O
ZINC000034175684,C=C1C(=O)O[C@@H]2C[C@@](C)(CCCC(C)=O)C(=O)C[C@H]12
ZINC000034290144,N[C@H](Cc1c[nH]c2ccccc12)C(=O)N1CCC[C@@H]1C(=O)O
ZINC000034290145,N[C@H](Cc1c[nH]c2ccccc12)C(=O)N1CCC[C@H]1C(=O)O
ZINC000034617470,COc1ccc(/C=C/C(=O)c2c(OC)cc3c(c2O)CCC(C)(C)O3)cc1
ZINC000034821788,O=c1c(O[C@@H]2C[C@H](CO)[C@@H](O)[C@H](O)[C@H]2O)c(-c2ccc(O)c(O)c2)oc2cc(O)cc(O)c12
ZINC000034950426,C/C=C1/C[C@H](C)[C@@](C)(O)C(=O)OCC2=CCN3CC[C@@H](OC1=O)[C@@H]23
ZINC000034951089,C=C1[C@H](O)[C@@]23CC[C@@H]4[C@@]5(C)CCC[C@@]4(CN4CCO[C@H]45)[C@@H]2CC[C@@H]1C3
ZINC000035825655,CC(C)C(=O)c1c(O)cc(O)cc1O[C@@H]1O[C@H](CO)[C@@H](O)[C@H](O)[C@H]1O
ZINC000036450925,C=C1C(=O)O[C@H]2[C@H]1CCC(=O)C[C@@]1(C)CC[C@H](O)O[C@H]21
ZINC000038138547,O=S(=O)(O)O/N=C(\Cc1c[nH]c2ccccc12)S[C@H]1O[C@@H](CO)[C@@H](O)[C@@H](O)[C@H]1O
ZINC000038138548,O=S(=O)(O)O/N=C(\Cc1c[nH]c2ccccc12)S[C@@H]1O[C@@H](CO)[C@@H](O)[C@@H](O)[C@H]1O
ZINC000038139289,O=C(/C=C/c1ccccc1)c1ccccc1
ZINC000038140835,O=C1c2c([N+](=O)[O-])cc([N+](=O)[O-])c(O)c2C(=O)c2c(O)c([N+](=O)[O-])cc([N+](=O)[O-])c21
ZINC000038142006,COCC1=C(C(=O)O[C@@H](C)OC(=O)OC(C)C)N2C(=O)[C@H](NC(=O)/C(=N\OC)c3csc(N)n3)[C@H]2SC1
ZINC000038143543,C=C[C@H](O)C#CC#C[C@@H](O)/C=C\CCCCCCC
ZINC000038153421,CCCCCCCCCC(=O)OC[C@@H](O)CO
ZINC000038185927,CC[C@@H]1CN2CCc3cc(OC)c(OC)cc3[C@@H]2C[C@@H]1CC1=C2C=C(OC)C(=O)C=C2CCN1
ZINC000038192546,Cc1ccccn1
ZINC000038197764,COc1c(N2CCN[C@@H](C)C2)c(F)cc2c(=O)c(C(=O)O)cn(C3CC3)c12
ZINC000038321744,C/C=C1\C[C@H](C)[C@@](C)(O)C(=O)OCC2=CCN3CC[C@@H](OC1=O)[C@@H]23
ZINC000038420578,COc1cc(/C=C/C(=O)Nc2ccccc2C(=O)O)ccc1O
ZINC000038542724,C[C@H]([C@H]1CC[C@H]2[C@@H]3CC[C@H]4C[C@@H](N)CC[C@]4(C)[C@H]3CC[C@@]21C)N(C)C
ZINC000038661069,C[C@@H]1[C@H]2C3=CC[C@@H]4[C@@]5(C)CC[C@H](O)C(C)(C)[C@@H]5CC[C@@]4(C)[C@]3(C(=O)O)CC[C@@]2(C(=O)O)CC[C@H]1C
ZINC000038810747,C=C[C@H](O)C/C(=N\OS(=O)(=O)O)S[C@H]1O[C@H](CO)[C@@H](O)[C@H](O)[C@H]1O
ZINC000038821842,O=S(=O)(O)O/N=C(\Cc1c[nH]c2ccccc12)S[C@H]1O[C@@H](CO)[C@@H](O)[C@@H](O)[C@@H]1O
ZINC000038821844,O=S(=O)(O)O/N=C(\Cc1c[nH]c2ccccc12)S[C@@H]1O[C@@H](CO)[C@@H](O)[C@@H](O)[C@@H]1O
ZINC000039560269,COc1cc(O)c2c(c1C(=O)/C=C/c1ccc(O)cc1)OC(C)(C)CC2
ZINC000042804873,Oc1cc(O)c2c(c1)O[C@H](c1ccc(O)c(O)c1)[C@@H](O)[C@@H]2c1c(O)cc(O)c2c1O[C@H](c1ccc(O)c(O)c1)[C@@H](O)C2
ZINC000043197010,C=C1C(=O)[C@]23C[C@H]1CC[C@H]2[C@@]12CO[C@]3(O)[C@@H](O)[C@@H]1C(C)(C)C=CC2=O
ZINC000043772641,CC(C)CCCCCCC/C=C\C(=O)O
ZINC000049538596,C=C1C[C@@H]2OC(=O)C(=C)[C@H]2[C@H](O)/C=C(/C)CC[C@@H]1O
ZINC000049767216,C[C@H](CC(=O)C[C@@H](C)[C@H]1C[C@H](O)[C@@]2(C)C3=C(C(=O)C[C@]12C)[C@@]1(C)CCC(=O)C(C)(C)[C@@H]1C[C@@H]3O)C(=O)O
ZINC000049889356,C=C1C[C@@]23CC[C@H]4[C@@](C)(CCC[C@@]4(C)C(=O)O[C@@H]4O[C@H](CO)[C@@H](O)[C@H](O)[C@H]4O)[C@@H]2CC[C@]1(O[C@@H]1O[C@H](CO)[C@@H](O)[C@H](O)[C@H]1O)C3
ZINC000052541469,COC(=O)C1=CCCN(C)C1
ZINC000053175371,C/C=C1\C[C@@H](C)[C@@](C)(O)C(=O)OCC2=CCN3CC[C@@H](OC1=O)[C@@H]23
ZINC000056870881,CC(=O)OC(C)(C)/C=C/C(=O)[C@](C)(O)[C@@H]1[C@H](O)C[C@@]2(C)[C@@H]3CC=C4[C@@H](C[C@H](O)C(=O)C4(C)C)[C@]3(C)C(=O)C[C@]12C
ZINC000056871219,C=C1[C@H]2CC[C@H]3[C@](CC[C@H]4[C@@]35CCC[C@@]4(C)CN3CCO[C@@H]35)(C2)[C@H]1O
ZINC000059763085,O=C(O)CC(=O)OC[C@H]1O[C@@H](Oc2c(-c3ccc(O)cc3)oc3cc(O)cc(O)c3c2=O)[C@H](O)[C@@H](O)[C@@H]1O
ZINC000064633485,C=C1C(=O)O[C@@H]2/C=C(\C)CC[C@@H](OO)C(=C)CC[C@@H]12
ZINC000067911266,CO[C@@H]1C[C@H](O[C@H]2CC[C@]3(C)[C@@H]4CC[C@]5(C)[C@@H](C6=CC(=O)OC6)CC[C@]5(O)[C@@H]4CC[C@]3(O)C2)O[C@H](C)[C@H]1O
ZINC000067911268,CO[C@@H]1C[C@H](O[C@H]2CC[C@]3(C)[C@@H]4CC[C@]5(C)[C@@H](C6=CC(=O)OC6)CC[C@]5(O)[C@@H]4CC[C@]3(O)C2)O[C@@H](C)[C@H]1O
ZINC000070455568,COc1ccc2c(c1)[C@]13CCN4CC5=CCO[C@@H]6CC(=O)N2[C@@H]1[C@@H]6[C@H]5C[C@H]43
ZINC000070647152,CN(C)/C=N\c1c(I)cc(I)c(CCC(=O)O)c1I
ZINC000071756286,O=C(O)/C=C\c1ccccc1O[C@@H]1O[C@H](CO)[C@@H](O)[C@H](O)[C@@H]1O
ZINC000071756288,O=C(O)/C=C\c1ccccc1O[C@@H]1O[C@@H](CO)[C@@H](O)[C@H](O)[C@@H]1O
ZINC000071780341,O=[N+]([O-])c1cccc2c1S(=O)(=O)N=C2O
ZINC000077257069,CC(C)=C[C@H](O)C[C@@H](C)[C@H]1CC[C@@]2(C)[C@@H]3[C@@H](O)C=C4[C@@H](CC[C@H](O)C4(C)C)[C@]3(C=O)CC[C@]12C
ZINC000077257078,CC(C)=C[C@@H](O)C[C@@H](C)[C@H]1CC[C@@]2(C)[C@@H]3[C@@H](O)C=C4[C@@H](CC[C@H](O)C4(C)C)[C@]3(C=O)CC[C@]12C
ZINC000079216653,C=C1C[C@@]23CC[C@H]4[C@@](C)(CCC[C@@]4(C)C(=O)O)[C@@H]2CC[C@]1(O[C@@H]1O[C@H](CO)[C@@H](O)[C@H](O)[C@H]1O[C@@H]1O[C@H](CO)[C@@H](O)[C@H](O)[C@H]1O)C3
ZINC000080052483,C[C@@H](CS)C(=O)N1CCC[C@@]1(C(=O)O)C(=O)[C@@H](C)NC(=O)C1CCCCC1
ZINC000080052486,C[C@H](CS)C(=O)N1CCC[C@@]1(C(=O)O)C(=O)[C@@H](C)NC(=O)C1CCCCC1
ZINC000080052488,COc1cc2c3cc1OCc1c(O)c(OC)cc4c1[C@H](Cc1ccc(cc1)Oc1cc(ccc1O)C[C@H]3N(C)CC2)N(C)CC4
ZINC000080052502,O[C@@H]1CCCN2C[C@H]3C[C@H](CN4CCCC[C@@H]34)[C@@H]12
ZINC000080052519,C=C1[C@H]2CC[C@H]3[C@](CC[C@@H]4[C@]5(C)CCC[C@]34[C@H]3OCCN3C5)(C2)[C@H]1O
ZINC000080052522,CCCOC(=O)/C=C\c1ccco1
ZINC000080052525,CCCCCCCCCCCCCCCCCC(=O)OCCOC[C@H](OCCOC)[C@H]1OC[C@@H](OCCOC)[C@H]1OCCOC
ZINC000080052527,CCCCCCCCCCCCCCCCCC(=O)OCCOC[C@@H](OCCOC)[C@H]1OC[C@@H](OCCOC)[C@H]1OCCOC
ZINC000080052530,CCCCCCCCCCCCCCCCCC(=O)OCCOC[C@H](OCCOC)[C@@H]1OC[C@@H](OCCOC)[C@H]1OCCOC
ZINC000080052534,CCCCCCCCCCCCCCCCCC(=O)OCCOC[C@@H](OCCOC)[C@@H]1OC[C@@H](OCCOC)[C@H]1OCCOC
ZINC000084589076,CC(=O)C[C@H](c1ccccc1)c1c(O)c2ccccc2oc1=O
ZINC000084652123,CC1(C)CC[C@]2(C(=O)O)CC[C@]3(C)C(=CC[C@@H]4[C@@]5(C)CC[C@H](O[C@@H]6O[C@H](CO)[C@@H](O)[C@H](O)[C@H]6O)C(C)(C)[C@@H]5CC[C@]43C)[C@@H]2C1
ZINC000085534098,CC[C@H]1OC(=O)[C@H](C)[C@@H](O[C@H]2C[C@@](C)(OC)[C@@H](O)[C@H](C)O2)[C@H](C)[C@@H](O[C@@H]2O[C@H](C)C[C@H](N(C)C)[C@H]2O)[C@](C)(OC)C[C@@H](C)C(=O)[C@H](C)[C@@H](O)[C@]1(C)O
ZINC000085534336,CC[C@H]1OC(=O)[C@H](C)[C@@H](O[C@H]2C[C@@](C)(OC)[C@@H](O)[C@H](C)O2)[C@H](C)[C@@H](O[C@@H]2O[C@H](C)C[C@H](N(C)C)[C@H]2O)[C@](C)(O)C[C@@H](C)C(=O)[C@H](C)[C@@H](O)[C@]1(C)O
ZINC000085645395,O=C(O[C@@H]1Cc2c(O)cc(O)c([C@H]3c4c(O)cc(O)cc4O[C@H](c4ccc(O)c(O)c4)[C@@H]3O)c2O[C@@H]1c1ccc(O)c(O)c1)c1cc(O)c(O)c(O)c1
ZINC000090713101,O=C(/C=C\c1ccc(O)cc1)c1cc(O)ccc1O
ZINC000094516702,C=C1C(=O)O[C@H]2[C@H]1CC=C1C[C@@](C)(CC[C@H]1OO)[C@@H]2O
ZINC000094516738,CCCCCCCCCCCCCCCCCC(=O)OCCOC[C@@H](OCCOC)[C@H]1OC[C@@H](OCCOC)[C@@H]1OCCOC
ZINC000095099544,COc1cc(O)c2ccoc2c1C(=O)/C=C/c1ccc(O)cc1
ZINC000095099548,COc1cc(O)c2c(c1C(=O)/C=C/c1ccc(O)cc1)OC(C)(C)[C@H](O)C2
ZINC000095099549,COc1cc(O)c2c(c1C(=O)/C=C/c1ccc(O)cc1)OC(C)(C)[C@@H](O)C2
ZINC000095483532,Nc1ccc(/N=N/c2ccccc2)c(N)n1
ZINC000095564733,CCOC(=O)C(c1c(O)c2ccccc2oc1=O)c1c(O)c2ccccc2oc1=O
ZINC000095588079,CCC1(c2ccccc2)C(=O)NC(=O)NC1=O
ZINC000095615431,CC1(C)CC[C@]2(C(=O)O)CC[C@]3(C)C(=CC[C@@H]4[C@@]5(C)CC[C@H](O[C@@H]6O[C@H](C(=O)O)[C@@H](O)[C@H](O[C@@H]7OC[C@@H](O)[C@H](O)[C@H]7O)[C@H]6O)C(C)(C)[C@@H]5CC[C@]43C)[C@@H]2C1
ZINC000095616603,CC1(C)O[C@@H]2CO[C@@]3(COS(N)(=O)=O)OC(C)(C)O[C@H]3[C@@H]2O1
ZINC000095617907,COc1cc(/C=C/C(=O)Nc2ccccc2C(=O)O)cc(OC)c1O
ZINC000095617908,COc1cc(/C=C/C(=O)Nc2ccc(O)cc2C(=O)O)cc(OC)c1O
ZINC000095619105,CC[C@@H](CO)NC(=O)[C@@H]1C=C2c3cccc4[nH]cc(c34)C[C@H]2N(C)C1
ZINC000095620447,C[C@@H]1CC2=C(NCCC=C2)C1=O
ZINC000095620448,C[C@H]1CC2=C(NCCC=C2)C1=O
ZINC000095626781,CC[C@H](CO)NC(=O)[C@@H]1C=C2c3cccc4[nH]cc(c34)C[C@H]2N(C)C1
ZINC000095851257,C/C=C1/C[C@@H](C)[C@@](C)(O)C(=O)OCC2=CCN3CC[C@@H](OC1=O)[C@@H]23
ZINC000095862733,C[C@H]1O[C@@H](O[C@H]2[C@@H](O)C[C@H](O[C@H]3[C@@H](O)C[C@H](O[C@H]4CC[C@]5(C)[C@H]6CC[C@]7(C)[C@@H](C8=CC(=O)OC8)CC[C@]7(O)[C@@H]6CC[C@@H]5C4)O[C@@H]3C)O[C@@H]2C)C[C@H](O)[C@@H]1O
ZINC000095884387,C[C@]12C[C@H](c3ccoc3)OC(=O)[C@@H]1CC(=O)[C@@H]1[C@H]3C[C@@H](C[C@H]12)OC3=O
ZINC000096006009,Cc1noc(NS(=O)(=O)c2ccc(N)cc2)c1C
ZINC000096095372,Oc1cc(O)c2c(c1)O[C@H](c1ccc(O)c(O)c1)[C@H](O)[C@H]2c1c(O)cc(O)c2c1O[C@H](c1ccc(O)c(O)c1)[C@H](O)[C@H]2c1c(O)cc(O)c2c1O[C@H](c1ccc(O)c(O)c1)[C@H](O)C2
ZINC000096095373,Oc1cc(O)c2c(c1)O[C@H](c1ccc(O)c(O)c1)[C@@H](O)[C@@H]2c1c(O)cc(O)c2c1O[C@H](c1ccc(O)c(O)c1)[C@@H](O)[C@@H]2c1c(O)cc(O)c2c1O[C@H](c1ccc(O)c(O)c1)[C@@H](O)C2
ZINC000096095375,O=C(O[C@H]1Cc2c(O)cc(O)c([C@H]3c4c(O)cc(O)cc4O[C@H](c4ccc(O)c(O)c4)[C@@H]3O)c2O[C@@H]1c1ccc(O)c(O)c1)c1cc(O)c(O)c(O)c1
ZINC000096941596,N[C@@H](Cc1ccccc1)C(=O)N[C@H](Cc1ccccc1)C(=O)N[C@H](Cc1ccccc1)C(=O)O
ZINC000100004227,CCCCC1C(=O)N(c2ccccc2)N(c2ccccc2)C1=O
ZINC000100006264,CC(=O)C[C@@H](c1ccccc1)c1c(O)c2ccccc2oc1=O
ZINC000100009278,CN1[C@H]2CC[C@@H]1C[C@H](OC(=O)[C@@H](CO)c1ccccc1)C2
ZINC000100009280,CN1[C@H]2CC[C@@H]1C[C@H](OC(=O)[C@H](CO)c1ccccc1)C2
ZINC000100011469,COc1ccc2c(c1)c1c3n2CCN(C)C3=NCC1
ZINC000100017262,CC(C)=CC[C@@H]1C(=O)C(C(=O)CC(C)C)=C(O)[C@](O)(CC=C(C)C)C1=O
ZINC000100017265,CC(C)=CC[C@@H]1C(=O)C(C(=O)CC(C)C)=C(O)[C@@](O)(CC=C(C)C)C1=O
ZINC000100017267,CC(C)=CC[C@H]1C(=O)C(C(=O)CC(C)C)=C(O)[C@](O)(CC=C(C)C)C1=O
ZINC000100017269,CC(C)=CC[C@H]1C(=O)C(C(=O)CC(C)C)=C(O)[C@@](O)(CC=C(C)C)C1=O
ZINC000100017284,CC(C)=CCC1=C(O)C(CC=C(C)C)(CC=C(C)C)C(=O)C(C(=O)CC(C)C)=C1O
ZINC000100017288,CC(C)=CCC1=C(O)[C@@](O)(CC=C(C)C)C(=O)C(C(=O)CC(C)C)=C1O
ZINC000100017297,CC1=CC[C@]23O[C@]2(C)CC[C@H]2[C@@H](C)C(=O)O[C@H]2[C@@H]13
ZINC000100017301,CC1=CC[C@]23O[C@]2(C)CC[C@H]2[C@H](C)C(=O)O[C@H]2[C@@H]13
ZINC000100017304,CC1=CC[C@]23O[C@]2(C)CC[C@@H]2[C@@H](C)C(=O)O[C@H]2[C@@H]13
ZINC000100017307,CC1=CC[C@]23O[C@]2(C)CC[C@@H]2[C@H](C)C(=O)O[C@H]2[C@@H]13
ZINC000100017343,CC[C@@H](C)C(=O)C1=C(O)[C@](O)(CC=C(C)C)C(=O)[C@H](CC=C(C)C)C1=O
ZINC000100017345,CC[C@H](C)C(=O)C1=C(O)[C@](O)(CC=C(C)C)C(=O)[C@H](CC=C(C)C)C1=O
ZINC000100017347,CC[C@@H](C)C(=O)C1=C(O)[C@@](O)(CC=C(C)C)C(=O)[C@H](CC=C(C)C)C1=O
ZINC000100017350,CC[C@H](C)C(=O)C1=C(O)[C@@](O)(CC=C(C)C)C(=O)[C@H](CC=C(C)C)C1=O
ZINC000100017355,CC(C)=CCC1=C(O)[C@](O)(CC=C(C)C)C(=O)C(C(=O)C(C)C)=C1O
ZINC000100017358,CC(C)=CCC1=C(O)[C@@](O)(CC=C(C)C)C(=O)C(C(=O)C(C)C)=C1O
ZINC000100017362,CC(C)=CCC1=C(O)C(CC=C(C)C)(CC=C(C)C)C(=O)C(C(=O)C(C)C)=C1O
ZINC000100017428,COc1ccc2c(c1)[C@]13CCN4CC5=CCO[C@H]6CC(=O)N2[C@H]1[C@H]6[C@H]5C[C@@H]43
ZINC000100017432,COc1ccc2c(c1)[C@@]13CCN4CC5=CCO[C@H]6CC(=O)N2[C@H]1[C@H]6[C@H]5C[C@@H]43
ZINC000100017439,C=C(C)[C@@H]1[C@@H]2C[C@@]3(C)[C@](O)([C@H]4O[C@@H]4[C@]34CO4)[C@@H]1C(=O)O2
ZINC000100017443,C=C(C)[C@H]1[C@@H]2C[C@@]3(C)[C@](O)([C@H]4O[C@@H]4[C@]34CO4)[C@@H]1C(=O)O2
ZINC000100017447,C=C(C)[C@@H]1[C@H]2C[C@@]3(C)[C@](O)([C@H]4O[C@@H]4[C@]34CO4)[C@@H]1C(=O)O2
ZINC000100017450,C=C(C)[C@H]1[C@H]2C[C@@]3(C)[C@](O)([C@H]4O[C@@H]4[C@]34CO4)[C@@H]1C(=O)O2
ZINC000100017459,O=c1c(Cc2c(O)oc3ccccc3c2=O)c(O)oc2ccccc12
ZINC000100017465,Cc1ccc2c(c1)[C@]13CCCC[C@@H]1[C@@H](C2)N(C)CC3
ZINC000100017502,C[C@@H]1C(=O)O[C@H]2C[C@]34[C@H]5C[C@@H](C(C)(C)C)[C@]36[C@@H](OC(=O)[C@@H]6O)O[C@@]4(C(=O)O5)[C@]21O
ZINC000100017509,C[C@@H]1C(=O)O[C@H]2C[C@]34[C@H]5C[C@@H](C(C)(C)C)[C@@]36[C@@H](OC(=O)[C@@H]6O)O[C@@]4(C(=O)O5)[C@]21O
ZINC000100017511,C[C@@H]1C(=O)O[C@H]2C[C@@]34[C@H]5C[C@@H](C(C)(C)C)[C@@]36[C@@H](OC(=O)[C@@H]6O)O[C@@]4(C(=O)O5)[C@]21O
ZINC000100017602,C[C@@H]1C[C@]23CCCN4CCC[C@@H](C(=O)CC2)[C@]43C1
ZINC000100017608,C[C@H]1C[C@]23CCCN4CCC[C@@H](C(=O)CC2)[C@]43C1
ZINC000100017626,C=C1c2cccc(O)c2C(O)=C2C(=O)[C@]3(O)C(=O)/C(=C(/N)O)C(=O)[C@@H](N(C)C)[C@@H]3[C@@H](O)[C@H]12
ZINC000100017736,CC(C)(O)[C@@H]1[C@@H]2OC(=O)[C@@H]1[C@]1(O)C[C@H]3O[C@]34C(=O)O[C@H]2[C@@]41C
ZINC000100017742,CC(C)(O)[C@@H]1[C@H]2OC(=O)[C@H]1[C@]1(O)C[C@H]3O[C@]34C(=O)O[C@H]2[C@@]41C
ZINC000100017783,O[C@@H]1CCCN2C[C@H]3C[C@@H](CN4CCCC[C@@H]34)[C@@H]12
ZINC000100017887,C=C1[C@H]2CC[C@H]3[C@](CC[C@@H]4[C@]5(C)CCC[C@@]34[C@H]3OCCN3C5)(C2)[C@H]1O
ZINC000100017891,C=C1[C@H]2CC[C@H]3[C@](CC[C@@H]4[C@@]5(C)CCC[C@]34[C@H]3OCCN3C5)(C2)[C@H]1O
ZINC000100017900,CC(C)c1cc2c(c(O)c1O)[C@@]13CCCC(C)(C)[C@@H]1C[C@H]2OC3=O
ZINC000100017905,CC(C)c1cc2c(c(O)c1O)[C@@]13CCCC(C)(C)[C@H]1C[C@H]2OC3=O
ZINC000100017945,CC1(C)[C@@H]2CC[C@]1(C)C(=O)[C@@H]2S(=O)(=O)O
ZINC000100017952,CC1(C)[C@H]2CC[C@@]1(C)C(=O)[C@@H]2S(=O)(=O)O
ZINC000100017971,C=C1[C@H]2CC[C@@H]3[C@@](CC[C@H]4[C@@]35CCC[C@@]4(C)[C@H]3OCCN3C5)(C2)[C@H]1O
ZINC000100017977,C=C1[C@H]2CC[C@@H]3[C@@](CC[C@@H]4[C@@]5(C)CCC[C@]43CN3CCO[C@H]35)(C2)[C@H]1O
ZINC000100018123,CC1(C)C(=O)[C@@]2(C)CC[C@H]1C2
ZINC000100018127,CC1(C)C(=O)[C@]2(C)CC[C@@H]1C2
ZINC000100018136,CC1(C)[C@H]2CC[C@@](C)(C2)[C@@H]1O
ZINC000100018138,CC1(C)[C@@H](O)[C@]2(C)CC[C@@H]1C2
ZINC000100018212,C=C1[C@@H]2CC[C@@H](C2)[C@@]1(C)CC/C=C(/C)COC(C)=O
ZINC000100018264,Cc1cc2nc3c(=O)[nH]c(=O)[nH]c3[n+](C[C@@H](O)[C@@H](O)[C@@H](O)CO)c2cc1C
ZINC000100018343,O=C1c2c(O)cc(O)cc2O[C@H](c2ccc(O)c(O)c2)[C@H]1O
ZINC000100024359,CC1(C)[C@@H]2CC[C@](C)(C2)[C@H]1O
ZINC000100058649,C=C1[C@@H]2CC[C@H]3[C@@]45CO[C@@](O)([C@@H](O)[C@@H]4C(C)(C)C=CC5=O)[C@]3(C2)[C@@H]1OC(C)=O
ZINC000100068360,CN1[C@H]2CC[C@@H]1C[C@@H](OC(=O)[C@H](CO)c1ccccc1)C2
ZINC000100089812,CC(C)(O)[C@@H]1[C@@H]2OC(=O)[C@@H]1[C@@]1(O)C[C@@H]3O[C@@]34C(=O)O[C@@H]2[C@@]14C
ZINC000100089817,CC(C)(O)[C@H]1[C@@H]2OC(=O)[C@@H]1[C@@]1(O)C[C@@H]3O[C@@]34C(=O)O[C@@H]2[C@@]14C
ZINC000100092374,CCn1c2cc(=N)ccc-2c2ccc(N)cc2c1-c1ccccc1
ZINC000100162743,C=C1[C@@H](OC(C)=O)C[C@@H]2[C@@H](/C=C(\C)CC[C@H]1OC(C)=O)OC(=O)[C@H]2C
ZINC000100230344,COC(=O)[C@@H]1[C@@H](OC(=O)c2ccccc2)C[C@@H]2CC[C@@H]1N2C
ZINC000100265815,C=C(C(=O)O[C@H]1C/C(C)=C\CC/C(CO)=C/[C@H]2OC(=O)C(=C)[C@H]12)[C@@H](O)CO
ZINC000100271918,CN1[C@H]2CC[C@@H]1C[C@@H](OC(=O)[C@@H](CO)c1ccccc1)C2
ZINC000100308851,O=C1N(Cc2ccccc2)[C@@H]2C[S@@+]3CCC[C@@H]3[C@H]2N1Cc1ccccc1
ZINC000100308855,O=C1N(Cc2ccccc2)[C@@H]2C[S@@+]3CCC[C@H]3[C@H]2N1Cc1ccccc1
ZINC000100308860,O=C1N(Cc2ccccc2)[C@@H]2C[S@@+]3CCC[C@H]3[C@@H]2N1Cc1ccccc1
ZINC000100472315,CC1(C)[C@H]2CC[C@@](C)(C2)[C@H]1O
ZINC000100535118,COC(=O)[C@H]1[C@@H](OC(=O)c2ccccc2)C[C@@H]2CC[C@@H]1N2C
ZINC000100657895,CC(C)C[C@H](NC(=O)[C@H](N)CC(C)C)C(=O)N[C@H](CC(C)C)C(=O)O
ZINC000100657899,CC(C)C[C@@H](N)C(=O)N[C@H](CC(C)C)C(=O)N[C@H](CC(C)C)C(=O)O
ZINC000100763070,CCN1C[C@]2(OC(=O)c3ccccc3NC(C)=O)CC[C@H](OC)[C@]34[C@@H]2C[C@H]([C@@H]13)[C@@]1(O)C[C@H](OC)[C@H]2C[C@@H]4[C@]1(O)[C@H]2OC
ZINC000100772709,CC(C)=CCC1(CC=C(C)C)C(=O)C(=O)[C@@H](C(=O)C(C)C)C1=O
ZINC000100772710,CC(C)=CCC1(CC=C(C)C)C(=O)C(=O)[C@H](C(=O)C(C)C)C1=O
ZINC000100772750,CC(C)=CCC1(CC=C(C)C)C(=O)C(O)=C(O)C1=O
ZINC000100772803,CC[C@@H](C)C(=O)[C@@H]1C(=O)C(=O)C(CC=C(C)C)(CC=C(C)C)C1=O
ZINC000100772806,CC[C@H](C)C(=O)[C@@H]1C(=O)C(=O)C(CC=C(C)C)(CC=C(C)C)C1=O
ZINC000100772808,CC[C@@H](C)C(=O)[C@H]1C(=O)C(=O)C(CC=C(C)C)(CC=C(C)C)C1=O
ZINC000100772809,CC[C@H](C)C(=O)[C@H]1C(=O)C(=O)C(CC=C(C)C)(CC=C(C)C)C1=O
ZINC000100780883,C=C1C(=O)O[C@H]2/C=C(\C)[C@@H](O)CC/C(C)=C/[C@@H](O)[C@H]12
ZINC000100829590,CN1CC[C@@]23c4c5ccc(O)c4O[C@@H]2[C@@H](O)C=C[C@H]3[C@H]1C5
ZINC000100883296,C=C1C(=O)O[C@@H]2[C@H]1[C@@H](O)CC(=C)[C@@H]1CC(=O)[C@H](C)[C@H]21
ZINC000100883298,C=C1C[C@H](O)[C@H]2C(=C)C(=O)O[C@H]2[C@@H]2[C@H](C)C(=O)C[C@@H]12
ZINC000100890839,O=C1C[C@H](c2ccc(O)cc2)Oc2cc(O[C@@H]3O[C@@H](CO)[C@@H](O)[C@H](O)[C@@H]3O)cc(O)c21
ZINC000100890840,O=C1C[C@H](c2ccc(O)cc2)Oc2cc(O[C@@H]3O[C@H](CO)[C@@H](O)[C@H](O)[C@@H]3O)cc(O)c21
ZINC000100890842,O=C1C[C@H](c2ccc(O)cc2)Oc2cc(O[C@H]3O[C@@H](CO)[C@@H](O)[C@H](O)[C@@H]3O)cc(O)c21
ZINC000100890843,O=C1C[C@H](c2ccc(O)cc2)Oc2cc(O[C@H]3O[C@H](CO)[C@@H](O)[C@H](O)[C@@H]3O)cc(O)c21
ZINC000100899519,C=C1C(=O)O[C@@H]2/C=C(/C)[C@@H](O)C/C=C(\C)C[C@H](OC(=O)/C(C)=C\C)[C@@H]12
ZINC000101186305,O/N=C/C1=C[C@H]2C=C[C@H]1CC2
ZINC000102262416,CCCCCCCCCC/C=C\C=O
ZINC000102337409,C=C(C(=O)O[C@H]1C/C(C)=C/CC/C(CO)=C\[C@H]2OC(=O)C(=C)[C@H]12)[C@@H](O)CO
ZINC000104647124,CC[C@H](C)[C@@H]1NC(=O)[C@H](C)NC1=O
ZINC000105285059,C/C=C1\[C@H](O[C@@H]2O[C@@H](CO)[C@@H](O)[C@@H](O)[C@@H]2O)OC=C(C(=O)OC)[C@H]1CC(=O)OCCc1ccc(O)c(O)c1
ZINC000105529127,COc1cc(O[C@@H]2O[C@@H](COC(=O)c3cc(O)c(O)c(O)c3)[C@H](O)[C@@H](O)[C@@H]2O)ccc1O
ZINC000109565247,CCCCCCCC/C=C/CCCCCCCC(=O)OCCOC[C@H](OCCO)[C@@H]1OC[C@H](OCCO)[C@@H]1OCCO
ZINC000111478853,C[C@@H](CS)C(=O)N1CCC[C@]1(C(=O)O)C(=O)[C@@H](C)NC(=O)C1CCCCC1
ZINC000111478855,C[C@H](CS)C(=O)N1CCC[C@]1(C(=O)O)C(=O)[C@@H](C)NC(=O)C1CCCCC1
ZINC000114646487,CC[C@@H](C)C(=O)C1=C(O)C(CC=C(C)C)=C(O)C(CC=C(C)C)(CC=C(C)C)C1=O
ZINC000114646488,CC[C@H](C)C(=O)C1=C(O)C(CC=C(C)C)=C(O)C(CC=C(C)C)(CC=C(C)C)C1=O
ZINC000114656524,CC(C)=CC[C@H]1C(=O)C(C(=O)C(C)C)=C(O)[C@@H]1O
ZINC000114656526,CC(C)=CC[C@@H]1C(=O)C(C(=O)C(C)C)=C(O)[C@@H]1O
ZINC000114656721,CC[C@@H](C)C(=O)C1=C(O)[C@H](O)[C@@H](CC=C(C)C)C1=O
ZINC000114656723,CC[C@H](C)C(=O)C1=C(O)[C@H](O)[C@@H](CC=C(C)C)C1=O
ZINC000114656724,CC[C@@H](C)C(=O)C1=C(O)[C@H](O)[C@H](CC=C(C)C)C1=O
ZINC000114656726,CC[C@H](C)C(=O)C1=C(O)[C@H](O)[C@H](CC=C(C)C)C1=O
ZINC000115371813,CCCCC/C=C/CCCCCCCC(=O)C[C@@H](O)COC(C)=O
ZINC000115371815,CCCCC/C=C/CCCCCCCC(=O)C[C@H](O)COC(C)=O
ZINC000115371950,CCCCCCCCCCCCCC(=O)C[C@@H](O)COC(C)=O
ZINC000115371952,CCCCCCCCCCCCCC(=O)C[C@H](O)COC(C)=O
ZINC000116832230,C[C@@H]1CC(N2CCCC2)=C(N2CCCC2)C1=O
ZINC000116832232,C[C@H]1CC(N2CCCC2)=C(N2CCCC2)C1=O
ZINC000116832281,C[C@@]1(O)CC(N2CCCC2)=C(O)C1=O
ZINC000116832283,C[C@]1(O)CC(N2CCCC2)=C(O)C1=O
ZINC000116832352,C[C@@]1(O)CC(N2CCCC2)=C(N2CCCC2)C1=O
ZINC000116832354,C[C@]1(O)CC(N2CCCC2)=C(N2CCCC2)C1=O
ZINC000118912562,C[C@@H](CCC(=O)O)[C@H]1CC[C@H]2[C@@H]3C(=O)C[C@H]4CC(=O)CC[C@]4(C)[C@H]3CC(=O)[C@@]21C
ZINC000118913741,CC(=O)O[C@H]1C[C@H]2CC[C@@H]3[C@H](CC[C@@]4(C)[C@H]3C[C@H]([N+]3(C)CCCCC3)[C@@H]4OC(C)=O)[C@@]2(C)C[C@@H]1[N+]1(C)CCCCC1
ZINC000118913751,CC(=O)O[C@@H]1C[C@@H]2CC[C@@H]3[C@H](CC[C@@]4(C)[C@H]3C[C@H]([N+]3(C)CCCCC3)[C@@H]4OC(C)=O)[C@@]2(C)C[C@@H]1[N+]1(C)CCCCC1
ZINC000118913752,CC(=O)O[C@@H]1C[C@H]2CC[C@@H]3[C@H](CC[C@@]4(C)[C@H]3C[C@H]([N+]3(C)CCCCC3)[C@@H]4OC(C)=O)[C@@]2(C)C[C@@H]1[N+]1(C)CCCCC1
ZINC000118917507,C[C@@H]1[C@H]2CC[C@H]3[C@@H]4CC=C5C[C@H](N(C)C)CC[C@]5(C)[C@H]4CC[C@@]32CN1C
ZINC000118935865,C[C@@H]([C@H]1CC[C@H]2[C@@H]3CC[C@@H]4C[C@@H](N)CC[C@]4(C)[C@H]3CC[C@]12C)N(C)C
ZINC000118935866,C[C@H]([C@H]1CC[C@H]2[C@@H]3CC[C@@H]4C[C@@H](N)CC[C@]4(C)[C@H]3CC[C@@]21C)N(C)C
ZINC000136163590,Cc1ccc2c(c1)[C@@]13CCCC[C@@H]1[C@H](C2)N(C)CC3
ZINC000136644652,C=C1[C@H]2CC[C@H]3[C@@]45CCC[C@@](C)(CN6CCO[C@@H]64)[C@H]5CC[C@]3(C2)[C@H]1O
ZINC000136644693,C=C1[C@H]2CC[C@H]3[C@@]45CCC[C@@](C)(CN6CCO[C@H]64)[C@H]5CC[C@]3(C2)[C@H]1O
ZINC000136730581,C/C=C1/[C@H](O[C@@H]2O[C@@H](CO)[C@@H](O)[C@@H](O)[C@@H]2O)OC=C(C(=O)OC)[C@H]1CC(=O)OCCc1ccc(O)c(O)c1
ZINC000137513243,CC(C)=CC[C@@H]1C(=O)C(C(=O)CC(C)C)=C(O)[C@]1(O)C(=O)/C=C/C(C)C
ZINC000137513306,CC(C)=CC[C@@H]1C(=O)C(C(=O)CC(C)C)=C(O)[C@@]1(O)C(=O)/C=C/C(C)C
ZINC000137513372,CC(C)=CC[C@H]1C(=O)C(C(=O)CC(C)C)=C(O)[C@]1(O)C(=O)/C=C/C(C)C
ZINC000137513437,CC(C)=CC[C@H]1C(=O)C(C(=O)CC(C)C)=C(O)[C@@]1(O)C(=O)/C=C/C(C)C
ZINC000137755037,C=C1c2cccc(O)c2C(O)=C2C(=O)[C@@]3(O)C(=O)/C(=C(\N)O)C(=O)[C@@H](N(C)C)[C@@H]3[C@@H](O)[C@H]12
ZINC000137853764,C=C1c2cccc(O)c2C(O)=C2C(=O)[C@@]3(O)C(=O)/C(=C(\N)O)C(=O)[C@H](N(C)C)[C@@H]3[C@@H](O)[C@H]12
ZINC000137853870,C=C1c2cccc(O)c2C(O)=C2C(=O)[C@@]3(O)C(=O)/C(=C(/N)O)C(=O)[C@H](N(C)C)[C@@H]3[C@@H](O)[C@H]12
ZINC000137854005,C=C1c2cccc(O)c2C(O)=C2C(=O)[C@@]3(O)C(=O)/C(=C(/N)O)C(=O)[C@@H](N(C)C)[C@@H]3[C@@H](O)[C@H]12
ZINC000138064364,C[C@@H]1C(=O)O[C@H]2C[C@]34[C@H]5C[C@@H](C(C)(C)C)[C@]36[C@H](O)C(=O)O[C@H]6O[C@@]4(C(=O)O5)[C@]21O
ZINC000138221689,COC(=O)[C@@H]1[C@@H]2CC[C@@H](C[C@H]1OC(=O)c1ccccc1)N2C
ZINC000138770847,CC(C)=CC[C@@H]1C(O)=C(C(=O)CC(C)C)C(=O)[C@H]1O
ZINC000138770954,CC(C)=CC[C@@H]1C(O)=C(C(=O)CC(C)C)C(=O)[C@@H]1O
ZINC000139096421,CC(C)CC(=O)c1c(O)c([C@@H]2O[C@H](CO)[C@H](O)[C@@H](O)[C@H]2O)c(O)c([C@H]2O[C@H](CO)[C@H](O)[C@@H](O)[C@H]2O)c1O
ZINC000139096546,CC(C)CC(=O)c1c(O)c([C@@H]2O[C@H](CO)[C@H](O)[C@@H](O)[C@H]2O)c(O)c([C@@H]2O[C@H](CO)[C@H](O)[C@@H](O)[C@H]2O)c1O
ZINC000140122307,O=Cc1ccc2n1C[C@@]1(C[C@H](O)[C@H](O)CO1)OC2
ZINC000140122471,O=Cc1ccc2n1C[C@]1(C[C@H](O)[C@H](O)CO1)OC2
ZINC000141007128,O=Cc1ccc2n1C[C@]1(C[C@H](O)[C@@H](CO)O1)OC2
ZINC000141526316,COc1ccc2c(c1OC)[C@]13CCN(C)[C@@H](C2)[C@]1(O)CC[C@H](O)C3
ZINC000145405293,COc1cc(O)c(CCC(C)(C)O)c2c1C(=O)C[C@@H](c1ccc(O)cc1)O2
ZINC000145405501,COc1cc(O)c(CCC(C)(C)O)c2c1C(=O)C[C@H](c1ccc(O)cc1)O2
ZINC000145846064,C/C=C1/[C@H](CC(=O)OCCc2ccc(O)c(O)c2)C(C(=O)OC)=CO[C@@H]1O[C@@H]1O[C@@H](CO)[C@@H](O)[C@@H](O)[C@@H]1O
ZINC000146783968,CC(C)[C@@H]1NC(=O)[C@H](Cc2ccc(O)cc2)NC1=O
ZINC000148633270,COc1ccc2c(c1)[C@]13CCN4CC5=CCO[C@@H]6CC(=O)N2[C@@H]1[C@H]6[C@@H]5C[C@H]43
ZINC000148633485,COc1ccc2c(c1)[C@]13CCN4CC5=CCO[C@@H]6CC(=O)N2[C@H]1[C@H]6[C@@H]5C[C@H]43
ZINC000148633679,COc1ccc2c(c1)[C@]13CCN4CC5=CCO[C@@H]6CC(=O)N2[C@@H]1[C@@H]6[C@@H]5C[C@H]43
ZINC000148633863,COc1ccc2c(c1)[C@]13CCN4CC5=CCO[C@@H]6CC(=O)N2[C@H]1[C@@H]6[C@@H]5C[C@H]43
ZINC000150063945,CCCCCCCC/C=C\CCCCCCCC(=O)OCCOC[C@@H](OCCO)[C@@H]1OC[C@@H](OCCO)[C@@H]1OCCO
ZINC000150064144,CCCCCCCC/C=C\CCCCCCCC(=O)OCCOC[C@H](OCCO)[C@@H]1OC[C@@H](OCCO)[C@@H]1OCCO
ZINC000169292529,CC[C@](C)(O)C(=O)O[C@@H]1C(=O)O[C@@H]2C[C@@H]3C(C)=C[C@H](O)[C@@H](O)[C@]3(C)[C@H]3[C@]4(O)OC[C@@]23[C@H]1[C@@H](C)[C@H]4O
ZINC000169292785,O=C(OC[C@H]1O[C@@H](OC(=O)c2cc(O)c(O)c(O)c2)[C@H](OC(=O)c2cc(O)c(O)c(O)c2)[C@@H](OC(=O)c2cc(O)c(O)c(O)c2)[C@@H]1OC(=O)c1cc(O)c(O)c(O)c1)c1cc(O)c(O)c(O)c1
ZINC000169347760,COC(=O)[C@H]1[C@@H]2CC[C@@H](C[C@H]1OC(=O)c1ccccc1)N2C
ZINC000169418312,COC(=O)C1=CO[C@@H](O[C@@H]2O[C@@H](CO)[C@@H](O)[C@@H](O)[C@@H]2O)[C@@H]2[C@@H](C)CC(=O)[C@@H]12
ZINC000169418320,COC(=O)C1=CO[C@H](O[C@@H]2O[C@@H](CO)[C@@H](O)[C@@H](O)[C@@H]2O)[C@@H]2[C@@H](C)CC(=O)[C@@H]12
ZINC000169418328,COC(=O)C1=CO[C@@H](O[C@H]2O[C@@H](CO)[C@@H](O)[C@@H](O)[C@@H]2O)[C@@H]2[C@@H](C)CC(=O)[C@@H]12
ZINC000169418334,COC(=O)C1=CO[C@H](O[C@H]2O[C@@H](CO)[C@@H](O)[C@@H](O)[C@@H]2O)[C@@H]2[C@@H](C)CC(=O)[C@@H]12
ZINC000169542192,C=C1[C@H]2CC[C@H]3[C@@]45CCC[C@@](C)(CN6CCO[C@H]64)[C@H]5CC[C@]3(C2)[C@@H]1O
ZINC000169549623,O=Cc1ccc2n1C[C@@]1(C[C@H](O)[C@@H](CO)O1)OC2
ZINC000169743483,OB(O)/C=C/c1ccc(Cl)cc1
ZINC000195792123,CC(C)=CCC(=O)[C@]1(O)C(=O)C(C(=O)CC(C)C)=C(O)[C@]1(O)CC=C(C)C
ZINC000195792124,CC(C)=CCC(=O)[C@]1(O)C(=O)C(C(=O)CC(C)C)=C(O)[C@@]1(O)CC=C(C)C
ZINC000195792125,CC(C)=CCC(=O)[C@@]1(O)C(=O)C(C(=O)CC(C)C)=C(O)[C@]1(O)CC=C(C)C
ZINC000195792126,CC(C)=CCC(=O)[C@@]1(O)C(=O)C(C(=O)CC(C)C)=C(O)[C@@]1(O)CC=C(C)C
ZINC000195819194,OB(O)/C=C\c1ccc(Cl)cc1
ZINC000195928978,C=C1C(=O)O[C@H]2[C@@H]1[C@@H](O)CC(=C)[C@@H]1CC(=O)[C@@H](C)[C@H]12
ZINC000196149221,C=C1C(=O)O[C@H]2[C@H]1CC[C@]1(C)[C@@H]2[C@H](C)C(=O)C[C@H]1O
ZINC000196372089,COc1cc2c(c3c1C(=O)C[C@@H](c1ccc(O)cc1)O3)CCC(C)(C)O2
ZINC000196372101,COc1cc2c(c3c1C(=O)C[C@H](c1ccc(O)cc1)O3)CCC(C)(C)O2
ZINC000198418760,CC[C@H](C)C(=O)O[C@@H]1C[C@H](C)CC[C@H]1C(C)C
ZINC000200123258,CC(C)=CC[C@@]12C[C@H]3C(C)(C)[C@@H](C(C)(C)O)C[C@@]3(C(=O)C(C(=O)C(C)C)=C1O)C2=O
ZINC000200123321,CC(C)=CC[C@@]12C[C@H]3C(C)(C)[C@H](C(C)(C)O)C[C@@]3(C(=O)C(C(=O)C(C)C)=C1O)C2=O
ZINC000200123402,CC(C)=CC[C@@]12C[C@H]3C(C)(C)[C@@H](C(C)(C)O)C[C@@]3(C(=O)C(C(=O)CC(C)C)=C1O)C2=O
ZINC000200165722,CC[C@@H](C)C(=O)C1=C(O)[C@@]2(CC=C(C)C)C[C@H]3C(C)(C)[C@@H](C(C)(C)O)C[C@@]3(C1=O)C2=O
ZINC000200165755,CC[C@H](C)C(=O)C1=C(O)[C@@]2(CC=C(C)C)C[C@H]3C(C)(C)[C@@H](C(C)(C)O)C[C@@]3(C1=O)C2=O
ZINC000200165947,CC(C)=CC[C@@]12C[C@H]3C(C)(C)[C@H](C(C)(C)O)C[C@@]3(C(=O)C(C(=O)CC(C)C)=C1O)C2=O
ZINC000203626269,CC(C)=CC[C@H]1C(O)=C(C(=O)CC(C)C)C(=O)[C@@H]1O
ZINC000206864210,CC(C)=CC[C@H]1C(=O)C(C(=O)CC(C)C)=C(O)[C@]1(O)C(=O)/C=C/C(C)(C)O
ZINC000208096760,CCCCC/C=C\C/C=C\CCCCCCC[C@H](O)C[C@H](O)COC(C)=O
ZINC000215559148,NC(=O)C[C@@H]1NC(=O)[C@H](Cc2ccccc2)NC1=O
ZINC000215581115,CCCCCCCCCCCC(=O)OCCOC[C@H](OCCO)[C@@H]1OC[C@H](OCCO)[C@@H]1OCCO
ZINC000215581164,CCCCCCCCCCCC(=O)OCCOC[C@H](OCCO)[C@@H]1OC[C@H](OCCO)[C@H]1OCCO
ZINC000221552829,COc1cc(O)c(CC=C(C)C)c(O)c1
ZINC000222276518,CCCCC/C=C\C/C=C\CCCCCCC[C@@H](O)C[C@H](O)COC(C)=O
ZINC000222276581,CCCCC/C=C\C/C=C\CCCCCCC[C@H](O)C[C@@H](O)COC(C)=O
ZINC000222276639,CCCCC/C=C\C/C=C\CCCCCCC[C@@H](O)C[C@@H](O)COC(C)=O
ZINC000223587715,CC(=O)O[C@H]1C[C@@H]2[C@@H](/C=C(/C)CC/C=C\1C)OC(=O)[C@H]2C
ZINC000227595737,C[C@]12CC[C@@H](O)C[C@@H]1CC[C@@H]1[C@@H]2[C@@H](O)C[C@]2(C)[C@H](c3ccc(=O)oc3)CC[C@@]12O
ZINC000227595752,C[C@]12CC[C@H](O)C[C@@H]1CC[C@@H]1[C@@H]2[C@@H](O)C[C@]2(C)[C@H](c3ccc(=O)oc3)CC[C@@]12O
ZINC000227595759,C[C@]12CC[C@@H](O)C[C@H]1CC[C@@H]1[C@@H]2[C@@H](O)C[C@]2(C)[C@H](c3ccc(=O)oc3)CC[C@@]12O
ZINC000227595764,C[C@]12CC[C@H](O)C[C@H]1CC[C@@H]1[C@@H]2[C@@H](O)C[C@]2(C)[C@H](c3ccc(=O)oc3)CC[C@@]12O
ZINC000227595857,CC[C@@H](C)C(=O)C1=C(O)[C@@](O)(CC=C(C)C)C(=O)[C@@H](CC=C(C)C)C1=O
ZINC000227595866,CC[C@H](C)C(=O)C1=C(O)[C@@](O)(CC=C(C)C)C(=O)[C@@H](CC=C(C)C)C1=O
ZINC000227595873,CC[C@@H](C)C(=O)C1=C(O)[C@](O)(CC=C(C)C)C(=O)[C@@H](CC=C(C)C)C1=O
ZINC000227595880,CC[C@H](C)C(=O)C1=C(O)[C@](O)(CC=C(C)C)C(=O)[C@@H](CC=C(C)C)C1=O
ZINC000227596008,C=C(C)[C@@H]1[C@H]2C[C@]3(C)[C@]4(CO4)[C@H]4O[C@H]4[C@]3(O)[C@@H]1C(=O)O2
ZINC000227596091,C[C@@H]1C(=O)O[C@@H]2C[C@@]34[C@@H]5C[C@@H](C(C)(C)C)[C@@]36[C@@H](OC(=O)[C@@H]6O)O[C@@]4(C(=O)O5)[C@@]12O
ZINC000227596096,C[C@H]1C(=O)O[C@@H]2C[C@@]34[C@@H]5C[C@@H](C(C)(C)C)[C@@]36[C@@H](OC(=O)[C@@H]6O)O[C@@]4(C(=O)O5)[C@]21O
ZINC000227596105,C[C@@H]1C(=O)O[C@H]2C[C@@]34[C@@H]5C[C@@H](C(C)(C)C)[C@@]36[C@@H](OC(=O)[C@@H]6O)O[C@@]4(C(=O)O5)[C@]21O
ZINC000227596111,C[C@H]1C(=O)O[C@H]2C[C@@]34[C@@H]5C[C@@H](C(C)(C)C)[C@@]36[C@@H](OC(=O)[C@@H]6O)O[C@@]4(C(=O)O5)[C@]21O
ZINC000227596357,CN1CC[C@@]23c4c5ccc(OCCN6CCOCC6)c4O[C@@H]2[C@@H](O)C=C[C@H]3[C@H]1C5
ZINC000227596445,C[C@@H]1CC[C@]2(C(=O)O)CC[C@@]3(C(=O)O)C(=CC[C@@H]4[C@@]5(C)CC[C@@H](O)C(C)(C)[C@@H]5CC[C@]43C)[C@@H]2[C@@H]1C
ZINC000227596451,C[C@H]1CC[C@]2(C(=O)O)CC[C@@]3(C(=O)O)C(=CC[C@@H]4[C@@]5(C)CC[C@@H](O)C(C)(C)[C@@H]5CC[C@]43C)[C@@H]2[C@@H]1C
ZINC000227596455,C[C@@H]1CC[C@@]2(C(=O)O)CC[C@@]3(C(=O)O)C(=CC[C@@H]4[C@@]5(C)CC[C@@H](O)C(C)(C)[C@@H]5CC[C@]43C)[C@@H]2[C@@H]1C
ZINC000227596459,C[C@H]1CC[C@@]2(C(=O)O)CC[C@@]3(C(=O)O)C(=CC[C@@H]4[C@@]5(C)CC[C@@H](O)C(C)(C)[C@@H]5CC[C@]43C)[C@@H]2[C@@H]1C
ZINC000227596509,CC(=O)OC[C@@H]1O[C@@H](O[C@@]2(COC(C)=O)O[C@@H](COC(C)=O)[C@@H](OC(C)=O)[C@@H]2OC(C)=O)[C@@H](OC(C)=O)[C@@H](OC(C)=O)[C@@H]1OC(C)=O
ZINC000227596514,CC(=O)OC[C@@H]1O[C@](COC(C)=O)(O[C@@H]2O[C@H](COC(C)=O)[C@@H](OC(C)=O)[C@H](OC(C)=O)[C@@H]2OC(C)=O)[C@@H](OC(C)=O)[C@@H]1OC(C)=O
ZINC000227596523,CC(=O)OC[C@@H]1O[C@H](O[C@@]2(COC(C)=O)O[C@@H](COC(C)=O)[C@@H](OC(C)=O)[C@@H]2OC(C)=O)[C@@H](OC(C)=O)[C@@H](OC(C)=O)[C@@H]1OC(C)=O
ZINC000227596529,CC(=O)OC[C@@H]1O[C@](COC(C)=O)(O[C@H]2O[C@H](COC(C)=O)[C@@H](OC(C)=O)[C@H](OC(C)=O)[C@@H]2OC(C)=O)[C@@H](OC(C)=O)[C@@H]1OC(C)=O
ZINC000227596598,C=C1[C@H](O)[C@@]23CC[C@@H]4[C@]5(C)CCC[C@@]4([C@@H]4OCCN4C5)[C@@H]2CC[C@@H]1C3
ZINC000227596603,C=C1[C@H](O)[C@@]23CC[C@@H]4[C@@]5(C)CCC[C@]4([C@@H]4OCCN4C5)[C@@H]2CC[C@@H]1C3
ZINC000227596607,C=C1[C@H](O)[C@@]23CC[C@@H]4[C@]5(C)CCC[C@]4([C@@H]4OCCN4C5)[C@@H]2CC[C@@H]1C3
ZINC000227596657,C=C1[C@H](O)[C@@]23CC[C@@H]4[C@]5(C)CCC[C@]4(CN4CCO[C@H]45)[C@@H]2CC[C@@H]1C3
ZINC000227596661,C=C1[C@H](O)[C@@]23CC[C@H]4[C@]5(CCC[C@@]4(C)[C@@H]4OCCN4C5)[C@@H]2CC[C@@H]1C3
ZINC000227596930,CCCCCCCCCCCCCCCCCC(=O)OCCOC[C@@H](OCCOC)[C@@H]1OC[C@@H](OCCOC)[C@@H]1OCCOC
ZINC000227596932,CCCCCCCCCCCCCCCCCC(=O)OCCOC[C@H](OCCOC)[C@@H]1OC[C@@H](OCCOC)[C@@H]1OCCOC
ZINC000227596941,CCCCCCCCCCCCCCCCCC(=O)OCCOC[C@H](OCCOC)[C@H]1OC[C@@H](OCCOC)[C@@H]1OCCOC
ZINC000227596967,C=C[C@H](O)C/C(=N/OS(=O)(=O)O)S[C@H]1O[C@H](CO)[C@@H](O)[C@H](O)[C@H]1O
ZINC000227596999,CC(C)C[C@H](N)C(=O)N[C@H](CC(C)C)C(=O)N[C@H](CC(C)C)C(=O)O
ZINC000227597004,CC(C)C[C@H](N)C(=O)N[C@@H](CC(C)C)C(=O)N[C@H](CC(C)C)C(=O)O
ZINC000227597018,N[C@H](Cc1ccccc1)C(=O)N[C@H](Cc1ccccc1)C(=O)N[C@H](Cc1ccccc1)C(=O)O
ZINC000227597025,N[C@H](Cc1ccccc1)C(=O)N[C@@H](Cc1ccccc1)C(=O)N[C@H](Cc1ccccc1)C(=O)O
ZINC000227597033,N[C@@H](Cc1ccccc1)C(=O)N[C@@H](Cc1ccccc1)C(=O)N[C@H](Cc1ccccc1)C(=O)O
ZINC000227597200,C=C1[C@@H](O)CC/C(C)=C/[C@@H]2OC(=O)[C@H](C)[C@@H]2C[C@H]1OC(C)=O
ZINC000227597205,C=C1[C@@H](O)CC/C(C)=C\[C@@H]2OC(=O)[C@@H](C)[C@@H]2C[C@H]1OC(C)=O
ZINC000227597208,C=C1[C@@H](O)CC/C(C)=C/[C@@H]2OC(=O)[C@@H](C)[C@@H]2C[C@H]1OC(C)=O
ZINC000230080501,C=C(CO)C(=O)O[C@@H]1CC(=C)[C@@H]2CC(=O)C(=C)[C@@H]2[C@@H]2OC(=O)C(=C)[C@@H]21
ZINC000230522541,CCOC(=O)/C=C/c1ccc(O[Si](C)(C)C)c(O[Si](C)(C)C)c1
ZINC000238733506,C=C[C@H](C#CC#C[C@@H](O)/C=C\CCCCCCC)OC(C)=O
ZINC000238809530,C[C@@H]1O[C@@H](O[C@H]2[C@H](O)[C@@H](O[C@@H]3O[C@@H](C)[C@H](O)[C@@H](O)[C@H]3O)[C@H](O[C@H]3CC[C@@]4(C)C(=CC[C@H]5[C@@H]6C[C@@H]7O[C@]8(CC[C@@H](C)CO8)[C@@H](C)[C@@H]7[C@@]6(C)CC[C@@H]54)C3)O[C@@H]2CO)[C@H](O)[C@H](O)[C@H]1O
ZINC000238809628,CC(=O)OC[C@H]1O[C@@H](OC[C@H]2O[C@@H](O[C@]3(COC(C)=O)O[C@H](COC(C)=O)[C@@H](OC(C)=O)[C@@H]3OC(C)=O)[C@H](OC(C)=O)[C@@H](OC(C)=O)[C@@H]2OC(C)=O)[C@H](OC(C)=O)[C@@H](OC(C)=O)[C@H]1OC(C)=O
ZINC000238809629,CC(=O)OC[C@H]1O[C@H](OC[C@H]2O[C@H](O[C@]3(COC(C)=O)O[C@H](COC(C)=O)[C@@H](OC(C)=O)[C@@H]3OC(C)=O)[C@H](OC(C)=O)[C@@H](OC(C)=O)[C@@H]2OC(C)=O)[C@H](OC(C)=O)[C@@H](OC(C)=O)[C@H]1OC(C)=O
ZINC000238809630,CC(=O)OC[C@H]1O[C@@H](OC[C@H]2O[C@H](O[C@]3(COC(C)=O)O[C@H](COC(C)=O)[C@@H](OC(C)=O)[C@@H]3OC(C)=O)[C@H](OC(C)=O)[C@@H](OC(C)=O)[C@@H]2OC(C)=O)[C@H](OC(C)=O)[C@@H](OC(C)=O)[C@H]1OC(C)=O
ZINC000238809631,CC(=O)OC[C@H]1O[C@H](OC[C@H]2O[C@@H](O[C@]3(COC(C)=O)O[C@H](COC(C)=O)[C@@H](OC(C)=O)[C@@H]3OC(C)=O)[C@H](OC(C)=O)[C@@H](OC(C)=O)[C@@H]2OC(C)=O)[C@H](OC(C)=O)[C@@H](OC(C)=O)[C@H]1OC(C)=O
ZINC000242498440,C=C1C[C@@]23CC[C@H]4[C@@](C)(CCC[C@@]4(C)C(=O)O[C@@H]4O[C@H](CO)[C@@H](O)[C@H](O)[C@H]4O)[C@@H]2CC[C@]1(O[C@@H]1O[C@H](CO)[C@@H](O)[C@H](O[C@@H]2O[C@H](CO)[C@@H](O)[C@H](O)[C@H]2O)[C@H]1O[C@@H]1O[C@H](CO)[C@@H](O)[C@H](O)[C@H]1O)C3
ZINC000245224222,C[C@@H]1C(=O)O[C@@H]2[C@H](O)[C@]34[C@@H]5C[C@H](C(C)(C)C)[C@]36[C@H](OC(=O)[C@@H]6O)O[C@@]4(C(=O)O5)[C@]12O
ZINC000245224223,C[C@@H]1C(=O)O[C@@H]2[C@H](O)[C@]34[C@@H]5C[C@H](C(C)(C)C)[C@]36[C@H](OC(=O)[C@@H]6O)O[C@]4(C(=O)O5)[C@]12O
ZINC000245224225,C[C@@H]1C(=O)O[C@@H]2[C@H](O)[C@]34[C@@H]5C[C@H](C(C)(C)C)[C@]36[C@H](OC(=O)[C@@H]6O)O[C@]4(C(=O)O5)[C@@]12O
ZINC000245224226,C[C@@H]1C(=O)O[C@@H]2[C@H](O)[C@]34[C@@H]5C[C@H](C(C)(C)C)[C@]36[C@H](OC(=O)[C@@H]6O)O[C@@]4(C(=O)O5)[C@@]12O
ZINC000245224268,C=C1C[C@@]23CC[C@H]4[C@@](C)(CCC[C@@]4(C)C(=O)O[C@@H]4O[C@H](CO)[C@@H](O)[C@H](O)[C@H]4O)[C@@H]2CC[C@]1(O[C@@H]1O[C@H](CO)[C@@H](O)[C@H](O)[C@H]1O[C@@H]1O[C@H](CO)[C@@H](O)[C@H](O)[C@H]1O)C3
ZINC000247855347,O[C@@H]1CCCN2C[C@H]3C[C@@H](CN4CCCC[C@@H]34)[C@H]12
ZINC000247855352,O[C@@H]1CCCN2C[C@H]3C[C@@H](CN4CCCC[C@H]34)[C@@H]12
ZINC000247855355,O[C@@H]1CCCN2C[C@H]3C[C@@H](CN4CCCC[C@H]34)[C@H]12
ZINC000248148303,C[C@@H]1C(=O)O[C@@H]2[C@H](O)[C@]34[C@@H]5OC(=O)[C@]3(O[C@@H]3OC(=O)[C@H](O)[C@]34[C@H](C(C)(C)C)[C@@H]5O)[C@@]12O
ZINC000248148306,C[C@@H]1C(=O)O[C@@H]2[C@H](O)[C@]34[C@@H]5OC(=O)[C@]3(O[C@@H]3OC(=O)[C@H](O)[C@]34[C@H](C(C)(C)C)[C@@H]5O)[C@]12O
ZINC000248148309,C[C@@H]1C(=O)O[C@@H]2[C@H](O)[C@]34[C@@H]5OC(=O)[C@]3(O[C@@H]3OC(=O)[C@H](O)[C@]34[C@H](C(C)(C)C)[C@H]5O)[C@]12O
ZINC000248148312,C[C@@H]1C(=O)O[C@@H]2[C@H](O)[C@]34[C@@H]5OC(=O)[C@]3(O[C@@H]3OC(=O)[C@H](O)[C@]34[C@H](C(C)(C)C)[C@H]5O)[C@@]12O
ZINC000251729501,CC[C@H](C)[C@@H]1NC(=O)[C@H](Cc2ccccc2)NC1=O
ZINC000253387930,C=C1C[C@@]23CC[C@H]4[C@@](C)(CCC[C@@]4(C)C(=O)O[C@@H]4O[C@H](CO)[C@@H](O)[C@H](O)[C@H]4O)[C@@H]2CC[C@]1(O[C@@H]1O[C@H](CO)[C@@H](O)[C@H](O[C@@H]2O[C@H](CO)[C@@H](O)[C@H](O)[C@H]2O)[C@H]1O[C@@H]1O[C@@H](C)[C@H](O)[C@@H](O)[C@H]1O)C3
ZINC000253497337,N#C[C@@H](O[C@H]1O[C@@H](CO[C@@H]2O[C@H](CO)[C@H](O)[C@H](O)[C@@H]2O)[C@H](O)[C@@H](O)[C@@H]1O)c1ccccc1
ZINC000253497338,N#C[C@@H](O[C@H]1O[C@@H](CO[C@@H]2O[C@H](CO)[C@@H](O)[C@H](O)[C@@H]2O)[C@H](O)[C@@H](O)[C@@H]1O)c1ccccc1
ZINC000253497339,N#C[C@@H](O[C@H]1O[C@@H](CO[C@@H]2O[C@H](CO)[C@@H](O)[C@@H](O)[C@@H]2O)[C@H](O)[C@@H](O)[C@@H]1O)c1ccccc1
ZINC000253497340,N#C[C@@H](O[C@H]1O[C@@H](CO[C@@H]2O[C@H](CO)[C@H](O)[C@@H](O)[C@@H]2O)[C@H](O)[C@@H](O)[C@@H]1O)c1ccccc1
ZINC000253529712,CC(=O)OC(C)(C)/C=C/C(=O)[C@](C)(O)[C@@H]1[C@H](O)C[C@]2(C)[C@@H]3CC=C4[C@H](C=C(O)C(=O)C4(C)C)[C@]3(C)C(=O)C[C@]12C
ZINC000253529713,CC(=O)OC(C)(C)/C=C/C(=O)[C@](C)(O)[C@@H]1[C@H](O)C[C@]2(C)[C@@H]3CC=C4[C@H](C=C(O)C(=O)C4(C)C)[C@@]3(C)C(=O)C[C@]12C
ZINC000253529714,CC(=O)OC(C)(C)/C=C/C(=O)[C@](C)(O)[C@@H]1[C@H](O)C[C@]2(C)[C@@H]3CC=C4[C@H](C=C(O)C(=O)C4(C)C)[C@]3(C)C(=O)C[C@@]12C
ZINC000253529715,CC(=O)OC(C)(C)/C=C/C(=O)[C@](C)(O)[C@@H]1[C@H](O)C[C@]2(C)[C@@H]3CC=C4[C@H](C=C(O)C(=O)C4(C)C)[C@@]3(C)C(=O)C[C@@]12C
ZINC000253643197,O=C1C[C@@H]2OCC=C3C[N@+]4([O-])CC[C@]56c7ccccc7N1[C@H]5[C@H]2[C@H]3C[C@@H]64
ZINC000253643213,O=C1C[C@@H]2OCC=C3C[N@@+]4([O-])CC[C@]56c7ccccc7N1[C@H]5[C@H]2[C@H]3C[C@@H]64
ZINC000253982901,[O-][N@+]12CCCC[C@H]1CCC[C@H]2CO
ZINC000253982903,[O-][N@+]12CCCC[C@@H]1CCC[C@@H]2CO
ZINC000253982904,[O-][N@+]12CCCC[C@H]1CCC[C@@H]2CO
ZINC000253982905,[O-][N@+]12CCCC[C@@H]1CCC[C@H]2CO
ZINC000254079197,C[C@H]1O[C@H](O[C@@H]2C=C3CC[C@@H]4[C@H](CC[C@]5(C)[C@@H](c6ccc(=O)oc6)CC[C@]45O)[C@]3(C)CC2)[C@H](O)[C@@H](O[C@H]2O[C@@H](CO)[C@H](O)[C@@H](O)[C@@H]2O)[C@@H]1O
ZINC000254079199,C[C@@H]1O[C@H](O[C@@H]2C=C3CC[C@@H]4[C@H](CC[C@]5(C)[C@@H](c6ccc(=O)oc6)CC[C@]45O)[C@]3(C)CC2)[C@H](O)[C@@H](O[C@H]2O[C@@H](CO)[C@H](O)[C@@H](O)[C@@H]2O)[C@@H]1O
ZINC000254079202,C[C@H]1O[C@@H](O[C@@H]2C=C3CC[C@@H]4[C@H](CC[C@]5(C)[C@@H](c6ccc(=O)oc6)CC[C@]45O)[C@]3(C)CC2)[C@H](O)[C@@H](O[C@H]2O[C@@H](CO)[C@H](O)[C@@H](O)[C@@H]2O)[C@@H]1O
ZINC000254079204,C[C@@H]1O[C@@H](O[C@@H]2C=C3CC[C@@H]4[C@H](CC[C@]5(C)[C@@H](c6ccc(=O)oc6)CC[C@]45O)[C@]3(C)CC2)[C@H](O)[C@@H](O[C@H]2O[C@@H](CO)[C@H](O)[C@@H](O)[C@@H]2O)[C@@H]1O
ZINC000254141638,COc1cc(O[C@H]2O[C@@H](COC(=O)c3cc(O)c(O)c(O)c3)[C@H](O)[C@@H](O)[C@@H]2O)ccc1O
ZINC000254169496,C=C1C[C@H](O)[C@@H]2C(=C)C(=O)O[C@@H]2[C@@H]2[C@H](C)C(=O)C[C@H]12
ZINC000254169498,C=C1C[C@H](O)[C@@H]2C(=C)C(=O)O[C@@H]2[C@H]2[C@@H]1CC(=O)[C@@H]2C
ZINC000254169501,C=C1C(=O)O[C@H]2[C@@H]1[C@@H](O)CC(=C)[C@@H]1CC(=O)[C@H](C)[C@H]12
ZINC000255197592,CC1(C)CC[C@]2(C(=O)O[C@@H]3O[C@H](CO)[C@@H](O)[C@H](O)[C@H]3O)CC[C@]3(C)C(=CC[C@@H]4[C@@]5(C)CC[C@H](O[C@@H]6O[C@H](C(=O)O)[C@@H](O)[C@H](O[C@@H]7OC[C@@H](O)[C@H](O)[C@H]7O)[C@H]6O)C(C)(C)[C@@H]5CC[C@]43C)[C@@H]2C1
ZINC000255201070,C[C@@H]1O[C@@H](O[C@@H]2[C@@H](CO)O[C@@H](O[C@H]3CC[C@]4(C)[C@H]5CC[C@@]6(C)[C@@H](C[C@@H]7O[C@](O)(CC[C@@H](C)CO[C@@H]8O[C@H](CO)[C@@H](O)[C@H](O)[C@H]8O)[C@@H](C)[C@@H]76)[C@@H]5CC[C@@H]4C3)[C@H](O)[C@H]2O)[C@H](O)[C@H](O)[C@H]1O
ZINC000255201455,C=C1C[C@@]23CC[C@H]4[C@@](C)(CCC[C@@]4(C)C(=O)O[C@@H]4O[C@H](CO)[C@@H](O)[C@H](O)[C@H]4O)[C@@H]2CC[C@]1(O[C@@H]1O[C@H](CO)[C@@H](O)[C@H](O)[C@H]1O[C@@H]1O[C@@H](C)[C@H](O)[C@@H](O)[C@H]1O)C3
ZINC000255222329,C[C@H]1CC[C@@]2(OC1)O[C@H]1C[C@H]3[C@@H]4CC[C@@H]5C[C@@H](O[C@@H]6O[C@H](CO)[C@@H](O[C@@H]7OC[C@H](O)[C@H](O)[C@H]7O)[C@H](O)[C@H]6O[C@@H]6O[C@H](CO)[C@@H](O)[C@H](O)[C@H]6O)CC[C@]5(C)[C@H]4CC[C@]3(C)[C@H]1[C@@H]2C
ZINC000255262519,C[C@@H]1O[C@@H](O[C@@H]2[C@@H](CO)O[C@@H](O[C@H]3CC[C@@]4(C)C(=CC[C@H]5[C@@H]6C[C@@H]7O[C@](O)(CC[C@@H](C)CO[C@@H]8O[C@H](CO)[C@@H](O)[C@H](O)[C@H]8O)[C@@H](C)[C@@H]7[C@@]6(C)CC[C@@H]54)C3)[C@H](O)[C@H]2O)[C@H](O)[C@H](O)[C@H]1O
ZINC000255264052,C=C[C@H]1[C@H](O[C@@H]2O[C@H](COC(C)=O)[C@@H](OC(=O)c3cccc(O[C@@H]4O[C@H](CO)[C@@H](O)[C@H](O)[C@H]4O)c3O)[C@H](OC(C)=O)[C@H]2OC(=O)c2ccccc2)OC=C2C(=O)OCC[C@H]21
ZINC000255266049,C[C@H]1[C@H]2[C@H](C[C@H]3[C@@H]4CC[C@@H]5C[C@@H](O[C@@H]6O[C@H](CO)[C@@H](O)[C@H](O)[C@H]6O[C@@H]6O[C@H](CO)[C@@H](O)[C@H](O)[C@H]6O)CC[C@]5(C)[C@H]4CC[C@@]32C)O[C@]1(O)CC[C@@H](C)CO[C@@H]1O[C@H](CO)[C@@H](O)[C@H](O)[C@H]1O
ZINC000255270402,C[C@H]1CC[C@@H]2[C@@H](C)[C@H]3[C@H](C[C@H]4[C@@H]5CC=C6C[C@@H](O[C@@H]7O[C@H](CO)[C@@H](O[C@@H]8O[C@@H](C)[C@H](O)[C@@H](O)[C@H]8O)[C@H](O)[C@H]7O[C@@H]7O[C@@H](C)[C@H](O)[C@@H](O)[C@H]7O)CC[C@]6(C)[C@H]5CC[C@@]43C)N2C1
ZINC000255972295,C[C@@H]1C(=O)O[C@H]2C[C@]34[C@H]5C[C@@H](C(C)(C)C)[C@@]36[C@H](O)C(=O)O[C@H]6O[C@@]4(C(=O)O5)[C@]21O
ZINC000256002067,CCN1C[C@]2(COC)[C@H]3[C@H](OC)[C@H]4[C@@H]1[C@]3([C@@H](OC)C[C@H]2O)[C@@H]1C[C@@]2(O)[C@H](O)[C@@H]1[C@]4(O)[C@H](O)[C@H]2OC
ZINC000256002068,CCN1C[C@]2(COC)[C@H]3[C@H](OC)[C@H]4[C@@H]1[C@]3([C@@H](OC)C[C@H]2O)[C@@H]1C[C@]2(O)[C@@H](OC)[C@@H](O)[C@@]4(O)[C@H]1[C@H]2O
ZINC000256002069,CCN1C[C@]2(COC)[C@H]3[C@H](OC)[C@H]4[C@@H]1[C@]3([C@@H](OC)C[C@H]2O)[C@@H]1C[C@@]2(O)[C@@H](O)[C@@H]1[C@]4(O)[C@H](O)[C@H]2OC
ZINC000256002070,CCN1C[C@]2(COC)[C@H]3[C@H](OC)[C@H]4[C@@H]1[C@]3([C@@H](OC)C[C@H]2O)[C@@H]1C[C@]2(O)[C@@H](OC)[C@@H](O)[C@@]4(O)[C@H]1[C@@H]2O
ZINC000256081003,CC[C@H](C)C(=O)O[C@@H]1C[C@@H](C)CC[C@H]1C(C)C
ZINC000256106843,CC(=O)O[C@H]1C[C@]2(O)[C@@H]3CC[C@@H]4C[C@@H](OC(=O)CCCCCCC(=O)N[C@H](CCCN=C(N)N)C(=O)O)CC[C@]4(C)[C@H]3CC[C@]2(C)[C@H]1c1ccoc(=O)c1
ZINC000256106849,CC(=O)O[C@H]1C[C@]2(O)[C@@H]3CC[C@@H]4C[C@@H](OC(=O)CCCCCCC(=O)N[C@@H](CCCN=C(N)N)C(=O)O)CC[C@]4(C)[C@H]3CC[C@]2(C)[C@H]1c1ccoc(=O)c1
ZINC000256106851,CC(=O)O[C@H]1C[C@]2(O)[C@@H]3CC[C@@H]4C[C@@H](OC(=O)CCCCCCC(=O)N[C@@H](CCCN=C(N)N)C(=O)O)CC[C@]4(C)[C@@H]3CC[C@]2(C)[C@H]1c1ccoc(=O)c1
ZINC000256106853,CC(=O)O[C@H]1C[C@]2(O)[C@@H]3CC[C@@H]4C[C@@H](OC(=O)CCCCCCC(=O)N[C@H](CCCN=C(N)N)C(=O)O)CC[C@]4(C)[C@@H]3CC[C@]2(C)[C@H]1c1ccoc(=O)c1
ZINC000256287374,CCCCCCCC/C=C/CCCCCCCC(=O)OCCOC[C@H](OCCO)[C@@H]1OC[C@H](OCCO)[C@H]1OCCO
ZINC000256414356,C[C@]12C[C@H](c3ccoc3)OC(=O)[C@@H]1CC(=O)[C@H]1[C@H]3C[C@@H](C[C@H]12)OC3=O
ZINC000256414364,C[C@]12C[C@H](c3ccoc3)OC(=O)[C@@H]1CC(=O)[C@H]1[C@@H]2C[C@@H]2C[C@H]1C(=O)O2
ZINC000256414367,C[C@]12C[C@H](c3ccoc3)OC(=O)[C@@H]1CC(=O)[C@@H]1[C@@H]2C[C@@H]2C[C@H]1C(=O)O2
ZINC000256443551,C=C1[C@H]2CC[C@H]3[C@@]45CCC[C@@](C)(CN6CCO[C@@H]64)[C@H]5CC[C@]3(C2)[C@@H]1O
ZINC000256787842,CN(C)C=Nc1c(I)cc(I)c(CCC(=O)O)c1I
ZINC000257391343,C=C(C)[C@H]1[C@@H]2C(=O)O[C@@H]1C[C@]1(C)[C@]3(CO3)[C@@H]3O[C@H]3[C@]21O
ZINC000257391344,C=C(C)[C@H]1[C@@H]2C(=O)O[C@@H]1C[C@]1(C)[C@]3(CO3)[C@@H]3O[C@H]3[C@@]21O
ZINC000257391345,C=C(C)[C@H]1[C@@H]2C(=O)O[C@@H]1C[C@@]1(C)[C@]2(O)[C@H]2O[C@H]2[C@@]12CO2
ZINC000257391346,C=C(C)[C@H]1[C@@H]2C(=O)O[C@@H]1C[C@]1(C)[C@]3(CO3)[C@@H]3O[C@@H]3[C@@]21O
ZINC000257393034,CC1=CC[C@]23O[C@]2(C)CC[C@@H]2[C@H](C)C(=O)O[C@@H]2[C@H]13
ZINC000257393035,CC1=CC[C@]23O[C@]2(C)CC[C@@H]2[C@H](C)C(=O)O[C@H]2[C@H]13
ZINC000257393036,CC1=CC[C@]23O[C@]2(C)CC[C@@H]2[C@H](C)C(=O)O[C@@H]2[C@@H]13
ZINC000257407287,O=S(=O)(O)O/N=C(\Cc1c[nH]c2ccccc12)S[C@@H]1O[C@H](CO)[C@H](O)[C@@H](O)[C@H]1O
ZINC000257407288,O=S(=O)(O)O/N=C(\Cc1c[nH]c2ccccc12)S[C@@H]1O[C@H](CO)[C@H](O)[C@H](O)[C@H]1O
ZINC000257407289,O=S(=O)(O)O/N=C(\Cc1c[nH]c2ccccc12)S[C@@H]1O[C@H](CO)[C@H](O)[C@@H](O)[C@@H]1O
ZINC000257407290,O=S(=O)(O)O/N=C(\Cc1c[nH]c2ccccc12)S[C@@H]1O[C@H](CO)[C@H](O)[C@H](O)[C@@H]1O
ZINC000257484498,CC[C@@H](C)C(=O)c1c(O)cc(O)cc1O[C@@H]1O[C@@H](CO)[C@H](O)[C@@H](O)[C@@H]1O
ZINC000257484499,CC[C@@H](C)C(=O)c1c(O)cc(O)cc1O[C@H]1O[C@@H](CO)[C@H](O)[C@@H](O)[C@@H]1O
ZINC000257484500,CC[C@H](C)C(=O)c1c(O)cc(O)cc1O[C@@H]1O[C@@H](CO)[C@H](O)[C@@H](O)[C@@H]1O
ZINC000257484501,CC[C@H](C)C(=O)c1c(O)cc(O)cc1O[C@H]1O[C@@H](CO)[C@H](O)[C@@H](O)[C@@H]1O
ZINC000257486912,C=C(CO)C(=O)O[C@@H]1CC(=C)[C@@H]2CC(=O)C(=C)[C@@H]2[C@H]2OC(=O)C(=C)[C@H]12
ZINC000257486913,C=C(CO)C(=O)O[C@@H]1CC(=C)[C@@H]2CC(=O)C(=C)[C@@H]2[C@H]2OC(=O)C(=C)[C@@H]12
ZINC000257628094,COc1cc(/C=C/C(=O)O[C@@H]2O[C@@H](CO)[C@H](O)[C@@H](O)[C@@H]2O)cc(OC)c1O
ZINC000257695236,CCN1C[C@@]2(CO)CC[C@H](OC)[C@]34[C@H]1[C@](O)([C@H](OC)[C@H]32)[C@]1(O)C[C@@H](OC)[C@@H]2C[C@@H]4[C@@H]1[C@H]2OC
ZINC000257695237,CCN1C[C@@]2(CO)CC[C@H](OC)[C@]34[C@H]1[C@](O)([C@H](OC)[C@H]32)[C@]1(O)C[C@@H](OC)[C@@H]2C[C@@H]4[C@@H]1[C@@H]2OC
ZINC000257695238,CCN1C[C@@]2(CO)CC[C@H](OC)[C@]34[C@H]1[C@](O)([C@@H](OC)[C@H]32)[C@]1(O)C[C@@H](OC)[C@@H]2C[C@@H]4[C@@H]1[C@@H]2OC
ZINC000257695239,CCN1C[C@@]2(CO)CC[C@H](OC)[C@]34[C@H]1[C@](O)([C@@H](OC)[C@H]32)[C@]1(O)C[C@@H](OC)[C@@H]2C[C@@H]4[C@@H]1[C@H]2OC
ZINC000257764629,C[C@@H]1CC[C@H]2[C@H](C)[C@@H]3[C@@H](C[C@@H]4[C@H]5CC=C6C[C@@H](O[C@H]7O[C@@H](CO)[C@H](O)[C@@H](O[C@@H]8O[C@H](CO)[C@@H](O)[C@@H](O)[C@@H]8O)[C@@H]7O[C@@H]7O[C@H](C)[C@@H](O)[C@H](O)[C@@H]7O)CC[C@@]6(C)[C@@H]5CC[C@@]34C)N2C1
ZINC000257764630,C[C@@H]1CC[C@H]2[C@H](C)[C@@H]3[C@@H](C[C@@H]4[C@H]5CC=C6C[C@@H](O[C@H]7O[C@@H](CO)[C@H](O)[C@@H](O[C@@H]8O[C@H](CO)[C@@H](O)[C@H](O)[C@@H]8O)[C@@H]7O[C@@H]7O[C@H](C)[C@@H](O)[C@H](O)[C@@H]7O)CC[C@@]6(C)[C@@H]5CC[C@@]34C)N2C1
ZINC000257764631,C[C@@H]1CC[C@H]2[C@H](C)[C@@H]3[C@@H](C[C@@H]4[C@H]5CC=C6C[C@@H](O[C@H]7O[C@@H](CO)[C@H](O)[C@@H](O[C@@H]8O[C@H](CO)[C@H](O)[C@H](O)[C@@H]8O)[C@@H]7O[C@@H]7O[C@H](C)[C@@H](O)[C@H](O)[C@@H]7O)CC[C@@]6(C)[C@@H]5CC[C@@]34C)N2C1
ZINC000257764632,C[C@@H]1CC[C@H]2[C@H](C)[C@@H]3[C@@H](C[C@@H]4[C@H]5CC=C6C[C@@H](O[C@H]7O[C@@H](CO)[C@H](O)[C@@H](O[C@@H]8O[C@H](CO)[C@H](O)[C@@H](O)[C@@H]8O)[C@@H]7O[C@@H]7O[C@H](C)[C@@H](O)[C@H](O)[C@@H]7O)CC[C@@]6(C)[C@@H]5CC[C@@]34C)N2C1
ZINC000257799589,COc1ccc2c(c1)[C@]13CCN4CC5=CCO[C@@H]6CC(=O)N2[C@H]1[C@@H]6[C@H]5C[C@H]43
ZINC000257799590,COc1ccc2c(c1)[C@]13CCN4CC5=CCO[C@@H]6CC(=O)N2[C@H]1[C@H]6[C@H]5C[C@H]43
ZINC000257799591,COc1ccc2c(c1)[C@]13CCN4CC5=CCO[C@@H]6CC(=O)N2[C@@H]1[C@H]6[C@H]5C[C@H]43
ZINC000261362000,C=C1C[C@@]23CC[C@H]4[C@@](C)(CCC[C@@]4(C)C(=O)O)[C@@H]2CC[C@]1(O[C@@H]1O[C@H](CO)[C@@H](O)[C@H](O[C@@H]2O[C@H](CO)[C@@H](O)[C@H](O)[C@H]2O)[C@H]1O[C@@H]1O[C@H](CO)[C@@H](O)[C@H](O)[C@H]1O)C3
ZINC000261515685,CC[C@](C)(O)C(=O)O[C@@H]1C(=O)O[C@@H]2C[C@@H]3C(C)=C[C@H](O)[C@@H](O)[C@]3(C)[C@@H]3[C@]4(O)OC[C@]32[C@H]1[C@@H](C)[C@H]4O
ZINC000261515686,CC[C@](C)(O)C(=O)O[C@@H]1C(=O)O[C@@H]2C[C@@H]3C(C)=C[C@H](O)[C@@H](O)[C@]3(C)[C@H]3[C@]4(O)OC[C@@]23[C@@H]1[C@@H](C)[C@H]4O
ZINC000261515687,CC[C@](C)(O)C(=O)O[C@@H]1C(=O)O[C@@H]2C[C@@H]3C(C)=C[C@H](O)[C@@H](O)[C@]3(C)[C@@H]3[C@]4(O)OC[C@]32[C@@H]1[C@@H](C)[C@H]4O
ZINC000409421828,O=C(/C=C/c1ccc(O)c(O)c1)O[C@@H]1C[C@](O)(C(=O)O)C[C@@H](O)[C@@H]1O
ZINC000535384008,C=C1C(=O)O[C@@H]2[C@H]3C(COC(=O)C(=O)O)=CC(=O)C3=C(C)C[C@H](O)[C@@H]12
ZINC000936069703,C[C@@H](CC[C@@]1(O)O[C@H]2C[C@H]3[C@@H]4CC=C5C[C@@H](O[C@@H]6O[C@H](CO)[C@@H](O[C@@H]7O[C@@H](C)[C@H](O)[C@@H](O)[C@H]7O)[C@H](O)[C@H]6O)CC[C@]5(C)[C@H]4CC[C@]3(C)[C@H]2[C@@H]1C)CO[C@@H]1O[C@H](CO)[C@@H](O)[C@H](O)[C@H]1O
ZINC001642676190,C[C@@H]1C[C@]23CCCN4CCC[C@H](C(=O)CC2)[C@@]43C1
ZINC001642676204,C[C@@H]1C[C@]23CCCN4CCC[C@H](C(=O)CC2)[C@]43C1
ZINC001642676206,CC[C@@H]1OC(=O)[C@H](C)C(=O)[C@H](C)[C@H](O[C@@H]2O[C@H](C)C[C@H](N(C)C)[C@@H]2O)[C@H](C)C[C@H](C)C(=O)/C=C\[C@]1(C)O
ZINC001642676213,CC[C@@H]1OC(=O)[C@H](C)C(=O)[C@H](C)[C@H](O[C@@H]2O[C@H](C)C[C@H](N(C)C)[C@@H]2O)[C@H](C)C[C@@H](C)C(=O)/C=C\[C@]1(C)O
ZINC001642676216,CC[C@@H]1OC(=O)[C@H](C)C(=O)[C@H](C)[C@H](O[C@@H]2O[C@H](C)C[C@H](N(C)C)[C@@H]2O)[C@H](C)C[C@H](C)C(=O)/C=C\[C@@]1(C)O
ZINC001642676218,CC[C@@H]1OC(=O)[C@H](C)C(=O)[C@H](C)[C@H](O[C@@H]2O[C@H](C)C[C@H](N(C)C)[C@@H]2O)[C@H](C)C[C@@H](C)C(=O)/C=C\[C@@]1(C)O
ZINC001642676220,CO[C@@H]1C[C@H](O[C@H]2CC[C@]3(C)[C@@H]4CC[C@]5(C)[C@@H](C6=CC(=O)OC6)CC[C@]5(O)[C@H]4CC[C@]3(O)C2)O[C@@H](C)[C@H]1O
ZINC001642676226,CO[C@@H]1C[C@H](O[C@H]2CC[C@]3(C)[C@@H]4CC[C@]5(C)[C@@H](C6=CC(=O)OC6)CC[C@]5(O)[C@H]4CC[C@]3(O)C2)O[C@H](C)[C@H]1O
ZINC001642676390,C/C=C(\C)C(=O)O[C@@H]1C[C@H]2[C@@H](CC=C3C[C@@H](O)CC[C@@]32C)[C@@]2(O)CC[C@@H](C(C)=O)[C@@]12C
ZINC001642676391,CC(C)=CC[C@H]1C(=O)C(C(=O)CC(C)C)=C(O)[C@@]1(O)C(=O)/C=C/C(C)(C)OO
ZINC001642676392,CC(C)=CC[C@H]1C(=O)C(C(=O)CC(C)C)=C(O)[C@]1(O)C(=O)/C=C/C(C)(C)OO
ZINC001642676393,CC(C)=CC[C@@H]1C(=O)C(C(=O)CC(C)C)=C(O)[C@]1(O)C(=O)/C=C/C(C)(C)OO
ZINC001642676394,CC(C)=CC[C@@H]1C(=O)C(C(=O)CC(C)C)=C(O)[C@@]1(O)C(=O)/C=C/C(C)(C)OO
ZINC001642676395,O=C1/C(=C/c2ccco2)[C@H](CO)[n+]2cc(O)c(Cc3ccco3)c(CO)c21
ZINC001642676396,O=C1/C(=C/c2ccco2)[C@@H](CO)[n+]2cc(O)c(Cc3ccco3)c(CO)c21
ZINC001642676397,CC(C)=C[C@@H]1OC(C)(C)[C@@H]2C[C@@H]3C(=O)C(C(=O)CC(C)C)=C(O)[C@]3(O)[C@]12O
ZINC001642676398,CC(C)=C[C@@H]1OC(C)(C)[C@@H]2C[C@@H]3C(=O)C(C(=O)CC(C)C)=C(O)[C@@]3(O)[C@@]12O
ZINC001642676399,CC(C)=C[C@@H]1OC(C)(C)[C@@H]2C[C@@H]3C(=O)C(C(=O)CC(C)C)=C(O)[C@@]3(O)[C@]12O
ZINC001642676400,CC(C)=C[C@@H]1OC(C)(C)[C@@H]2C[C@@H]3C(=O)C(C(=O)CC(C)C)=C(O)[C@]3(O)[C@@]12O
ZINC001642676401,CC(C)=CC[C@@H]1C(=O)C(C(=O)C(C)C)=C(O)[C@@]1(O)C(=O)/C=C/C(C)(C)OO
ZINC001642676402,CC(C)=CC[C@H]1C(=O)C(C(=O)C(C)C)=C(O)[C@@]1(O)C(=O)/C=C/C(C)(C)OO
ZINC001642676403,CC(C)=CC[C@H]1C(=O)C(C(=O)C(C)C)=C(O)[C@]1(O)C(=O)/C=C/C(C)(C)OO
ZINC001642676404,CC(C)=CC[C@@H]1C(=O)C(C(=O)C(C)C)=C(O)[C@]1(O)C(=O)/C=C/C(C)(C)OO
ZINC001642676405,C[C@@H](CC[C@@]1(O)O[C@@H]2C[C@H]3[C@@H]4CC[C@H]5C[C@@H](O[C@@H]6O[C@H](CO)[C@@H](O[C@@H]7O[C@@H](C)[C@H](O)[C@@H](O)[C@H]7O)[C@H](O)[C@H]6O)CC[C@]5(C)[C@H]4CC[C@]3(C)[C@@H]2[C@@H]1C)CO[C@@H]1O[C@H](CO)[C@@H](O)[C@H](O)[C@H]1O
ZINC001642676406,C[C@@H]1O[C@@H](O[C@@H]2[C@@H](CO)O[C@@H](O[C@H]3CC[C@]4(C)[C@H]5CC[C@]6(C)[C@H]7[C@H](C[C@H]6[C@@H]5CC[C@@H]4C3)O[C@](O)(CC[C@@H](C)CO[C@@H]3O[C@H](CO)[C@@H](O)[C@H](O)[C@H]3O)[C@H]7C)[C@H](O)[C@H]2O)[C@H](O)[C@H](O)[C@H]1O
ZINC001642676407,C[C@@H](CC[C@@]1(O)O[C@@H]2C[C@H]3[C@@H]4CC[C@@H]5C[C@@H](O[C@@H]6O[C@H](CO)[C@@H](O[C@@H]7O[C@@H](C)[C@H](O)[C@@H](O)[C@H]7O)[C@H](O)[C@H]6O)CC[C@]5(C)[C@H]4CC[C@]3(C)[C@@H]2[C@@H]1C)CO[C@@H]1O[C@H](CO)[C@@H](O)[C@H](O)[C@H]1O
ZINC001642676408,C[C@@H](CC[C@@]1(O)O[C@@H]2C[C@H]3[C@@H]4CC[C@@H]5C[C@@H](O[C@@H]6O[C@H](CO)[C@@H](O[C@@H]7O[C@@H](C)[C@H](O)[C@@H](O)[C@H]7O)[C@H](O)[C@H]6O)CC[C@]5(C)[C@H]4CC[C@]3(C)[C@H]2[C@@H]1C)CO[C@@H]1O[C@H](CO)[C@@H](O)[C@H](O)[C@H]1O
ZINC001642676409,C[C@@H](CC[C@@]1(O)O[C@@H]2C[C@H]3[C@@H]4CC[C@H]5C[C@@H](O[C@@H]6O[C@H](CO)[C@@H](O[C@@H]7O[C@@H](C)[C@H](O)[C@@H](O)[C@H]7O)[C@H](O)[C@H]6O)CC[C@]5(C)[C@H]4CC[C@]3(C)[C@H]2[C@@H]1C)CO[C@@H]1O[C@H](CO)[C@@H](O)[C@H](O)[C@H]1O
ZINC001642676410,C[C@@H]1O[C@@H](O[C@@H]2[C@@H](CO)O[C@@H](O[C@H]3CC[C@]4(C)[C@H]5CC[C@@]6(C)[C@@H](C[C@H]7O[C@](O)(CC[C@@H](C)CO[C@@H]8O[C@H](CO)[C@@H](O)[C@H](O)[C@H]8O)[C@@H](C)[C@@H]76)[C@@H]5CC[C@@H]4C3)[C@H](O)[C@H]2O)[C@H](O)[C@H](O)[C@H]1O
ZINC001642676411,C[C@@H]1O[C@@H](O[C@@H]2[C@@H](CO)O[C@@H](O[C@H]3CC[C@]4(C)[C@H]5CC[C@]6(C)[C@@H]7[C@H](C)[C@@](O)(CC[C@@H](C)CO[C@@H]8O[C@H](CO)[C@@H](O)[C@H](O)[C@H]8O)O[C@@H]7C[C@H]6[C@@H]5CC[C@@H]4C3)[C@H](O)[C@H]2O)[C@H](O)[C@H](O)[C@H]1O
ZINC001642676412,C/C=C(\C)C(=O)O[C@@H]1C[C@H]2[C@@H](CC=C3C[C@@H](O[C@H]4C[C@H](OC)[C@H](O[C@H]5C[C@H](OC)[C@H](O[C@@H]6O[C@H](C)[C@@H](O)[C@H](OC)[C@H]6O)[C@@H](C)O5)[C@@H](C)O4)CC[C@@]32C)[C@]2(O)CC[C@H](C(C)=O)[C@@]12C
ZINC001642676413,C/C=C(\C)C(=O)O[C@@H]1C[C@H]2[C@@H](CC=C3C[C@@H](O[C@H]4C[C@H](OC)[C@@H](O[C@H]5C[C@H](OC)[C@H](O[C@@H]6O[C@H](C)[C@@H](O)[C@H](OC)[C@H]6O)[C@@H](C)O5)[C@@H](C)O4)CC[C@@]32C)[C@]2(O)CC[C@H](C(C)=O)[C@@]12C
ZINC001642676414,C=C1C(=O)O[C@H]2[C@H]1CC[C@@]1(C)[C@H](O)CC(=O)[C@@H](C)[C@@H]21
ZINC001642676415,CC[C@H](C)C(=O)C1=C(O)[C@@]2(CC=C(C)C)C[C@H]3C(C)(C)CC[C@@]3(C1=O)C2=O
ZINC001642676416,CC[C@@H](C)C(=O)C1=C(O)[C@@]2(CC=C(C)C)C[C@H]3C(C)(C)CC[C@@]3(C1=O)C2=O
ZINC001642676417,CC(C)CC1=C2C(=O)[C@H]3C[C@@H](C(C)(C)O)[C@@]4(O)C[C@@H](C(C)(C)O1)[C@]2(O)[C@@]34O
ZINC001642676418,CC(C)=CC[C@@]12C[C@H]3C(C)(C)CC[C@@]3(C(=O)C(C(=O)CC(C)C)=C1O)C2=O
ZINC001642676419,CC(C)C(=O)C1=C(O)[C@]2(O)[C@H](C[C@@H]3C(C)(C)O[C@H](O)C[C@@]32O)C1=O
ZINC001642676426,CC(C)C(=O)C1=C(O)[C@]2(O)[C@H](C[C@@H]3C(C)(C)O[C@@H](O)C[C@]32O)C1=O
ZINC001642676427,CC(C)C(=O)C1=C(O)[C@]2(O)[C@H](C[C@@H]3C(C)(C)O[C@@H](O)C[C@@]32O)C1=O
ZINC001642676428,CC(C)C(=O)C1=C(O)[C@]2(O)[C@H](C[C@@H]3C(C)(C)O[C@H](O)C[C@]32O)C1=O
ZINC001642676429,CCOC(C)(C)CCc1c(O)cc(OC)c(C(=O)/C=C/c2ccc(O)cc2)c1O
ZINC001642676432,CC(C)=CC[C@@]12C[C@H]3C(C)(C)[C@@H](C(C)C)C[C@@]3(C(=O)C(C(=O)C(C)C)=C1O)C2=O
ZINC001642676439,CC(C)=CC[C@@]12C[C@H]3C(C)(C)[C@H](C(C)C)C[C@@]3(C(=O)C(C(=O)C(C)C)=C1O)C2=O
ZINC001642676440,O=C(CCc1ccc(O)c(O)c1)NCCCCN(CCCNC(=O)CCc1ccc(O)c(O)c1)C(=O)CCc1ccc(O)c(O)c1
ZINC001642676450,CC[C@@H](C)C(=O)C1=C(O)[C@@]23C[C@H](C(C)(C)OO)C(C)(C)[C@@H]2C[C@@](CC=C(C)C)(C1=O)C3=O
ZINC001642676456,CC[C@H](C)C(=O)C1=C(O)[C@@]23C[C@H](C(C)(C)OO)C(C)(C)[C@@H]2C[C@@](CC=C(C)C)(C1=O)C3=O
ZINC001642676458,CC[C@@H](C)C(=O)C1=C(O)[C@@]23C[C@@H](C(C)(C)OO)C(C)(C)[C@@H]2C[C@@](CC=C(C)C)(C1=O)C3=O
ZINC001642676459,CC[C@H](C)C(=O)C1=C(O)[C@@]23C[C@@H](C(C)(C)OO)C(C)(C)[C@@H]2C[C@@](CC=C(C)C)(C1=O)C3=O
ZINC001642676460,CC(C)=CC[C@@]12C[C@H]3C(C)(C)[C@H](C(C)(C)OO)C[C@]3(C1=O)C(O)=C(C(=O)CC(C)C)C2=O
ZINC001642676461,CC(C)=CC[C@@]12C[C@H]3C(C)(C)[C@@H](C(C)(C)OO)C[C@]3(C1=O)C(O)=C(C(=O)CC(C)C)C2=O
ZINC001642676464,C=C1C(=O)O[C@H]2C=C(C)[C@@H](OC(C)=O)CCC(C)=C[C@@H](OC(C)=O)[C@H]12
ZINC001642676472,COc1cc(O)c(CCC(C)(C)OC)c2c1C(=O)C[C@H](c1ccc(O)cc1)O2
ZINC001642676484,COc1cc(O)c(CCC(C)(C)OC)c2c1C(=O)C[C@@H](c1ccc(O)cc1)O2
ZINC001642676487,CC(=O)OCC1=C2[C@H](CCC1)[C@@]1(C[C@@H](c3ccoc3)OC1=O)[C@H](C)C[C@H]2O[C@@H]1O[C@H](CO)[C@@H](O)[C@H](O)[C@H]1O
ZINC001642676491,COc1c(CC=C(C)C)c(O)c2c(c1C(=O)/C=C/c1ccc(O)cc1)OC(C)(C)CC2
ZINC001642676496,CC[C@H](C)C(=O)C1=C(O)[C@@]2(O)[C@H](C[C@H]3C(C)(C)[C@@H](C(C)(C)O)C[C@]32O)C1=O
ZINC001642676498,CC[C@@H](C)C(=O)C1=C(O)[C@@]2(O)[C@H](C[C@H]3C(C)(C)[C@@H](C(C)(C)O)C[C@]32O)C1=O
ZINC001642676499,C=C(C)CCc1c(O)cc(OC)c(C(=O)/C=C/c2ccc(O)cc2)c1O
ZINC001642676507,CC(C)=CCC1=C(O)C(CC=C(C)C)(CC=C(C)C)C(=O)C2=C1O[C@@H](c1ccc(O)cc1)CC2=O
ZINC001642676519,CC(C)=CCC1=C(O)C(CC=C(C)C)(CC=C(C)C)C(=O)C2=C1O[C@H](c1ccc(O)cc1)CC2=O
ZINC001642676520,CC(C)CC(=O)C1=C(O)[C@]2(O)[C@H](C[C@@H]3C(C)(C)O[C@H](O)C[C@@]32O)C1=O
ZINC001642676523,CC(C)CC(=O)C1=C(O)[C@]2(O)[C@H](C[C@@H]3C(C)(C)O[C@H](O)C[C@]32O)C1=O
ZINC001642676524,CC(C)CC(=O)C1=C(O)[C@]2(O)[C@H](C[C@@H]3C(C)(C)O[C@@H](O)C[C@@]32O)C1=O
ZINC001642676525,CC(C)CC(=O)C1=C(O)[C@]2(O)[C@H](C[C@@H]3C(C)(C)O[C@@H](O)C[C@]32O)C1=O
ZINC001642676528,CC(C)=CCc1c(O)c(O)c(O)c2c1OC(C)(C)CC2=O
ZINC001642676533,COC1=CC(=O)C(CC=C(C)C)(CC=C(C)C)C(=O)/C1=C(O)/C=C/c1ccc(O)cc1
ZINC001642676537,CC[C@@H](C)C1=C2C(=O)[C@H]3C[C@@H](C(C)(C)O)[C@@]4(O)C[C@@H](C(C)(C)O1)[C@]2(O)[C@@]34O
ZINC001642676541,CC[C@H](C)C1=C2C(=O)[C@H]3C[C@@H](C(C)(C)O)[C@@]4(O)C[C@@H](C(C)(C)O1)[C@]2(O)[C@@]34O
ZINC001642676543,CCOC(C)(C)CCc1c(O)cc(OC)c2c1O[C@H](c1ccc(O)cc1)CC2=O
ZINC001642676550,CCOC(C)(C)CCc1c(O)cc(OC)c2c1O[C@@H](c1ccc(O)cc1)CC2=O
ZINC001642676552,C=C(C)[C@H]1C[C@]2(O)[C@@H](C[C@@H]3C(=O)C(C(=O)CC(C)C)=C(O)[C@@]32O)C1(C)C
ZINC001642676554,CC(=O)OC[C@@]12[C@H](CCC(=O)[C@@]13CO3)[C@@]1(C[C@@H](c3ccoc3)O[C@@H]1O)[C@H](C)C[C@H]2O
ZINC001642676555,CC(C)=CC[C@@]12C[C@H]3C(C)(C)[C@H](C(C)C)C[C@@]3(C(=O)C(C(=O)CC(C)C)=C1O)C2=O
ZINC001642676556,CC(C)=CC[C@@]12C[C@H]3C(C)(C)[C@@H](C(C)C)C[C@@]3(C(=O)C(C(=O)CC(C)C)=C1O)C2=O
ZINC001642676557,CC(C)=C[C@@H]1OC(C)(C)[C@@H]2C[C@@H]3C(=O)C(C(=O)C(C)C)=C(O)[C@@]3(O)[C@@]12O
ZINC001642676558,CC(C)=C[C@@H]1OC(C)(C)[C@@H]2C[C@@H]3C(=O)C(C(=O)C(C)C)=C(O)[C@]3(O)[C@@]12O
ZINC001642676559,CC(C)=C[C@@H]1OC(C)(C)[C@@H]2C[C@@H]3C(=O)C(C(=O)C(C)C)=C(O)[C@@]3(O)[C@]12O
ZINC001642676560,CC(C)=C[C@@H]1OC(C)(C)[C@@H]2C[C@@H]3C(=O)C(C(=O)C(C)C)=C(O)[C@]3(O)[C@]12O
ZINC001642676561,CC(C)=CCC(=O)[C@@]1(O)C(=O)C(C(=O)C(C)C)=C(O)[C@@]1(O)CC=C(C)C
ZINC001642676562,CC(C)=CC[C@H]1C(=O)C(C(=O)CC(C)C)=C(O)[C@@]1(O)C(=O)/C=C/C(C)(C)O
ZINC001642676563,CC(C)=CC[C@@H]1C(=O)C(C(=O)CC(C)C)=C(O)[C@]1(O)C(=O)/C=C/C(C)(C)O
ZINC001642676564,CC(C)=CC[C@@H]1C(=O)C(C(=O)CC(C)C)=C(O)[C@@]1(O)C(=O)/C=C/C(C)(C)O
ZINC001642676565,O=C1/C(=C\c2ccco2)[C@@H](CO)[n+]2cc(O)c(Cc3ccco3)cc21
ZINC001642676566,O=C1/C(=C\c2ccco2)[C@H](CO)[n+]2cc(O)c(Cc3ccco3)cc21
ZINC001642676567,CC[C@H](C)C(=O)C1=C(O)[C@](O)(C(=O)/C=C/C(C)C)[C@@H](CC=C(C)C)C1=O
ZINC001642676568,CC[C@H](C)C(=O)C1=C(O)[C@@](O)(C(=O)/C=C/C(C)C)[C@H](CC=C(C)C)C1=O
ZINC001642676569,CC[C@@H](C)C(=O)C1=C(O)[C@](O)(C(=O)/C=C/C(C)C)[C@@H](CC=C(C)C)C1=O
ZINC001642676570,CC[C@@H](C)C(=O)C1=C(O)[C@](O)(C(=O)/C=C/C(C)C)[C@H](CC=C(C)C)C1=O
ZINC001642676571,CC[C@H](C)C(=O)C1=C(O)[C@@](O)(C(=O)/C=C/C(C)C)[C@@H](CC=C(C)C)C1=O
ZINC001642676572,CC[C@@H](C)C(=O)C1=C(O)[C@@](O)(C(=O)/C=C/C(C)C)[C@H](CC=C(C)C)C1=O
ZINC001642676573,CC[C@@H](C)C(=O)C1=C(O)[C@@](O)(C(=O)/C=C/C(C)C)[C@@H](CC=C(C)C)C1=O
ZINC001642676574,CC[C@H](C)C(=O)C1=C(O)[C@](O)(C(=O)/C=C/C(C)C)[C@H](CC=C(C)C)C1=O
ZINC001642676575,CCCCCCCCCCCCCCCCCC(=O)OCCOC[C@H](OCCOC)[C@@H]1OC[C@H](OCCOC)[C@@H]1OCCOC
ZINC001642676576,CCCCCCCCCCCCCCCCCC(=O)OCCOC[C@H](OCCOC)[C@@H]1OC[C@H](OCCOC)[C@H]1OCCOC
ZINC001642676577,C=C1C[C@@]23CC[C@@H]4[C@@](C)(CCC[C@@]4(C)C(=O)O)[C@@H]2CC[C@]1(O[C@@H]1O[C@H](CO)[C@@H](O)[C@H](O)[C@H]1O[C@@H]1O[C@H](CO)[C@@H](O)[C@H](O)[C@H]1O)C3
ZINC001642676578,C=C1C[C@@]23CC[C@@H]4[C@@](C)(CCC[C@@]4(C)C(=O)O)[C@H]2CC[C@]1(O[C@@H]1O[C@H](CO)[C@@H](O)[C@H](O)[C@H]1O[C@@H]1O[C@H](CO)[C@@H](O)[C@H](O)[C@H]1O)C3
ZINC001642676579,C=C1C[C@@]23CC[C@H]4[C@@](C)(CCC[C@@]4(C)C(=O)O)[C@H]2CC[C@]1(O[C@@H]1O[C@H](CO)[C@@H](O)[C@H](O)[C@H]1O[C@@H]1O[C@H](CO)[C@@H](O)[C@H](O)[C@H]1O)C3
ZINC001642676580,CC(C)CC(=O)C1=C(O)[C@@]2(O)[C@H](C[C@H]3C(C)(C)[C@@H](C(C)(C)O)C[C@]32O)C1=O
ZINC001642676581,COc1cc(O)c(CCC(C)(C)OC)c(O)c1C(=O)/C=C/c1ccc(O)cc1
ZINC001642676582,CC(C)C(=O)C1=C(O)[C@@]2(O)[C@H](C[C@H]3C(C)(C)[C@@H](C(C)(C)O)C[C@]32O)C1=O
ZINC001642676583,C=C(C(=O)O)[C@@H]1[C@@H](O)C=C(C)[C@]2(O)CC=C(C)[C@@H]2[C@H]1O
ZINC001642676584,CC1=C[C@H](O)[C@H]2[C@H](CC(C)=CCC1)OC(=O)[C@@]2(C)O
ZINC001642676585,CC1=C[C@H](O)[C@@H]2[C@H](CC(C)=CCC1)OC(=O)[C@@]2(C)O
ZINC001642676586,C=C(C)[C@@H]1C[C@]23C(=O)C(C(=O)CC(C)C)=C(O)[C@@](CC=C(C)C)(C[C@H]2C1(C)C)C3=O
ZINC001642676587,C=C(C)[C@H]1C[C@]23C(=O)C(C(=O)CC(C)C)=C(O)[C@@](CC=C(C)C)(C[C@H]2C1(C)C)C3=O
ZINC001642676588,CC[C@H](C)C(=O)C1=C(O)[C@]2(O)[C@H](C[C@@H]3C(C)(C)O[C@@H](O)C[C@]32O)C1=O
ZINC001642676589,CC[C@H](C)C(=O)C1=C(O)[C@]2(O)[C@H](C[C@@H]3C(C)(C)O[C@@H](O)C[C@@]32O)C1=O
ZINC001642676661,CC[C@H](C)C(=O)C1=C(O)[C@]2(O)[C@H](C[C@@H]3C(C)(C)O[C@H](O)C[C@]32O)C1=O
ZINC001642676662,CC[C@H](C)C(=O)C1=C(O)[C@]2(O)[C@H](C[C@@H]3C(C)(C)O[C@H](O)C[C@@]32O)C1=O
ZINC001642676663,CC(C)=CC[C@@H]1C(=O)C(C(=O)C(C)C)=C(O)[C@@]1(O)C(=O)/C=C/C(C)(C)O
ZINC001642676664,CC(C)=CC[C@H]1C(=O)C(C(=O)C(C)C)=C(O)[C@@]1(O)C(=O)/C=C/C(C)(C)O
ZINC001642676665,CC(C)=CC[C@H]1C(=O)C(C(=O)C(C)C)=C(O)[C@]1(O)C(=O)/C=C/C(C)(C)O
ZINC001642676666,CC(C)=CC[C@@H]1C(=O)C(C(=O)C(C)C)=C(O)[C@]1(O)C(=O)/C=C/C(C)(C)O
ZINC001642676667,CC(C)=CC[C@@]12C[C@H]3C(C)(C)CC[C@@]3(C(=O)C(C(=O)C(C)C)=C1O)C2=O
ZINC001642676668,O=Cc1ccc(CO)n1Cc1ccc(CO)o1
ZINC001642676682,C=C1[C@@H](OC(C)=O)C[C@@H]2[C@H](C=C(C)CC[C@H]1O)OC(=O)[C@@H]2C
ZINC001642676699,C=C1[C@@H](OC(C)=O)C[C@H]2[C@H](C=C(C)CC[C@H]1O)OC(=O)[C@@H]2C
ZINC001642676700,C=C1[C@H](O)CCC(C)=C[C@@H]2OC(=O)[C@H](C)[C@@H]2C[C@H]1OC(C)=O
ZINC001642676701,C=C1[C@H](O)CCC(C)=C[C@@H]2OC(=O)[C@H](C)[C@H]2C[C@H]1OC(C)=O
ZINC001642676702,CC[C@H](C)C(=O)C1=C(O)[C@@]2(CC=C(C)C)C[C@H]3C(C)(C)[C@@H](C(C)C)C[C@@]3(C1=O)C2=O
ZINC001642676703,CC[C@@H](C)C(=O)C1=C(O)[C@@]2(CC=C(C)C)C[C@H]3C(C)(C)[C@@H](C(C)C)C[C@@]3(C1=O)C2=O
ZINC001642676704,CC[C@H](C)C(=O)C1=C(O)[C@@]2(CC=C(C)C)C[C@H]3C(C)(C)[C@H](C(C)C)C[C@@]3(C1=O)C2=O
ZINC001642676705,CC[C@@H](C)C(=O)C1=C(O)[C@@]2(CC=C(C)C)C[C@H]3C(C)(C)[C@H](C(C)C)C[C@@]3(C1=O)C2=O
ZINC001642676706,CC(C)C1=C2C(=O)[C@H]3C[C@@H](C(C)(C)O)[C@@]4(O)C[C@@H](C(C)(C)O1)[C@]2(O)[C@@]34O
ZINC001642676707,C=CCSC[C@@H](C(=O)O)N1Cc2ccc(C=O)n2[C@@H](CSCC=C)C1=O
ZINC001642676708,CC[C@H](C)C(=O)C1=C(O)[C@](O)(C(=O)/C=C/C(C)(C)OO)[C@H](CC=C(C)C)C1=O
ZINC001642676709,CC[C@@H](C)C(=O)C1=C(O)[C@@](O)(C(=O)/C=C/C(C)(C)OO)[C@H](CC=C(C)C)C1=O
ZINC001642676710,CC[C@H](C)C(=O)C1=C(O)[C@@](O)(C(=O)/C=C/C(C)(C)OO)[C@H](CC=C(C)C)C1=O
ZINC001642676711,CC[C@@H](C)C(=O)C1=C(O)[C@](O)(C(=O)/C=C/C(C)(C)OO)[C@H](CC=C(C)C)C1=O
ZINC001642676712,CC[C@@H](C)C(=O)C1=C(O)[C@](O)(C(=O)/C=C/C(C)(C)OO)[C@@H](CC=C(C)C)C1=O
ZINC001642676713,CC[C@@H](C)C(=O)C1=C(O)[C@@](O)(C(=O)/C=C/C(C)(C)OO)[C@@H](CC=C(C)C)C1=O
ZINC001642676714,CC[C@H](C)C(=O)C1=C(O)[C@](O)(C(=O)/C=C/C(C)(C)OO)[C@@H](CC=C(C)C)C1=O
ZINC001642676715,CC[C@H](C)C(=O)C1=C(O)[C@@](O)(C(=O)/C=C/C(C)(C)OO)[C@@H](CC=C(C)C)C1=O
ZINC001642676716,CC[C@@H](C)C(=O)C1=C(O)[C@@](O)(CC=C(C)C)[C@@](O)(C(=O)CC=C(C)C)C1=O
ZINC001642676717,CC[C@H](C)C(=O)C1=C(O)[C@@](O)(CC=C(C)C)[C@@](O)(C(=O)CC=C(C)C)C1=O
ZINC001642676718,CC[C@H](C)C(=O)C1=C(O)[C@](O)(C(=O)/C=C/C(C)(C)O)[C@H](CC=C(C)C)C1=O
ZINC001642676719,CC[C@@H](C)C(=O)C1=C(O)[C@@](O)(C(=O)/C=C/C(C)(C)O)[C@H](CC=C(C)C)C1=O
ZINC001642676720,CC[C@H](C)C(=O)C1=C(O)[C@@](O)(C(=O)/C=C/C(C)(C)O)[C@H](CC=C(C)C)C1=O
ZINC001642676721,CC[C@@H](C)C(=O)C1=C(O)[C@](O)(C(=O)/C=C/C(C)(C)O)[C@H](CC=C(C)C)C1=O
ZINC001642676722,CC[C@@H](C)C(=O)C1=C(O)[C@](O)(C(=O)/C=C/C(C)(C)O)[C@@H](CC=C(C)C)C1=O
ZINC001642676723,CC[C@@H](C)C(=O)C1=C(O)[C@@](O)(C(=O)/C=C/C(C)(C)O)[C@@H](CC=C(C)C)C1=O
ZINC001642676724,CC[C@H](C)C(=O)C1=C(O)[C@](O)(C(=O)/C=C/C(C)(C)O)[C@@H](CC=C(C)C)C1=O
ZINC001642676725,CC[C@H](C)C(=O)C1=C(O)[C@@](O)(C(=O)/C=C/C(C)(C)O)[C@@H](CC=C(C)C)C1=O
ZINC001642676726,CC(C)=CC[C@H]1C(=O)C(C(=O)C(C)C)=C(O)[C@]1(O)C(=O)/C=C/C(C)C
ZINC001642676727,CC(C)=CC[C@H]1C(=O)C(C(=O)C(C)C)=C(O)[C@@]1(O)C(=O)/C=C/C(C)C
ZINC001642676728,CC(C)=CC[C@@H]1C(=O)C(C(=O)C(C)C)=C(O)[C@]1(O)C(=O)/C=C/C(C)C
ZINC001642676729,CC(C)=CC[C@@H]1C(=O)C(C(=O)C(C)C)=C(O)[C@@]1(O)C(=O)/C=C/C(C)C
ZINC001642676730,CC[C@@H](C)C(=O)C1=C(O)[C@@H](O)[C@@H](CC=C(C)C)C1=O
ZINC001642676731,CC[C@H](C)C(=O)C1=C(O)[C@@H](O)[C@@H](CC=C(C)C)C1=O
ZINC001642676732,CC[C@H](C)C(=O)C1=C(O)[C@@H](O)[C@H](CC=C(C)C)C1=O
ZINC001642676733,CC[C@@H](C)C(=O)C1=C(O)[C@@H](O)[C@H](CC=C(C)C)C1=O
ZINC001642676734,CC(C)=CC[C@@H]1C(=O)C(C(=O)C(C)C)=C(O)[C@H]1O
ZINC001642676735,CC(C)=CC[C@H]1C(=O)C(C(=O)C(C)C)=C(O)[C@H]1O
ZINC001642676736,CC(=O)OC[C@H]1CC=C(C)[C@@H](OC(C)=O)C[C@@H]2[C@@H](C=C1C)OC(=O)[C@@H]2C
ZINC001642676737,CC(C)=CC[C@@]12C[C@H]3C(C)(C)[C@@H](C(C)(C)OO)C[C@]3(C1=O)C(O)=C(C(=O)C(C)C)C2=O
ZINC001642676738,CC(C)=CC[C@@]12C[C@H]3C(C)(C)[C@H](C(C)(C)OO)C[C@]3(C1=O)C(O)=C(C(=O)C(C)C)C2=O
ZINC001642676739,COc1cc(O)c(C[C@H]2OC2(C)C)c(O)c1C(=O)/C=C/c1ccc(O)cc1
ZINC001642676740,COc1cc(O)c(C[C@@H]2OC2(C)C)c(O)c1C(=O)/C=C/c1ccc(O)cc1
ZINC001642676741,COc1cc([C@H]2c3c(cc(OC)c(O)c3OC)C[C@@H](CO)[C@@H]2CO[C@@H]2O[C@@H](COC(=O)c3cc(O)c(O)c(O)c3)[C@H](O)[C@@H](O)[C@@H]2O)cc(OC)c1O
ZINC001642676742,COc1cc([C@@H]2c3c(cc(OC)c(O)c3OC)C[C@H](CO)[C@H]2CO[C@H]2O[C@@H](COC(=O)c3cc(O)c(O)c(O)c3)[C@H](O)[C@@H](O)[C@@H]2O)cc(OC)c1O
ZINC001642676743,C=C(C)[C@H]1C[C@]2(O)[C@@H](C[C@@H]3C(=O)C(C(=O)[C@H](C)CC)=C(O)[C@@]32O)C1(C)C
ZINC001642676744,C=C(C)[C@H]1C[C@]2(O)[C@@H](C[C@@H]3C(=O)C(C(=O)[C@@H](C)CC)=C(O)[C@@]32O)C1(C)C
ZINC001642676745,C=C1C(=O)O[C@H]2CC(C)=CCC[C@@]3(C)O[C@H]3[C@@H](OC(C)=O)[C@H]12
ZINC001642676746,C=C(C)[C@H]1C[C@]2(O)[C@@H](C[C@@H]3C(=O)C(C(=O)C(C)C)=C(O)[C@@]32O)C1(C)C
ZINC001642676747,C=C(C)[C@H]1C[C@]23C(=O)C(C(=O)C(C)C)=C(O)[C@@](CC=C(C)C)(C[C@H]2C1(C)C)C3=O
ZINC001642676757,C=C(C)[C@@H]1C[C@]23C(=O)C(C(=O)C(C)C)=C(O)[C@@](CC=C(C)C)(C[C@H]2C1(C)C)C3=O
ZINC001642676758,C=C(C)[C@H]1C[C@]23C(=O)C(C(=O)[C@@H](C)CC)=C(O)[C@@](CC=C(C)C)(C[C@H]2C1(C)C)C3=O
ZINC001642676759,C=C(C)[C@H]1C[C@]23C(=O)C(C(=O)[C@H](C)CC)=C(O)[C@@](CC=C(C)C)(C[C@H]2C1(C)C)C3=O
ZINC001642676761,C=C(C)[C@@H]1C[C@]23C(=O)C(C(=O)[C@@H](C)CC)=C(O)[C@@](CC=C(C)C)(C[C@H]2C1(C)C)C3=O
ZINC001642676763,C=C(C)[C@@H]1C[C@]23C(=O)C(C(=O)[C@H](C)CC)=C(O)[C@@](CC=C(C)C)(C[C@H]2C1(C)C)C3=O
