pref_name,target_chembl_id,target_type
Maltase-glucoamylase,CHEMBL2074,SINGLE PROTEIN
Maltase-glucoamylase,CHEMBL2074,SINGLE PROTEIN
ATP-binding cassette sub-family C member 9,CHEMBL1971,SINGLE PROTEIN
"cGMP-specific 3',5'-cyclic phosphodiesterase",CHEMBL1827,SINGLE PROTEIN
Voltage-dependent T-type calcium channel subunit alpha-1H,CHEMBL1859,SINGLE PROTEIN
Dihydrofolate reductase,CHEMBL202,SINGLE PROTEIN
Tyrosine-protein kinase ABL1,CHEMBL1862,SINGLE PROTEIN
Epidermal growth factor receptor,CHEMBL203,SINGLE PROTEIN
Prothrombin,CHEMBL204,SINGLE PROTEIN
Plasminogen,CHEMBL1801,SINGLE PROTEIN
Adenosine deaminase,CHEMBL1910,SINGLE PROTEIN
Carbonic anhydrase 2,CHEMBL205,SINGLE PROTEIN
Antithrombin-III,CHEMBL1950,SINGLE PROTEIN
"Troponin C, slow skeletal and cardiac muscles",CHEMBL2066,SINGLE PROTEIN
Estrogen receptor,CHEMBL206,SINGLE PROTEIN
Plasma kallikrein,CHEMBL2000,SINGLE PROTEIN
3-hydroxy-3-methylglutaryl-coenzyme A reductase,CHEMBL402,SINGLE PROTEIN
Glucocorticoid receptor,CHEMBL2034,SINGLE PROTEIN
Thymidylate synthase,CHEMBL1952,SINGLE PROTEIN
Sodium/potassium-transporting ATPase subunit alpha-1,CHEMBL1807,SINGLE PROTEIN
"Aldehyde dehydrogenase, mitochondrial",CHEMBL1935,SINGLE PROTEIN
Integrin beta-3,CHEMBL207,SINGLE PROTEIN
"Cholesterol side-chain cleavage enzyme, mitochondrial",CHEMBL2033,SINGLE PROTEIN
Tubulin beta-4B chain,CHEMBL1848,SINGLE PROTEIN
Integrin beta-1,CHEMBL1905,SINGLE PROTEIN
Insulin receptor,CHEMBL1981,SINGLE PROTEIN
Progesterone receptor,CHEMBL208,SINGLE PROTEIN
Epoxide hydrolase 1,CHEMBL1968,SINGLE PROTEIN
Tyrosine 3-monooxygenase,CHEMBL1969,SINGLE PROTEIN
Thyroid peroxidase,CHEMBL1839,SINGLE PROTEIN
Alcohol dehydrogenase 1A,CHEMBL1970,SINGLE PROTEIN
Serine protease 1,CHEMBL209,SINGLE PROTEIN
Beta-2 adrenergic receptor,CHEMBL210,SINGLE PROTEIN
Muscarinic acetylcholine receptor M2,CHEMBL211,SINGLE PROTEIN
Mineralocorticoid receptor,CHEMBL1994,SINGLE PROTEIN
Integrin alpha-IIb,CHEMBL212,SINGLE PROTEIN
Beta-1 adrenergic receptor,CHEMBL213,SINGLE PROTEIN
5-hydroxytryptamine receptor 1A,CHEMBL214,SINGLE PROTEIN
Alpha-2A adrenergic receptor,CHEMBL1867,SINGLE PROTEIN
DNA polymerase alpha catalytic subunit,CHEMBL1828,SINGLE PROTEIN
Polyunsaturated fatty acid 5-lipoxygenase,CHEMBL215,SINGLE PROTEIN
Androgen receptor,CHEMBL1871,SINGLE PROTEIN
Retinoic acid receptor alpha,CHEMBL2055,SINGLE PROTEIN
Thyroid hormone receptor alpha,CHEMBL1860,SINGLE PROTEIN
Growth hormone receptor,CHEMBL1976,SINGLE PROTEIN
Muscarinic acetylcholine receptor M1,CHEMBL216,SINGLE PROTEIN
DNA topoisomerase 1,CHEMBL1781,SINGLE PROTEIN
DNA topoisomerase 2-alpha,CHEMBL1806,SINGLE PROTEIN
Vitamin D3 receptor,CHEMBL1977,SINGLE PROTEIN
Aromatase,CHEMBL1978,SINGLE PROTEIN
Adenine nucleotide translocator 1,CHEMBL1879,SINGLE PROTEIN
Inosine-5'-monophosphate dehydrogenase 2,CHEMBL2002,SINGLE PROTEIN
Angiotensin-converting enzyme,CHEMBL1808,SINGLE PROTEIN
Farnesyl pyrophosphate synthase,CHEMBL1782,SINGLE PROTEIN
D(2) dopamine receptor,CHEMBL217,SINGLE PROTEIN
Tyrosinase,CHEMBL1973,SINGLE PROTEIN
Gamma-aminobutyric acid receptor subunit alpha-1,CHEMBL1962,SINGLE PROTEIN
"Cytochrome P450 11B1, mitochondrial",CHEMBL1908,SINGLE PROTEIN
Pancreatic triacylglycerol lipase,CHEMBL1812,SINGLE PROTEIN
Thyrotropin receptor,CHEMBL1963,SINGLE PROTEIN
3-oxo-5-alpha-steroid 4-dehydrogenase 1,CHEMBL1787,SINGLE PROTEIN
Peptidyl-prolyl cis-trans isomerase FKBP1A,CHEMBL1902,SINGLE PROTEIN
Myeloid cell surface antigen CD33,CHEMBL1842,SINGLE PROTEIN
Aromatic-L-amino-acid decarboxylase,CHEMBL1843,SINGLE PROTEIN
Inosine-5'-monophosphate dehydrogenase 1,CHEMBL1822,SINGLE PROTEIN
Amine oxidase [flavin-containing] A,CHEMBL1951,SINGLE PROTEIN
Cannabinoid receptor 1,CHEMBL218,SINGLE PROTEIN
D(1A) dopamine receptor,CHEMBL2056,SINGLE PROTEIN
Ryanodine receptor 1,CHEMBL1846,SINGLE PROTEIN
D(4) dopamine receptor,CHEMBL219,SINGLE PROTEIN
Catechol O-methyltransferase,CHEMBL2023,SINGLE PROTEIN
Acetylcholinesterase,CHEMBL220,SINGLE PROTEIN
Cytochrome P450 7A1,CHEMBL1851,SINGLE PROTEIN
Lutropin-choriogonadotropic hormone receptor,CHEMBL1854,SINGLE PROTEIN
Prostaglandin G/H synthase 1,CHEMBL221,SINGLE PROTEIN
Peptidyl-prolyl cis-trans isomerase B,CHEMBL2075,SINGLE PROTEIN
Ribonucleoside-diphosphate reductase large subunit,CHEMBL1830,SINGLE PROTEIN
Follicle-stimulating hormone receptor,CHEMBL2024,SINGLE PROTEIN
Sodium-dependent noradrenaline transporter,CHEMBL222,SINGLE PROTEIN
Histamine H2 receptor,CHEMBL1941,SINGLE PROTEIN
Alpha-1D adrenergic receptor,CHEMBL223,SINGLE PROTEIN
Amine oxidase [flavin-containing] B,CHEMBL2039,SINGLE PROTEIN
5-hydroxytryptamine receptor 1D,CHEMBL1983,SINGLE PROTEIN
5-hydroxytryptamine receptor 1B,CHEMBL1898,SINGLE PROTEIN
5-hydroxytryptamine receptor 2A,CHEMBL224,SINGLE PROTEIN
5-hydroxytryptamine receptor 2C,CHEMBL225,SINGLE PROTEIN
Inositol monophosphatase 1,CHEMBL1786,SINGLE PROTEIN
Vasopressin V2 receptor,CHEMBL1790,SINGLE PROTEIN
Sodium- and chloride-dependent GABA transporter 1,CHEMBL1903,SINGLE PROTEIN
Adenosine receptor A1,CHEMBL226,SINGLE PROTEIN
Type-1 angiotensin II receptor,CHEMBL227,SINGLE PROTEIN
Oxytocin receptor,CHEMBL2049,SINGLE PROTEIN
Somatostatin receptor type 2,CHEMBL1804,SINGLE PROTEIN
Gonadotropin-releasing hormone receptor,CHEMBL1855,SINGLE PROTEIN
Calcitonin receptor,CHEMBL1832,SINGLE PROTEIN
3-oxo-5-alpha-steroid 4-dehydrogenase 2,CHEMBL1856,SINGLE PROTEIN
Sodium-dependent serotonin transporter,CHEMBL228,SINGLE PROTEIN
4-hydroxyphenylpyruvate dioxygenase,CHEMBL1861,SINGLE PROTEIN
Corticotropin-releasing factor receptor 1,CHEMBL1800,SINGLE PROTEIN
Alpha-1A adrenergic receptor,CHEMBL229,SINGLE PROTEIN
Prostaglandin G/H synthase 2,CHEMBL230,SINGLE PROTEIN
Histamine H1 receptor,CHEMBL231,SINGLE PROTEIN
Alpha-1B adrenergic receptor,CHEMBL232,SINGLE PROTEIN
Mu-type opioid receptor,CHEMBL233,SINGLE PROTEIN
D(3) dopamine receptor,CHEMBL234,SINGLE PROTEIN
Sodium channel protein type 1 subunit alpha,CHEMBL1845,SINGLE PROTEIN
Amiloride-sensitive sodium channel subunit alpha,CHEMBL1791,SINGLE PROTEIN
Peroxisome proliferator-activated receptor gamma,CHEMBL235,SINGLE PROTEIN
Vasopressin V1a receptor,CHEMBL1889,SINGLE PROTEIN
Delta-type opioid receptor,CHEMBL236,SINGLE PROTEIN
Kappa-type opioid receptor,CHEMBL237,SINGLE PROTEIN
Nociceptin receptor,CHEMBL2014,SINGLE PROTEIN
Prostaglandin F2-alpha receptor,CHEMBL1987,SINGLE PROTEIN
Prostaglandin E2 receptor EP2 subtype,CHEMBL1881,SINGLE PROTEIN
Prostacyclin receptor,CHEMBL1995,SINGLE PROTEIN
5-hydroxytryptamine receptor 3A,CHEMBL1899,SINGLE PROTEIN
Glucagon receptor,CHEMBL1985,SINGLE PROTEIN
Secretin receptor,CHEMBL1925,SINGLE PROTEIN
Vasopressin V1b receptor,CHEMBL1921,SINGLE PROTEIN
Xanthine dehydrogenase/oxidase,CHEMBL1929,SINGLE PROTEIN
Voltage-dependent calcium channel subunit alpha-2/delta-1,CHEMBL1919,SINGLE PROTEIN
Solute carrier family 12 member 3,CHEMBL1876,SINGLE PROTEIN
"4-aminobutyrate aminotransferase, mitochondrial",CHEMBL2044,SINGLE PROTEIN
Adrenocorticotropic hormone receptor,CHEMBL1965,SINGLE PROTEIN
Sodium-dependent dopamine transporter,CHEMBL238,SINGLE PROTEIN
"Dihydroorotate dehydrogenase (quinone), mitochondrial",CHEMBL1966,SINGLE PROTEIN
Growth hormone-releasing hormone receptor,CHEMBL2032,SINGLE PROTEIN
Parathyroid hormone/parathyroid hormone-related peptide receptor,CHEMBL1793,SINGLE PROTEIN
"Glutamate receptor ionotropic, NMDA 1",CHEMBL2015,SINGLE PROTEIN
Synaptic vesicular amine transporter,CHEMBL1893,SINGLE PROTEIN
Peroxisome proliferator-activated receptor alpha,CHEMBL239,SINGLE PROTEIN
ATP-binding cassette sub-family C member 8,CHEMBL2071,SINGLE PROTEIN
Voltage-gated inwardly rectifying potassium channel KCNH2,CHEMBL240,SINGLE PROTEIN
"Glutamate receptor ionotropic, NMDA 2A",CHEMBL1972,SINGLE PROTEIN
Solute carrier family 12 member 1,CHEMBL1874,SINGLE PROTEIN
5-hydroxytryptamine receptor 4,CHEMBL1875,SINGLE PROTEIN
Voltage-dependent L-type calcium channel subunit alpha-1C,CHEMBL1940,SINGLE PROTEIN
"cGMP-inhibited 3',5'-cyclic phosphodiesterase 3A",CHEMBL241,SINGLE PROTEIN
"Thioredoxin reductase 1, cytoplasmic",CHEMBL1927,SINGLE PROTEIN
Estrogen receptor beta,CHEMBL242,SINGLE PROTEIN
Equilibrative nucleoside transporter 1,CHEMBL1997,SINGLE PROTEIN
P2Y purinoceptor 12,CHEMBL2001,SINGLE PROTEIN
Cysteinyl leukotriene receptor 1,CHEMBL1798,SINGLE PROTEIN
Peptidyl-prolyl cis-trans isomerase A,CHEMBL1949,SINGLE PROTEIN
B-lymphocyte antigen CD20,CHEMBL2058,SINGLE PROTEIN
Interleukin-2 receptor subunit alpha,CHEMBL1778,SINGLE PROTEIN
Glutamate carboxypeptidase 2,CHEMBL1892,SINGLE PROTEIN
Tumor necrosis factor,CHEMBL1825,SINGLE PROTEIN
"Vascular endothelial growth factor A, long form",CHEMBL1783,SINGLE PROTEIN
Receptor tyrosine-protein kinase erbB-2,CHEMBL1824,SINGLE PROTEIN
Integrin alpha-L,CHEMBL1803,SINGLE PROTEIN
Coagulation factor IX,CHEMBL2016,SINGLE PROTEIN
Coagulation factor X,CHEMBL244,SINGLE PROTEIN
Lymphotoxin-alpha,CHEMBL2059,SINGLE PROTEIN
T-cell surface antigen CD2,CHEMBL2040,SINGLE PROTEIN
Platelet-derived growth factor receptor beta,CHEMBL1913,SINGLE PROTEIN
Interleukin-1 receptor type 1,CHEMBL1959,SINGLE PROTEIN
Interferon alpha/beta receptor 1,CHEMBL1887,SINGLE PROTEIN
Erythropoietin receptor,CHEMBL1817,SINGLE PROTEIN
CAMPATH-1 antigen,CHEMBL1912,SINGLE PROTEIN
Interleukin-11 receptor subunit alpha,CHEMBL2050,SINGLE PROTEIN
Granulocyte colony-stimulating factor receptor,CHEMBL1996,SINGLE PROTEIN
Chymotrypsin-like elastase family member 1,CHEMBL3000,SINGLE PROTEIN
IkappaB kinase complex-associated protein,CHEMBL1818,SINGLE PROTEIN
Muscarinic acetylcholine receptor M4,CHEMBL1821,SINGLE PROTEIN
Muscarinic acetylcholine receptor M5,CHEMBL2035,SINGLE PROTEIN
Alpha-2B adrenergic receptor,CHEMBL1942,SINGLE PROTEIN
Alpha-2C adrenergic receptor,CHEMBL1916,SINGLE PROTEIN
Muscarinic acetylcholine receptor M3,CHEMBL245,SINGLE PROTEIN
D(1B) dopamine receptor,CHEMBL1850,SINGLE PROTEIN
Gamma-aminobutyric acid receptor subunit beta-2,CHEMBL1920,SINGLE PROTEIN
"Glutamate receptor ionotropic, NMDA 2B",CHEMBL1904,SINGLE PROTEIN
Ryanodine receptor 3,CHEMBL2062,SINGLE PROTEIN
Vitamin K epoxide reductase complex subunit 1,CHEMBL1930,SINGLE PROTEIN
Beta-3 adrenergic receptor,CHEMBL246,SINGLE PROTEIN
5-hydroxytryptamine receptor 2B,CHEMBL1833,SINGLE PROTEIN
Immunoglobulin heavy constant epsilon,CHEMBL1834,SINGLE PROTEIN
Lipoprotein lipase,CHEMBL2060,SINGLE PROTEIN
T-cell surface glycoprotein CD3 epsilon chain,CHEMBL1975,SINGLE PROTEIN
Insulin-like growth factor 1 receptor,CHEMBL1957,SINGLE PROTEIN
Neutrophil elastase,CHEMBL248,SINGLE PROTEIN
Neprilysin,CHEMBL1944,SINGLE PROTEIN
Leukotriene A-4 hydrolase,CHEMBL4618,SINGLE PROTEIN
Mast/stem cell growth factor receptor Kit,CHEMBL1936,SINGLE PROTEIN
Retinoic acid receptor gamma,CHEMBL2003,SINGLE PROTEIN
3 beta-hydroxysteroid dehydrogenase/Delta 5-->4-isomerase type 1,CHEMBL1958,SINGLE PROTEIN
Aldo-keto reductase family 1 member B1,CHEMBL1900,SINGLE PROTEIN
Aminopeptidase N,CHEMBL1907,SINGLE PROTEIN
Atrial natriuretic peptide receptor 1,CHEMBL1988,SINGLE PROTEIN
Dipeptidase 1,CHEMBL1989,SINGLE PROTEIN
Thromboxane A2 receptor,CHEMBL2069,SINGLE PROTEIN
Endothelin receptor type B,CHEMBL1785,SINGLE PROTEIN
Thromboxane-A synthase,CHEMBL1835,SINGLE PROTEIN
Endothelin-1 receptor,CHEMBL252,SINGLE PROTEIN
Substance-P receptor,CHEMBL249,SINGLE PROTEIN
Platelet-activating factor receptor,CHEMBL250,SINGLE PROTEIN
Adenosine receptor A2a,CHEMBL251,SINGLE PROTEIN
Cannabinoid receptor 2,CHEMBL253,SINGLE PROTEIN
Thyrotropin-releasing hormone receptor,CHEMBL1810,SINGLE PROTEIN
Prostaglandin E2 receptor EP1 subtype,CHEMBL1811,SINGLE PROTEIN
Prostaglandin E2 receptor EP4 subtype,CHEMBL1836,SINGLE PROTEIN
Thrombopoietin receptor,CHEMBL1864,SINGLE PROTEIN
Retinoic acid receptor RXR-gamma,CHEMBL2004,SINGLE PROTEIN
Chromaffin granule amine transporter,CHEMBL1838,SINGLE PROTEIN
Retinoic acid receptor beta,CHEMBL2008,SINGLE PROTEIN
Thyroid hormone receptor beta,CHEMBL1947,SINGLE PROTEIN
Ornithine decarboxylase,CHEMBL1869,SINGLE PROTEIN
Retinoic acid receptor RXR-alpha,CHEMBL2061,SINGLE PROTEIN
"3',5'-cyclic-AMP phosphodiesterase 4A",CHEMBL254,SINGLE PROTEIN
Retinoic acid receptor RXR-beta,CHEMBL1870,SINGLE PROTEIN
Adenosine receptor A2b,CHEMBL255,SINGLE PROTEIN
5-hydroxytryptamine receptor 1F,CHEMBL1805,SINGLE PROTEIN
Adenosine receptor A3,CHEMBL256,SINGLE PROTEIN
Extracellular calcium-sensing receptor,CHEMBL1878,SINGLE PROTEIN
"Succinate-semialdehyde dehydrogenase, mitochondrial",CHEMBL1911,SINGLE PROTEIN
ATP-sensitive inward rectifier potassium channel 11,CHEMBL1886,SINGLE PROTEIN
Ceramide glucosyltransferase,CHEMBL2063,SINGLE PROTEIN
26S proteasome regulatory subunit S1,CHEMBL1934,SINGLE PROTEIN
DNA (cytosine-5)-methyltransferase 1,CHEMBL1993,SINGLE PROTEIN
DNA (cytosine-5)-methyltransferase 3A,CHEMBL1992,SINGLE PROTEIN
Tubulin alpha-4A chain,CHEMBL2070,SINGLE PROTEIN
NPC1-like intracellular cholesterol transporter 1,CHEMBL2027,SINGLE PROTEIN
Sphingomyelin phosphodiesterase 2,CHEMBL4712,SINGLE PROTEIN
Cathepsin D,CHEMBL2581,SINGLE PROTEIN
Carboxypeptidase N catalytic chain,CHEMBL4713,SINGLE PROTEIN
Cyclin-A2,CHEMBL2582,SINGLE PROTEIN
Orexin/Hypocretin receptor type 1,CHEMBL5113,SINGLE PROTEIN
P2Y purinoceptor 6,CHEMBL4714,SINGLE PROTEIN
Cysteinyl leukotriene receptor 2,CHEMBL4330,SINGLE PROTEIN
"3',5'-cyclic-AMP phosphodiesterase 7B",CHEMBL4716,SINGLE PROTEIN
Gastricsin,CHEMBL2136,SINGLE PROTEIN
Serine/threonine-protein phosphatase 2A 56 kDa regulatory subunit alpha isoform,CHEMBL4763,SINGLE PROTEIN
Transcription factor Jun,CHEMBL4977,SINGLE PROTEIN
Apolipoprotein B-100,CHEMBL4549,SINGLE PROTEIN
Bcl2-associated agonist of cell death,CHEMBL3817,SINGLE PROTEIN
B2 bradykinin receptor,CHEMBL3157,SINGLE PROTEIN
Insulin-like growth factor-binding protein 6,CHEMBL2139,SINGLE PROTEIN
Interleukin-8,CHEMBL2157,SINGLE PROTEIN
Trypsin-2,CHEMBL3159,SINGLE PROTEIN
Casein kinase II subunit alpha,CHEMBL3629,SINGLE PROTEIN
ADP-ribosyltransferase,CHEMBL2158,SINGLE PROTEIN
Nucleoside diphosphate kinase A,CHEMBL2159,SINGLE PROTEIN
Nucleoside diphosphate kinase B,CHEMBL2160,SINGLE PROTEIN
Death-associated protein kinase 3,CHEMBL2468,SINGLE PROTEIN
"HLA class II histocompatibility antigen, DR beta 3 chain",CHEMBL3460,SINGLE PROTEIN
Glutathione S-transferase omega-2,CHEMBL2161,SINGLE PROTEIN
Uridine-cytidine kinase 2,CHEMBL2469,SINGLE PROTEIN
DNA-dependent protein kinase catalytic subunit,CHEMBL3142,SINGLE PROTEIN
Kallikrein-2,CHEMBL2442,SINGLE PROTEIN
Kallikrein-7,CHEMBL2443,SINGLE PROTEIN
Gastric triacylglycerol lipase,CHEMBL1796,SINGLE PROTEIN
Chymase,CHEMBL4068,SINGLE PROTEIN
1-acyl-sn-glycerol-3-phosphate acyltransferase alpha,CHEMBL3583,SINGLE PROTEIN
Serine/threonine-protein phosphatase PP1-alpha catalytic subunit,CHEMBL2164,SINGLE PROTEIN
Cyclin-H,CHEMBL2165,SINGLE PROTEIN
Deoxycytidine kinase,CHEMBL2447,SINGLE PROTEIN
"Peptide deformylase, mitochondrial",CHEMBL4647,SINGLE PROTEIN
Dihydropyrimidinase,CHEMBL2465,SINGLE PROTEIN
GTPase HRas,CHEMBL2167,SINGLE PROTEIN
Low affinity immunoglobulin epsilon Fc receptor,CHEMBL2940,SINGLE PROTEIN
Fibroblast growth factor 1,CHEMBL2120,SINGLE PROTEIN
Arachidonate 5-lipoxygenase-activating protein,CHEMBL4550,SINGLE PROTEIN
Folate receptor alpha,CHEMBL2121,SINGLE PROTEIN
Geranylgeranyl pyrophosphate synthase,CHEMBL4769,SINGLE PROTEIN
Transcription initiation factor IIA subunit 1,CHEMBL4832,SINGLE PROTEIN
Mitogen-activated protein kinase 11,CHEMBL3961,SINGLE PROTEIN
Trypsin-3,CHEMBL4551,SINGLE PROTEIN
Cellular retinol-binding protein,CHEMBL2076,SINGLE PROTEIN
Reduced folate transporter,CHEMBL4833,SINGLE PROTEIN
Sulfotransferase 2A1,CHEMBL2077,SINGLE PROTEIN
"Thymidine kinase, cytosolic",CHEMBL2883,SINGLE PROTEIN
Cytosolic phospholipase A2 gamma,CHEMBL4834,SINGLE PROTEIN
Caspase-3,CHEMBL2334,SINGLE PROTEIN
Cellular retinoic acid-binding protein 1,CHEMBL2079,SINGLE PROTEIN
Steroid hormone receptor ERR1,CHEMBL3429,SINGLE PROTEIN
Platelet-activating factor acetylhydrolase,CHEMBL3514,SINGLE PROTEIN
Carbonic anhydrase 3,CHEMBL2885,SINGLE PROTEIN
Tyrosine-protein kinase Lck,CHEMBL258,SINGLE PROTEIN
L-lactate dehydrogenase A chain,CHEMBL4835,SINGLE PROTEIN
Melanocortin receptor 4,CHEMBL259,SINGLE PROTEIN
Neuropeptide Y receptor type 4,CHEMBL4877,SINGLE PROTEIN
Bone morphogenetic protein 1,CHEMBL3898,SINGLE PROTEIN
Peptidyl-prolyl cis-trans isomerase NIMA-interacting 4,CHEMBL4923,SINGLE PROTEIN
Cytochrome P450 1B1,CHEMBL4878,SINGLE PROTEIN
"Fatty acid-binding protein, intestinal",CHEMBL4879,SINGLE PROTEIN
Hypoxanthine-guanine phosphoribosyltransferase,CHEMBL2360,SINGLE PROTEIN
Potassium voltage-gated channel subfamily E member 1,CHEMBL4872,SINGLE PROTEIN
Phosphoglycerate kinase 1,CHEMBL2886,SINGLE PROTEIN
Triosephosphate isomerase,CHEMBL4880,SINGLE PROTEIN
Serum paraoxonase/arylesterase 1,CHEMBL3167,SINGLE PROTEIN
Hemoglobin subunit alpha,CHEMBL2887,SINGLE PROTEIN
Glutathione S-transferase Mu 1,CHEMBL2081,SINGLE PROTEIN
Alcohol dehydrogenase class-3,CHEMBL4116,SINGLE PROTEIN
"Aldehyde dehydrogenase X, mitochondrial",CHEMBL4881,SINGLE PROTEIN
Cytochrome P450 2C8,CHEMBL3721,SINGLE PROTEIN
Metabotropic glutamate receptor 3,CHEMBL2888,SINGLE PROTEIN
Glutathione S-transferase Mu 2,CHEMBL4589,SINGLE PROTEIN
Ribosyldihydronicotinamide dehydrogenase [quinone],CHEMBL3959,SINGLE PROTEIN
"Pyruvate dehydrogenase E1 component subunit beta, mitochondrial",CHEMBL4882,SINGLE PROTEIN
Calcineurin subunit B type 1,CHEMBL2082,SINGLE PROTEIN
"Dual specificity calcium/calmodulin-dependent 3',5'-cyclic nucleotide phosphodiesterase 1A",CHEMBL3421,SINGLE PROTEIN
Urokinase plasminogen activator surface receptor,CHEMBL4883,SINGLE PROTEIN
Somatostatin receptor type 4,CHEMBL1853,SINGLE PROTEIN
Substance-K receptor,CHEMBL2327,SINGLE PROTEIN
Adenosine kinase,CHEMBL3589,SINGLE PROTEIN
Carbonic anhydrase 6,CHEMBL3025,SINGLE PROTEIN
Caspase-2,CHEMBL4884,SINGLE PROTEIN
Mitogen-activated protein kinase 14,CHEMBL260,SINGLE PROTEIN
"Fatty acid-binding protein, adipocyte",CHEMBL2083,SINGLE PROTEIN
Galanin receptor type 1,CHEMBL4894,SINGLE PROTEIN
"Adenylate kinase 2, mitochondrial",CHEMBL4938,SINGLE PROTEIN
Asialoglycoprotein receptor 1,CHEMBL2084,SINGLE PROTEIN
Carbonic anhydrase 1,CHEMBL261,SINGLE PROTEIN
Carboxypeptidase A2,CHEMBL4939,SINGLE PROTEIN
Cellular retinoic acid-binding protein 2,CHEMBL2692,SINGLE PROTEIN
Glycogen synthase kinase-3 beta,CHEMBL262,SINGLE PROTEIN
Potassium voltage-gated channel subfamily A member 5,CHEMBL4306,SINGLE PROTEIN
L-lactate dehydrogenase B chain,CHEMBL4940,SINGLE PROTEIN
Macrophage migration inhibitory factor,CHEMBL2085,SINGLE PROTEIN
S-methyl-5'-thioadenosine phosphorylase,CHEMBL4941,SINGLE PROTEIN
NADH-ubiquinone oxidoreductase B17 subunit,CHEMBL2192,SINGLE PROTEIN
P2X purinoceptor 5,CHEMBL4942,SINGLE PROTEIN
DNA polymerase beta,CHEMBL2392,SINGLE PROTEIN
cAMP-dependent protein kinase catalytic subunit beta,CHEMBL2918,SINGLE PROTEIN
Kallikrein-12,CHEMBL4943,SINGLE PROTEIN
5-hydroxytryptamine receptor 7,CHEMBL3155,SINGLE PROTEIN
Coagulation factor VIII,CHEMBL3143,SINGLE PROTEIN
Protein kinase C zeta type,CHEMBL3438,SINGLE PROTEIN
Proprotein convertase subtilisin/kexin type 4,CHEMBL4861,SINGLE PROTEIN
Xaa-Pro aminopeptidase 1,CHEMBL3782,SINGLE PROTEIN
Choline O-acetyltransferase,CHEMBL4039,SINGLE PROTEIN
Matrix metalloproteinase-26,CHEMBL4707,SINGLE PROTEIN
Gamma-aminobutyric acid type B receptor subunit 1,CHEMBL2064,SINGLE PROTEIN
Dual specificity mitogen-activated protein kinase kinase 6,CHEMBL2171,SINGLE PROTEIN
Caspase-8,CHEMBL3776,SINGLE PROTEIN
"Myosin light chain kinase, smooth muscle",CHEMBL2428,SINGLE PROTEIN
Peptidyl-prolyl cis-trans isomerase FKBP1B,CHEMBL2430,SINGLE PROTEIN
Tyrosine-protein phosphatase non-receptor type 2,CHEMBL3807,SINGLE PROTEIN
Transient receptor potential cation channel subfamily V member 1,CHEMBL4794,SINGLE PROTEIN
Casein kinase I isoform gamma-1,CHEMBL2426,SINGLE PROTEIN
Fibroblast growth factor receptor 2,CHEMBL4142,SINGLE PROTEIN
Fibroblast growth factor receptor 1,CHEMBL3650,SINGLE PROTEIN
5'-AMP-activated protein kinase subunit beta-1,CHEMBL3847,SINGLE PROTEIN
Serine/threonine-protein kinase 3,CHEMBL4708,SINGLE PROTEIN
Lactoylglutathione lyase,CHEMBL2424,SINGLE PROTEIN
Indolethylamine N-methyltransferase,CHEMBL2131,SINGLE PROTEIN
Histamine H3 receptor,CHEMBL264,SINGLE PROTEIN
Presenilin-2,CHEMBL3708,SINGLE PROTEIN
Cytochrome b-c1 complex subunit 9,CHEMBL2388,SINGLE PROTEIN
Methionine aminopeptidase 1,CHEMBL2474,SINGLE PROTEIN
Carboxypeptidase B2,CHEMBL3419,SINGLE PROTEIN
Prostaglandin E2 receptor EP3 subtype,CHEMBL3710,SINGLE PROTEIN
Acetyl-CoA carboxylase 1,CHEMBL3351,SINGLE PROTEIN
Lysosomal Pro-X carboxypeptidase,CHEMBL2335,SINGLE PROTEIN
M-phase inducer phosphatase 1,CHEMBL3775,SINGLE PROTEIN
Peroxisomal N(1)-acetyl-spermine/spermidine oxidase,CHEMBL2105,SINGLE PROTEIN
5'-AMP-activated protein kinase subunit gamma-1,CHEMBL2393,SINGLE PROTEIN
Thioredoxin reductase 3,CHEMBL3793,SINGLE PROTEIN
Putative inactive group IIC secretory phospholipase A2,CHEMBL2097,SINGLE PROTEIN
Mucosal addressin cell adhesion molecule 1,CHEMBL4467,SINGLE PROTEIN
RISC-loading complex subunit TARBP2,CHEMBL2098,SINGLE PROTEIN
Casein kinase I isoform delta,CHEMBL2828,SINGLE PROTEIN
"Hydroxyacid-oxoacid transhydrogenase, mitochondrial",CHEMBL4947,SINGLE PROTEIN
Dual specificity mitogen-activated protein kinase kinase 5,CHEMBL4948,SINGLE PROTEIN
Glutathione S-transferase A1,CHEMBL3409,SINGLE PROTEIN
Prostate-specific antigen,CHEMBL2099,SINGLE PROTEIN
Maleylacetoacetate isomerase,CHEMBL4949,SINGLE PROTEIN
Glutathione S-transferase Mu 4,CHEMBL2100,SINGLE PROTEIN
Cathepsin B,CHEMBL4072,SINGLE PROTEIN
Small conductance calcium-activated potassium channel protein 2,CHEMBL4469,SINGLE PROTEIN
Calcium/calmodulin-dependent protein kinase type II subunit beta,CHEMBL4121,SINGLE PROTEIN
Potassium voltage-gated channel subfamily KQT member 2,CHEMBL2476,SINGLE PROTEIN
P2X purinoceptor 4,CHEMBL2104,SINGLE PROTEIN
P2X purinoceptor 7,CHEMBL4805,SINGLE PROTEIN
Protein phosphatase 1B,CHEMBL2845,SINGLE PROTEIN
Serine/threonine-protein phosphatase 2A activator,CHEMBL2505,SINGLE PROTEIN
Phosphatidylinositol 3-kinase regulatory subunit alpha,CHEMBL2506,SINGLE PROTEIN
Glutamate receptor 3,CHEMBL3595,SINGLE PROTEIN
Fructose-bisphosphate aldolase A,CHEMBL2106,SINGLE PROTEIN
Proto-oncogene tyrosine-protein kinase Src,CHEMBL267,SINGLE PROTEIN
Cholecystokinin receptor type A,CHEMBL1901,SINGLE PROTEIN
C-X-C chemokine receptor type 4,CHEMBL2107,SINGLE PROTEIN
Cyclin-T1,CHEMBL2108,SINGLE PROTEIN
Neuropeptide Y receptor type 1,CHEMBL4777,SINGLE PROTEIN
T-cell surface glycoprotein CD4,CHEMBL2754,SINGLE PROTEIN
Neuropeptide Y receptor type 2,CHEMBL4018,SINGLE PROTEIN
Dual specificity mitogen-activated protein kinase kinase 3,CHEMBL2109,SINGLE PROTEIN
Cyclin-dependent kinase 6,CHEMBL2508,SINGLE PROTEIN
Neurotensin receptor type 2,CHEMBL2514,SINGLE PROTEIN
NADH-ubiquinone oxidoreductase chain 1,CHEMBL2111,SINGLE PROTEIN
Cathepsin F,CHEMBL2517,SINGLE PROTEIN
Cathepsin G,CHEMBL4071,SINGLE PROTEIN
Cathepsin K,CHEMBL268,SINGLE PROTEIN
Procathepsin L,CHEMBL3837,SINGLE PROTEIN
Corticosteroid-binding globulin,CHEMBL2421,SINGLE PROTEIN
Carboxypeptidase A1,CHEMBL2088,SINGLE PROTEIN
Carboxypeptidase M,CHEMBL3038,SINGLE PROTEIN
"NADH dehydrogenase [ubiquinone] iron-sulfur protein 2, mitochondrial",CHEMBL3039,SINGLE PROTEIN
NADH-ubiquinone oxidoreductase 42 kDa subunit,CHEMBL2089,SINGLE PROTEIN
Cell division control protein 45 homolog,CHEMBL3040,SINGLE PROTEIN
Voltage-dependent N-type calcium channel subunit alpha-1B,CHEMBL4478,SINGLE PROTEIN
Pyruvate dehydrogenase E1 component alpha subunit somatic form,CHEMBL2092,SINGLE PROTEIN
Cholesteryl ester transfer protein,CHEMBL3572,SINGLE PROTEIN
G2/mitotic-specific cyclin-B1,CHEMBL2412,SINGLE PROTEIN
G2/mitotic-specific cyclin B2,CHEMBL3723,SINGLE PROTEIN
G1/S-specific cyclin-D1,CHEMBL3610,SINGLE PROTEIN
Serine/threonine-protein kinase Chk2,CHEMBL2527,SINGLE PROTEIN
Cholinesterase,CHEMBL1914,SINGLE PROTEIN
P2X purinoceptor 1,CHEMBL2094,SINGLE PROTEIN
P2X purinoceptor 2,CHEMBL2531,SINGLE PROTEIN
P2Y purinoceptor 4,CHEMBL2123,SINGLE PROTEIN
Leukotriene B4 receptor 1,CHEMBL3911,SINGLE PROTEIN
P2Y purinoceptor 1,CHEMBL4315,SINGLE PROTEIN
C-C chemokine receptor type 1,CHEMBL2413,SINGLE PROTEIN
C-C chemokine receptor type 3,CHEMBL3473,SINGLE PROTEIN
Potassium voltage-gated channel subfamily A member 2,CHEMBL2086,SINGLE PROTEIN
Potassium voltage-gated channel subfamily A member 3,CHEMBL4633,SINGLE PROTEIN
Serine/threonine-protein phosphatase 2A catalytic subunit beta isoform,CHEMBL2435,SINGLE PROTEIN
Solute carrier family 15 member 1,CHEMBL4605,SINGLE PROTEIN
Protein phosphatase 1A,CHEMBL2437,SINGLE PROTEIN
Eosinophil peroxidase,CHEMBL2438,SINGLE PROTEIN
Myeloperoxidase,CHEMBL2439,SINGLE PROTEIN
Protein farnesyltransferase/geranylgeranyltransferase type-1 subunit alpha,CHEMBL271,SINGLE PROTEIN
Protein farnesyltransferase subunit beta,CHEMBL272,SINGLE PROTEIN
C-C chemokine receptor type 4,CHEMBL2414,SINGLE PROTEIN
C-C chemokine receptor type 5,CHEMBL274,SINGLE PROTEIN
Cytosolic phospholipase A2,CHEMBL3816,SINGLE PROTEIN
"Dual specificity calcium/calmodulin-dependent 3',5'-cyclic nucleotide phosphodiesterase 1B",CHEMBL4425,SINGLE PROTEIN
"Phospholipase A2, membrane associated",CHEMBL3474,SINGLE PROTEIN
Group IIE secretory phospholipase A2,CHEMBL2154,SINGLE PROTEIN
Plasminogen activator inhibitor 1,CHEMBL3475,SINGLE PROTEIN
"cGMP-dependent 3',5'-cyclic phosphodiesterase",CHEMBL2652,SINGLE PROTEIN
"3',5'-cyclic-AMP phosphodiesterase 4B",CHEMBL275,SINGLE PROTEIN
"Retinal rod rhodopsin-sensitive cGMP 3',5'-cyclic phosphodiesterase subunit delta",CHEMBL3860,SINGLE PROTEIN
Acetyl-CoA carboxylase 2,CHEMBL4829,SINGLE PROTEIN
3-phosphoinositide-dependent protein kinase 1,CHEMBL2534,SINGLE PROTEIN
5-hydroxytryptamine receptor 1E,CHEMBL2182,SINGLE PROTEIN
5-hydroxytryptamine receptor 5A,CHEMBL3426,SINGLE PROTEIN
5-hydroxytryptamine receptor 6,CHEMBL3371,SINGLE PROTEIN
Neuronal acetylcholine receptor subunit alpha-7,CHEMBL2492,SINGLE PROTEIN
Neuronal acetylcholine receptor subunit alpha-9,CHEMBL2184,SINGLE PROTEIN
Acetylcholine receptor subunit epsilon,CHEMBL2484,SINGLE PROTEIN
Neuronal acetylcholine receptor subunit beta-2,CHEMBL1883,SINGLE PROTEIN
Proteinase-activated receptor 1,CHEMBL3974,SINGLE PROTEIN
Amyloid-beta precursor protein,CHEMBL2487,SINGLE PROTEIN
5'-AMP-activated protein kinase catalytic subunit alpha-2,CHEMBL2116,SINGLE PROTEIN
5'-AMP-activated protein kinase subunit beta-2,CHEMBL2117,SINGLE PROTEIN
5'-AMP-activated protein kinase subunit gamma-2,CHEMBL2453,SINGLE PROTEIN
Diamine oxidase [copper-containing],CHEMBL2118,SINGLE PROTEIN
Neuronal acetylcholine receptor subunit alpha-4,CHEMBL1882,SINGLE PROTEIN
Beta-secretase 2,CHEMBL2525,SINGLE PROTEIN
Beta-galactosidase,CHEMBL2522,SINGLE PROTEIN
Sialidase-2,CHEMBL3200,SINGLE PROTEIN
Bombesin receptor subtype-3,CHEMBL4080,SINGLE PROTEIN
Nicastrin,CHEMBL3418,SINGLE PROTEIN
Complement C1s subcomponent,CHEMBL3913,SINGLE PROTEIN
All-trans-retinol dehydrogenase [NAD(+)] ADH7,CHEMBL3867,SINGLE PROTEIN
Type-2 angiotensin II receptor,CHEMBL4607,SINGLE PROTEIN
Alpha-galactosidase A,CHEMBL2524,SINGLE PROTEIN
Aryl hydrocarbon receptor,CHEMBL3201,SINGLE PROTEIN
RAC-beta serine/threonine-protein kinase,CHEMBL2431,SINGLE PROTEIN
RAC-gamma serine/threonine-protein kinase,CHEMBL4816,SINGLE PROTEIN
Albumin,CHEMBL3253,SINGLE PROTEIN
Methionine aminopeptidase 2,CHEMBL3922,SINGLE PROTEIN
Aminopeptidase B,CHEMBL2432,SINGLE PROTEIN
Pancreatic alpha-amylase,CHEMBL2045,SINGLE PROTEIN
Alpha-amylase 1A,CHEMBL2478,SINGLE PROTEIN
Atrial natriuretic peptide receptor 2,CHEMBL1795,SINGLE PROTEIN
Beta-adrenergic receptor kinase 1,CHEMBL4079,SINGLE PROTEIN
Arylsulfatase A,CHEMBL2193,SINGLE PROTEIN
Arylsulfatase B,CHEMBL2399,SINGLE PROTEIN
Arylamine N-acetyltransferase 2,CHEMBL2194,SINGLE PROTEIN
Sarcoplasmic/endoplasmic reticulum calcium ATPase 3,CHEMBL2401,SINGLE PROTEIN
Cyclic AMP-dependent transcription factor ATF-1,CHEMBL3255,SINGLE PROTEIN
Sodium/potassium-transporting ATPase beta-3 chain,CHEMBL3256,SINGLE PROTEIN
Tyrosine aminotransferase,CHEMBL3043,SINGLE PROTEIN
Neuroendocrine convertase 2,CHEMBL2433,SINGLE PROTEIN
Bifunctional purine biosynthesis protein ATIC,CHEMBL2518,SINGLE PROTEIN
Lysosomal acid glucosylceramidase,CHEMBL2179,SINGLE PROTEIN
Neutral alpha-glucosidase AB,CHEMBL2519,SINGLE PROTEIN
Neutral alpha-glucosidase C,CHEMBL2520,SINGLE PROTEIN
Geranylgeranyl transferase type-1 subunit beta,CHEMBL4135,SINGLE PROTEIN
Cytochrome P450 4F2,CHEMBL3379,SINGLE PROTEIN
Phenylalanine-4-hydroxylase,CHEMBL3076,SINGLE PROTEIN
Thiamine transporter 1,CHEMBL3079,SINGLE PROTEIN
Inhibitor of nuclear factor kappa-B kinase subunit alpha,CHEMBL3476,SINGLE PROTEIN
Inhibitor of nuclear factor kappa-B kinase subunit beta,CHEMBL1991,SINGLE PROTEIN
Chitotriosidase-1,CHEMBL3080,SINGLE PROTEIN
Tyrosine-protein phosphatase non-receptor type 12,CHEMBL3236,SINGLE PROTEIN
"Carnitine O-palmitoyltransferase 2, mitochondrial",CHEMBL3238,SINGLE PROTEIN
"Glycogen phosphorylase, brain form",CHEMBL3856,SINGLE PROTEIN
Transketolase,CHEMBL4983,SINGLE PROTEIN
Interleukin-2 receptor subunit beta,CHEMBL3276,SINGLE PROTEIN
C-X-C chemokine receptor type 2,CHEMBL2434,SINGLE PROTEIN
4-galactosyl-N-acetylglucosaminide 3-alpha-L-fucosyltransferase 9,CHEMBL4985,SINGLE PROTEIN
Uracil-DNA glycosylase,CHEMBL3277,SINGLE PROTEIN
Death-associated protein kinase 2,CHEMBL3123,SINGLE PROTEIN
Protein phosphatase 1 regulatory subunit 12A,CHEMBL3124,SINGLE PROTEIN
Lysosomal phospholipase A and acyltransferase,CHEMBL4986,SINGLE PROTEIN
Aurora kinase B,CHEMBL2185,SINGLE PROTEIN
Ribosomal protein S6 kinase alpha-4,CHEMBL3125,SINGLE PROTEIN
C3a anaphylatoxin chemotactic receptor,CHEMBL4761,SINGLE PROTEIN
Tubulin beta-5 chain,CHEMBL5444,SINGLE PROTEIN
Delta-aminolevulinic acid dehydratase,CHEMBL3126,SINGLE PROTEIN
Corticotropin-releasing factor receptor 2,CHEMBL4069,SINGLE PROTEIN
"1-phosphatidylinositol 4,5-bisphosphate phosphodiesterase delta-1",CHEMBL3727,SINGLE PROTEIN
"HLA class I histocompatibility antigen, A alpha chain",CHEMBL2632,SINGLE PROTEIN
Tumor necrosis factor receptor superfamily member 16,CHEMBL4762,SINGLE PROTEIN
Tumor necrosis factor receptor superfamily member 1A,CHEMBL3378,SINGLE PROTEIN
Lysophosphatidic acid receptor 1,CHEMBL3819,SINGLE PROTEIN
Sphingosine 1-phosphate receptor 4,CHEMBL3230,SINGLE PROTEIN
Protein tyrosine phosphatase receptor type C-associated protein,CHEMBL4806,SINGLE PROTEIN
Rho-associated protein kinase 1,CHEMBL3231,SINGLE PROTEIN
Lysophosphatidic acid receptor 2,CHEMBL3724,SINGLE PROTEIN
Adenomatous polyposis coli protein,CHEMBL3233,SINGLE PROTEIN
Voltage-dependent L-type calcium channel subunit alpha-1S,CHEMBL3805,SINGLE PROTEIN
Acetylcholine receptor subunit alpha,CHEMBL4808,SINGLE PROTEIN
Prostatic acid phosphatase,CHEMBL2633,SINGLE PROTEIN
Trehalase,CHEMBL3087,SINGLE PROTEIN
DNA nucleotidylexotransferase,CHEMBL4810,SINGLE PROTEIN
Collagen alpha-1(I) chain,CHEMBL3030,SINGLE PROTEIN
Uridine phosphorylase 1,CHEMBL4811,SINGLE PROTEIN
Kallikrein-8,CHEMBL4812,SINGLE PROTEIN
Kallikrein-11,CHEMBL3031,SINGLE PROTEIN
Serine/threonine-protein kinase pim-1,CHEMBL2147,SINGLE PROTEIN
Serine/threonine-protein kinase N2,CHEMBL3032,SINGLE PROTEIN
Tyrosine-protein kinase CSK,CHEMBL2634,SINGLE PROTEIN
Phospholipase D1,CHEMBL2536,SINGLE PROTEIN
Tyrosine-protein kinase JAK3,CHEMBL2148,SINGLE PROTEIN
Ribosomal protein S6 kinase alpha-5,CHEMBL4237,SINGLE PROTEIN
"Phenylalanine--tRNA ligase, mitochondrial",CHEMBL2511,SINGLE PROTEIN
Kallikrein-13,CHEMBL4863,SINGLE PROTEIN
Kallikrein-14,CHEMBL2641,SINGLE PROTEIN
Prolyl hydroxylase EGLN2,CHEMBL3028,SINGLE PROTEIN
Adenylate cyclase type 3,CHEMBL3164,SINGLE PROTEIN
Serotransferrin,CHEMBL4865,SINGLE PROTEIN
Leukotriene B4 receptor 2,CHEMBL3191,SINGLE PROTEIN
Histone deacetylase 8,CHEMBL3192,SINGLE PROTEIN
Glutathione S-transferase A3,CHEMBL4866,SINGLE PROTEIN
P2Y purinoceptor 11,CHEMBL4867,SINGLE PROTEIN
Protein kinase C epsilon type,CHEMBL3582,SINGLE PROTEIN
Protein kinase C gamma type,CHEMBL2938,SINGLE PROTEIN
Serine/threonine-protein kinase D3,CHEMBL2595,SINGLE PROTEIN
Major prion protein,CHEMBL4869,SINGLE PROTEIN
ATP-sensitive inward rectifier potassium channel 8,CHEMBL4770,SINGLE PROTEIN
Integrin alpha-4,CHEMBL278,SINGLE PROTEIN
Tubulin beta-3 chain,CHEMBL2597,SINGLE PROTEIN
Adenylate cyclase type 9,CHEMBL2655,SINGLE PROTEIN
"[Pyruvate dehydrogenase (acetyl-transferring)] kinase isozyme 2, mitochondrial",CHEMBL3861,SINGLE PROTEIN
Sphingosine kinase 2,CHEMBL3023,SINGLE PROTEIN
Protein kinase C iota type,CHEMBL2598,SINGLE PROTEIN
Serine/threonine-protein kinase D1,CHEMBL3863,SINGLE PROTEIN
RAF proto-oncogene serine/threonine-protein kinase,CHEMBL1906,SINGLE PROTEIN
Tyrosine-protein kinase SYK,CHEMBL2599,SINGLE PROTEIN
Serine/threonine-protein kinase PLK1,CHEMBL3024,SINGLE PROTEIN
Chymotrypsinogen B,CHEMBL4796,SINGLE PROTEIN
Chymotrypsin-like protease CTRL-1,CHEMBL4873,SINGLE PROTEIN
Phenylethanolamine N-methyltransferase,CHEMBL4617,SINGLE PROTEIN
Adenylosuccinate synthetase isozyme 2,CHEMBL4875,SINGLE PROTEIN
Integrin beta-5,CHEMBL2600,SINGLE PROTEIN
Integrin beta-6,CHEMBL4876,SINGLE PROTEIN
Integrin beta-7,CHEMBL2979,SINGLE PROTEIN
Tyrosine-protein kinase ITK/TSK,CHEMBL2959,SINGLE PROTEIN
Tyrosine-protein kinase JAK1,CHEMBL2835,SINGLE PROTEIN
"Beta-1,3-glucuronyltransferase 3",CHEMBL3958,SINGLE PROTEIN
Kynureninase,CHEMBL5100,SINGLE PROTEIN
Carboxypeptidase B,CHEMBL2552,SINGLE PROTEIN
Urotensin-2 receptor,CHEMBL3764,SINGLE PROTEIN
Ribosomal protein S6 kinase alpha-1,CHEMBL2553,SINGLE PROTEIN
Low-density lipoprotein receptor,CHEMBL3311,SINGLE PROTEIN
Adenylate cyclase type 8,CHEMBL2960,SINGLE PROTEIN
Tyrosine-protein kinase JAK2,CHEMBL2971,SINGLE PROTEIN
Ribosomal protein S6 kinase alpha-6,CHEMBL4924,SINGLE PROTEIN
"ATP-dependent 6-phosphofructokinase, platelet type",CHEMBL2972,SINGLE PROTEIN
Adenylate kinase isoenzyme 1,CHEMBL4925,SINGLE PROTEIN
"Adenylate kinase 4, mitochondrial",CHEMBL4926,SINGLE PROTEIN
cAMP-dependent protein kinase type I-alpha regulatory subunit,CHEMBL4928,SINGLE PROTEIN
Polyamine deacetylase HDAC10,CHEMBL5103,SINGLE PROTEIN
Sphingosine 1-phosphate receptor 3,CHEMBL3892,SINGLE PROTEIN
V-type proton ATPase subunit S1,CHEMBL4790,SINGLE PROTEIN
Hepatic triacylglycerol lipase,CHEMBL2127,SINGLE PROTEIN
Polyunsaturated fatty acid lipoxygenase ALOX15B,CHEMBL2457,SINGLE PROTEIN
Casein kinase I isoform epsilon,CHEMBL4937,SINGLE PROTEIN
Calcium/calmodulin-dependent protein kinase type 1,CHEMBL2493,SINGLE PROTEIN
Calcium/calmodulin-dependent protein kinase type IV,CHEMBL2494,SINGLE PROTEIN
Lysosomal alpha-glucosidase,CHEMBL2608,SINGLE PROTEIN
Protein-lysine 6-oxidase,CHEMBL2249,SINGLE PROTEIN
Vascular endothelial growth factor receptor 1,CHEMBL1868,SINGLE PROTEIN
Vascular endothelial growth factor receptor 2,CHEMBL279,SINGLE PROTEIN
Neuromedin-K receptor,CHEMBL4429,SINGLE PROTEIN
N-acetylated-alpha-linked acidic dipeptidase 2,CHEMBL2609,SINGLE PROTEIN
Neuromedin-B receptor,CHEMBL3636,SINGLE PROTEIN
Intermediate conductance calcium-activated potassium channel protein 4,CHEMBL4305,SINGLE PROTEIN
Creatine kinase M-type,CHEMBL2656,SINGLE PROTEIN
Melanocortin receptor 3,CHEMBL4644,SINGLE PROTEIN
Melanocortin receptor 5,CHEMBL4608,SINGLE PROTEIN
Glycylpeptide N-tetradecanoyltransferase 2,CHEMBL2849,SINGLE PROTEIN
"Carbonic anhydrase 5B, mitochondrial",CHEMBL3969,SINGLE PROTEIN
Glycogen synthase kinase-3 alpha,CHEMBL2850,SINGLE PROTEIN
cGMP-dependent protein kinase 2,CHEMBL2896,SINGLE PROTEIN
cGMP-dependent protein kinase 1,CHEMBL4273,SINGLE PROTEIN
Collagenase 3,CHEMBL280,SINGLE PROTEIN
Nitric oxide synthase 1,CHEMBL3568,SINGLE PROTEIN
"Carbonic anhydrase 5A, mitochondrial",CHEMBL4789,SINGLE PROTEIN
Matrix metalloproteinase-15,CHEMBL2963,SINGLE PROTEIN
Matrix metalloproteinase-16,CHEMBL2200,SINGLE PROTEIN
Dual specificity mitogen-activated protein kinase kinase 2,CHEMBL2964,SINGLE PROTEIN
Dual specificity mitogen-activated protein kinase kinase 4,CHEMBL2897,SINGLE PROTEIN
Voltage-gated delayed rectifier potassium channel KCNH1,CHEMBL3841,SINGLE PROTEIN
Lecithin retinol acyltransferase,CHEMBL2202,SINGLE PROTEIN
Metabotropic glutamate receptor 4,CHEMBL2736,SINGLE PROTEIN
Metabotropic glutamate receptor 6,CHEMBL4573,SINGLE PROTEIN
Carbonic anhydrase 7,CHEMBL2326,SINGLE PROTEIN
Motilin receptor,CHEMBL2203,SINGLE PROTEIN
Carbonic anhydrase 14,CHEMBL3510,SINGLE PROTEIN
Calnexin,CHEMBL2719,SINGLE PROTEIN
Cation-independent mannose-6-phosphate receptor,CHEMBL3240,SINGLE PROTEIN
Sodium/calcium exchanger 1,CHEMBL4076,SINGLE PROTEIN
Peroxisomal carnitine O-octanoyltransferase,CHEMBL2206,SINGLE PROTEIN
Mitogen-activated protein kinase 13,CHEMBL2939,SINGLE PROTEIN
MAP kinase-activated protein kinase 2,CHEMBL2208,SINGLE PROTEIN
Melatonin receptor type 1A,CHEMBL1945,SINGLE PROTEIN
Melatonin receptor type 1B,CHEMBL1946,SINGLE PROTEIN
Intercellular adhesion molecule 1,CHEMBL3070,SINGLE PROTEIN
Caspase-4,CHEMBL2226,SINGLE PROTEIN
Caspase-5,CHEMBL3131,SINGLE PROTEIN
Tissue factor,CHEMBL4081,SINGLE PROTEIN
Alpha-N-acetylgalactosaminidase,CHEMBL3132,SINGLE PROTEIN
Sodium/hydrogen exchanger 1,CHEMBL2781,SINGLE PROTEIN
Sodium/hydrogen exchanger 2,CHEMBL3133,SINGLE PROTEIN
Proenkephalin-B,CHEMBL2227,SINGLE PROTEIN
Multifunctional protein CAD,CHEMBL3093,SINGLE PROTEIN
MAP kinase-activated protein kinase 5,CHEMBL3094,SINGLE PROTEIN
Stromelysin-1,CHEMBL283,SINGLE PROTEIN
Neutrophil collagenase,CHEMBL4588,SINGLE PROTEIN
Cytochrome P450 1A1,CHEMBL2231,SINGLE PROTEIN
Glutamate receptor 1,CHEMBL2009,SINGLE PROTEIN
Sodium- and chloride-dependent GABA transporter 3,CHEMBL5208,SINGLE PROTEIN
Squalene synthase,CHEMBL3338,SINGLE PROTEIN
NF-kappa-B inhibitor epsilon,CHEMBL3407,SINGLE PROTEIN
"Phosphoenolpyruvate carboxykinase [GTP], mitochondrial",CHEMBL3096,SINGLE PROTEIN
Potassium voltage-gated channel subfamily KQT member 4,CHEMBL3576,SINGLE PROTEIN
Proprotein convertase subtilisin/kexin type 7,CHEMBL2232,SINGLE PROTEIN
Aldehyde dehydrogenase 1A1,CHEMBL3577,SINGLE PROTEIN
"Aldehyde dehydrogenase, dimeric NADP-preferring",CHEMBL3578,SINGLE PROTEIN
Retinaldehyde dehydrogenase 3,CHEMBL3579,SINGLE PROTEIN
4-trimethylaminobutyraldehyde dehydrogenase,CHEMBL2542,SINGLE PROTEIN
Polyunsaturated fatty acid lipoxygenase ALOX12,CHEMBL3687,SINGLE PROTEIN
Dipeptidyl peptidase 4,CHEMBL284,SINGLE PROTEIN
Serum amyloid P-component,CHEMBL4929,SINGLE PROTEIN
Granzyme A,CHEMBL4307,SINGLE PROTEIN
Granzyme K,CHEMBL4930,SINGLE PROTEIN
Rho-associated protein kinase 2,CHEMBL2973,SINGLE PROTEIN
Death-associated protein kinase 1,CHEMBL2558,SINGLE PROTEIN
"Folylpolyglutamate synthase, mitochondrial",CHEMBL3171,SINGLE PROTEIN
A-type voltage-gated potassium channel KCND3,CHEMBL1964,SINGLE PROTEIN
Matrix metalloproteinase-14,CHEMBL3869,SINGLE PROTEIN
B1 bradykinin receptor,CHEMBL4308,SINGLE PROTEIN
Voltage-dependent L-type calcium channel subunit alpha-1D,CHEMBL4138,SINGLE PROTEIN
Dihydropyrimidine dehydrogenase [NADP(+)],CHEMBL3172,SINGLE PROTEIN
Dual specificity protein phosphatase 3,CHEMBL2635,SINGLE PROTEIN
Dynamin-1,CHEMBL4958,SINGLE PROTEIN
"3-beta-hydroxysteroid-Delta(8),Delta(7)-isomerase",CHEMBL4931,SINGLE PROTEIN
Gastrin-releasing peptide receptor,CHEMBL4959,SINGLE PROTEIN
Glutathione S-transferase A4,CHEMBL4933,SINGLE PROTEIN
Glutathione S-transferase omega-1,CHEMBL3174,SINGLE PROTEIN
"Solute carrier family 2, facilitated glucose transporter member 1",CHEMBL2535,SINGLE PROTEIN
Guanine deaminase,CHEMBL3129,SINGLE PROTEIN
"Dual specificity calcium/calmodulin-dependent 3',5'-cyclic nucleotide phosphodiesterase 1C",CHEMBL4619,SINGLE PROTEIN
"Phosphatidylinositol 4,5-bisphosphate 3-kinase catalytic subunit delta isoform",CHEMBL3130,SINGLE PROTEIN
Cytosolic phospholipase A2 beta,CHEMBL4136,SINGLE PROTEIN
Bile acid receptor,CHEMBL2047,SINGLE PROTEIN
Fibrinogen beta chain,CHEMBL2048,SINGLE PROTEIN
Neuronal acetylcholine receptor subunit alpha-3,CHEMBL3068,SINGLE PROTEIN
Carnitine O-acetyltransferase,CHEMBL3184,SINGLE PROTEIN
Cytochrome P450 2C18,CHEMBL2408,SINGLE PROTEIN
Cytochrome P450 4A11,CHEMBL3978,SINGLE PROTEIN
Lanosterol 14-alpha demethylase,CHEMBL3849,SINGLE PROTEIN
Dopamine beta-hydroxylase,CHEMBL3102,SINGLE PROTEIN
Gamma-aminobutyric acid receptor subunit alpha-4,CHEMBL2472,SINGLE PROTEIN
Endothelin-converting enzyme 1,CHEMBL4791,SINGLE PROTEIN
Spermine synthase,CHEMBL4934,SINGLE PROTEIN
"Glycogen [starch] synthase, muscle",CHEMBL4000,SINGLE PROTEIN
Sterol O-acyltransferase 2,CHEMBL4465,SINGLE PROTEIN
Histone deacetylase 2,CHEMBL1937,SINGLE PROTEIN
Histone deacetylase 3,CHEMBL1829,SINGLE PROTEIN
Tyrosine-protein kinase ABL2,CHEMBL4014,SINGLE PROTEIN
Dolichyl-diphosphooligosaccharide--protein glycosyltransferase 48 kDa subunit,CHEMBL4239,SINGLE PROTEIN
Heat shock protein HSP 90-alpha,CHEMBL3880,SINGLE PROTEIN
Hormone-sensitive lipase,CHEMBL3590,SINGLE PROTEIN
Protein-L-isoaspartate(D-aspartate) O-methyltransferase,CHEMBL4240,SINGLE PROTEIN
Gamma-aminobutyric acid receptor subunit beta-1,CHEMBL4558,SINGLE PROTEIN
Gamma-aminobutyric acid receptor subunit delta,CHEMBL3591,SINGLE PROTEIN
Glutamate decarboxylase 1,CHEMBL2614,SINGLE PROTEIN
Glutamate receptor 2,CHEMBL4016,SINGLE PROTEIN
"Glutamate receptor ionotropic, kainate 3",CHEMBL3684,SINGLE PROTEIN
Renin,CHEMBL286,SINGLE PROTEIN
Squalene monooxygenase,CHEMBL3592,SINGLE PROTEIN
Lanosterol synthase,CHEMBL3593,SINGLE PROTEIN
Histone deacetylase 4,CHEMBL3524,SINGLE PROTEIN
Integrin alpha-3,CHEMBL3525,SINGLE PROTEIN
Inositol polyphosphate-5-phosphatase A,CHEMBL4243,SINGLE PROTEIN
Leucyl-cystinyl aminopeptidase,CHEMBL2693,SINGLE PROTEIN
Legumain,CHEMBL4244,SINGLE PROTEIN
Focal adhesion kinase 1,CHEMBL2695,SINGLE PROTEIN
"Glycogen phosphorylase, muscle form",CHEMBL3526,SINGLE PROTEIN
Sodium/potassium-transporting ATPase beta-1 chain,CHEMBL2379,SINGLE PROTEIN
Steroid hormone receptor ERR2,CHEMBL3751,SINGLE PROTEIN
Estrogen-related receptor gamma,CHEMBL4245,SINGLE PROTEIN
Ribonucleoside-diphosphate reductase subunit M2,CHEMBL1954,SINGLE PROTEIN
Somatostatin receptor type 3,CHEMBL2028,SINGLE PROTEIN
Somatostatin receptor type 5,CHEMBL1792,SINGLE PROTEIN
Steryl-sulfatase,CHEMBL3559,SINGLE PROTEIN
Probable methyltransferase TARBP1,CHEMBL2807,SINGLE PROTEIN
Oxysterols receptor LXR-alpha,CHEMBL2808,SINGLE PROTEIN
Carbohydrate sulfotransferase 4,CHEMBL2239,SINGLE PROTEIN
Sigma non-opioid intracellular receptor 1,CHEMBL287,SINGLE PROTEIN
"Acetyl-CoA acetyltransferase, cytosolic",CHEMBL2240,SINGLE PROTEIN
Beta-mannosidase,CHEMBL3903,SINGLE PROTEIN
"Malate dehydrogenase, cytoplasmic",CHEMBL3560,SINGLE PROTEIN
Stromelysin-3,CHEMBL2867,SINGLE PROTEIN
Metabotropic glutamate receptor 1,CHEMBL3772,SINGLE PROTEIN
Metabotropic glutamate receptor 5,CHEMBL3227,SINGLE PROTEIN
Metabotropic glutamate receptor 8,CHEMBL3228,SINGLE PROTEIN
Glutathione S-transferase A2,CHEMBL2241,SINGLE PROTEIN
Glutathione S-transferase Mu 3,CHEMBL2242,SINGLE PROTEIN
Glutathione S-transferase Mu 5,CHEMBL2819,SINGLE PROTEIN
Coagulation factor XI,CHEMBL2820,SINGLE PROTEIN
Coagulation factor XII,CHEMBL2821,SINGLE PROTEIN
Histamine H4 receptor,CHEMBL3759,SINGLE PROTEIN
Fatty-acid amide hydrolase 1,CHEMBL2243,SINGLE PROTEIN
CAAX prenyl protease 2,CHEMBL3411,SINGLE PROTEIN
"Alanine--tRNA ligase, cytoplasmic",CHEMBL3574,SINGLE PROTEIN
"C-1-tetrahydrofolate synthase, cytoplasmic",CHEMBL2541,SINGLE PROTEIN
5-hydroxytryptamine receptor 3B,CHEMBL3895,SINGLE PROTEIN
Histone deacetylase 6,CHEMBL1865,SINGLE PROTEIN
Aldo-keto reductase family 1 member A1,CHEMBL2246,SINGLE PROTEIN
Tubulin beta-4A chain,CHEMBL3838,SINGLE PROTEIN
Atrial natriuretic peptide receptor 3,CHEMBL2247,SINGLE PROTEIN
Peptidyl-glycine alpha-amidating monooxygenase,CHEMBL2544,SINGLE PROTEIN
High affinity immunoglobulin epsilon receptor subunit alpha,CHEMBL2248,SINGLE PROTEIN
Heme oxygenase 2,CHEMBL2546,SINGLE PROTEIN
Bifunctional glutamate/proline--tRNA ligase,CHEMBL3873,SINGLE PROTEIN
"Histidine--tRNA ligase, cytoplasmic",CHEMBL4002,SINGLE PROTEIN
Histamine N-methyltransferase,CHEMBL2190,SINGLE PROTEIN
Heme oxygenase 1,CHEMBL2823,SINGLE PROTEIN
"Arginine--tRNA ligase, cytoplasmic",CHEMBL2824,SINGLE PROTEIN
"Nuclear factor of activated T-cells, cytoplasmic 1",CHEMBL3876,SINGLE PROTEIN
Neuropeptide Y receptor type 5,CHEMBL4561,SINGLE PROTEIN
Proprotein convertase subtilisin/kexin type 5,CHEMBL2826,SINGLE PROTEIN
"ATP-dependent 6-phosphofructokinase, liver type",CHEMBL2191,SINGLE PROTEIN
2-5A-dependent ribonuclease,CHEMBL3575,SINGLE PROTEIN
Valine--tRNA ligase,CHEMBL2612,SINGLE PROTEIN
"Tryptophan 2,3-dioxygenase",CHEMBL2140,SINGLE PROTEIN
Histidine ammonia-lyase,CHEMBL4003,SINGLE PROTEIN
"3',5'-cyclic-AMP phosphodiesterase 4D",CHEMBL288,SINGLE PROTEIN
"Cone cGMP-specific 3',5'-cyclic phosphodiesterase subunit alpha'",CHEMBL3977,SINGLE PROTEIN
"Phosphorylase b kinase gamma catalytic chain, skeletal muscle/heart isoform",CHEMBL4004,SINGLE PROTEIN
"Phosphatidylinositol 4,5-bisphosphate 3-kinase catalytic subunit alpha isoform",CHEMBL4005,SINGLE PROTEIN
5'-AMP-activated protein kinase catalytic subunit alpha-1,CHEMBL4045,SINGLE PROTEIN
Cytochrome P450 2D6,CHEMBL289,SINGLE PROTEIN
Glutathione S-transferase theta-1,CHEMBL2141,SINGLE PROTEIN
Glutathione S-transferase theta-2,CHEMBL2142,SINGLE PROTEIN
Macrophage-stimulating protein receptor,CHEMBL2689,SINGLE PROTEIN
Hexokinase-1,CHEMBL2688,SINGLE PROTEIN
Hexokinase-3,CHEMBL2709,SINGLE PROTEIN
Coagulation factor V,CHEMBL3618,SINGLE PROTEIN
Tissue alpha-L-fucosidase,CHEMBL4176,SINGLE PROTEIN
"cGMP-inhibited 3',5'-cyclic phosphodiesterase 3B",CHEMBL290,SINGLE PROTEIN
"3',5'-cyclic-AMP phosphodiesterase 4C",CHEMBL291,SINGLE PROTEIN
ATP-dependent translocase ABCB1,CHEMBL4302,SINGLE PROTEIN
Tissue-type plasminogen activator,CHEMBL1873,SINGLE PROTEIN
Serine/threonine-protein kinase mTOR,CHEMBL2842,SINGLE PROTEIN
Furin,CHEMBL2611,SINGLE PROTEIN
Insulin-like growth factor-binding protein 1,CHEMBL4178,SINGLE PROTEIN
Insulin-like growth factor-binding protein 3,CHEMBL3997,SINGLE PROTEIN
Mitogen-activated protein kinase 9,CHEMBL4179,SINGLE PROTEIN
Mitogen-activated protein kinase 10,CHEMBL2637,SINGLE PROTEIN
Dual specificity mitogen-activated protein kinase kinase 1,CHEMBL3587,SINGLE PROTEIN
Ribose-phosphate pyrophosphokinase 1,CHEMBL2638,SINGLE PROTEIN
Myeloblastin,CHEMBL3900,SINGLE PROTEIN
Receptor-type tyrosine-protein phosphatase alpha,CHEMBL3918,SINGLE PROTEIN
"Fructose-1,6-bisphosphatase 1",CHEMBL3975,SINGLE PROTEIN
Glutathione S-transferase P,CHEMBL3902,SINGLE PROTEIN
Hexokinase-2,CHEMBL2640,SINGLE PROTEIN
3 beta-hydroxysteroid dehydrogenase/Delta 5-->4-isomerase type 2,CHEMBL3670,SINGLE PROTEIN
S-adenosylmethionine decarboxylase proenzyme,CHEMBL4181,SINGLE PROTEIN
Gamma-aminobutyric acid receptor subunit alpha-5,CHEMBL5112,SINGLE PROTEIN
Receptor-type tyrosine-protein phosphatase beta,CHEMBL2706,SINGLE PROTEIN
"Glycogen phosphorylase, liver form",CHEMBL2568,SINGLE PROTEIN
Sortilin,CHEMBL3091,SINGLE PROTEIN
P-selectin glycoprotein ligand 1,CHEMBL4183,SINGLE PROTEIN
Sodium- and chloride-dependent betaine transporter,CHEMBL3715,SINGLE PROTEIN
Sorbitol dehydrogenase,CHEMBL2275,SINGLE PROTEIN
Integrin alpha-6,CHEMBL3716,SINGLE PROTEIN
Lysosomal acid lipase/cholesteryl ester hydrolase,CHEMBL4184,SINGLE PROTEIN
Hepatocyte growth factor receptor,CHEMBL3717,SINGLE PROTEIN
Microsomal triglyceride transfer protein large subunit,CHEMBL2569,SINGLE PROTEIN
Xaa-Pro dipeptidase,CHEMBL4185,SINGLE PROTEIN
"ATP-dependent 6-phosphofructokinase, muscle type",CHEMBL3291,SINGLE PROTEIN
Glutamate decarboxylase 2,CHEMBL2952,SINGLE PROTEIN
Gamma-aminobutyric acid receptor subunit alpha-6,CHEMBL2579,SINGLE PROTEIN
Spermidine synthase,CHEMBL4232,SINGLE PROTEIN
Signal transducer and activator of transcription 3,CHEMBL4026,SINGLE PROTEIN
Disintegrin and metalloproteinase domain-containing protein 17,CHEMBL3706,SINGLE PROTEIN
Protein-glutamine gamma-glutamyltransferase E,CHEMBL3363,SINGLE PROTEIN
Phosphorylase kinase beta subunit,CHEMBL3844,SINGLE PROTEIN
Sodium channel protein type 5 subunit alpha,CHEMBL1980,SINGLE PROTEIN
Thyroxine-binding globulin,CHEMBL3843,SINGLE PROTEIN
Protein-glutamine gamma-glutamyltransferase K,CHEMBL2810,SINGLE PROTEIN
17-beta-hydroxysteroid dehydrogenase type 3,CHEMBL4234,SINGLE PROTEIN
11-beta-hydroxysteroid dehydrogenase 1,CHEMBL4235,SINGLE PROTEIN
Galanin receptor type 2,CHEMBL3176,SINGLE PROTEIN
Xaa-Pro aminopeptidase 2,CHEMBL4610,SINGLE PROTEIN
Group 10 secretory phospholipase A2,CHEMBL4342,SINGLE PROTEIN
Protein-tyrosine sulfotransferase 2,CHEMBL3178,SINGLE PROTEIN
Kynurenine 3-monooxygenase,CHEMBL2145,SINGLE PROTEIN
"Tyrosine--tRNA ligase, cytoplasmic",CHEMBL3179,SINGLE PROTEIN
Cocaine esterase,CHEMBL3180,SINGLE PROTEIN
NADH-cytochrome b5 reductase,CHEMBL2146,SINGLE PROTEIN
17-beta-hydroxysteroid dehydrogenase type 1,CHEMBL3181,SINGLE PROTEIN
Neuroendocrine convertase 1,CHEMBL3182,SINGLE PROTEIN
"Rod cGMP-specific 3',5'-cyclic phosphodiesterase subunit alpha",CHEMBL3878,SINGLE PROTEIN
E-selectin,CHEMBL3890,SINGLE PROTEIN
Tyrosine-protein phosphatase non-receptor type 4,CHEMBL3165,SINGLE PROTEIN
Tyrosine-protein phosphatase non-receptor type 6,CHEMBL3166,SINGLE PROTEIN
Tyrosine-protein phosphatase non-receptor type 7,CHEMBL2219,SINGLE PROTEIN
Gastrin/cholecystokinin type B receptor,CHEMBL298,SINGLE PROTEIN
Tyrosine-protein phosphatase non-receptor type 11,CHEMBL3864,SINGLE PROTEIN
Nuclear factor NF-kappa-B p105 subunit,CHEMBL3251,SINGLE PROTEIN
Kynurenine--oxoglutarate transaminase 1,CHEMBL3962,SINGLE PROTEIN
Cathepsin S,CHEMBL2954,SINGLE PROTEIN
Fatty acid synthase,CHEMBL4158,SINGLE PROTEIN
Growth hormone secretagogue receptor type 1,CHEMBL4616,SINGLE PROTEIN
cAMP-dependent protein kinase type II-alpha regulatory subunit,CHEMBL2221,SINGLE PROTEIN
Excitatory amino acid transporter 3,CHEMBL2721,SINGLE PROTEIN
AMP deaminase 3,CHEMBL2912,SINGLE PROTEIN
Cystic fibrosis transmembrane conductance regulator,CHEMBL4051,SINGLE PROTEIN
"Cytochrome P450 11B2, mitochondrial",CHEMBL2722,SINGLE PROTEIN
Steroid 21-hydroxylase,CHEMBL2759,SINGLE PROTEIN
Hemoglobin subunit beta,CHEMBL4331,SINGLE PROTEIN
Lysosomal alpha-mannosidase,CHEMBL4059,SINGLE PROTEIN
"Ornithine transcarbamylase, mitochondrial",CHEMBL2222,SINGLE PROTEIN
Protein-tyrosine phosphatase D1,CHEMBL4060,SINGLE PROTEIN
Gamma-glutamyl hydrolase,CHEMBL2223,SINGLE PROTEIN
Excitatory amino acid transporter 1,CHEMBL3085,SINGLE PROTEIN
Sphingosine 1-phosphate receptor 2,CHEMBL2955,SINGLE PROTEIN
Sarcoplasmic/endoplasmic reticulum calcium ATPase 1,CHEMBL3136,SINGLE PROTEIN
M-phase inducer phosphatase 2,CHEMBL4804,SINGLE PROTEIN
Pro-cathepsin H,CHEMBL2225,SINGLE PROTEIN
Ephrin type-B receptor 2,CHEMBL3290,SINGLE PROTEIN
Sphingomyelin phosphodiesterase,CHEMBL2760,SINGLE PROTEIN
Vitamin D-binding protein,CHEMBL2259,SINGLE PROTEIN
Nitric oxide synthase 3,CHEMBL4803,SINGLE PROTEIN
C-X-C chemokine receptor type 1,CHEMBL4029,SINGLE PROTEIN
C-C chemokine receptor type 2,CHEMBL4015,SINGLE PROTEIN
All-trans-retinol dehydrogenase [NAD(+)] ADH1B,CHEMBL3284,SINGLE PROTEIN
Alcohol dehydrogenase 1C,CHEMBL3285,SINGLE PROTEIN
All-trans-retinol dehydrogenase [NAD(+)] ADH4,CHEMBL2990,SINGLE PROTEIN
Aspartyl aminopeptidase,CHEMBL2761,SINGLE PROTEIN
DNA polymerase delta subunit 2,CHEMBL2763,SINGLE PROTEIN
DNA polymerase delta subunit 3,CHEMBL2260,SINGLE PROTEIN
Glutamine synthetase,CHEMBL4612,SINGLE PROTEIN
"Hydroxyacylglutathione hydrolase, mitochondrial",CHEMBL2261,SINGLE PROTEIN
Sodium- and chloride-dependent glycine transporter 2,CHEMBL3060,SINGLE PROTEIN
Protein kinase C eta type,CHEMBL3616,SINGLE PROTEIN
Tyrosine-protein phosphatase non-receptor type 13,CHEMBL2976,SINGLE PROTEIN
Puromycin-sensitive aminopeptidase,CHEMBL2264,SINGLE PROTEIN
"Thioredoxin reductase 2, mitochondrial",CHEMBL2403,SINGLE PROTEIN
Calcium/calmodulin-dependent protein kinase type II subunit delta,CHEMBL2801,SINGLE PROTEIN
Caspase-1,CHEMBL4801,SINGLE PROTEIN
Cyclin-dependent kinase 9,CHEMBL3116,SINGLE PROTEIN
Liver carboxylesterase 1,CHEMBL2265,SINGLE PROTEIN
Choline kinase alpha,CHEMBL3117,SINGLE PROTEIN
Casein kinase I isoform gamma-2,CHEMBL2543,SINGLE PROTEIN
Sphingosine 1-phosphate receptor 1,CHEMBL4333,SINGLE PROTEIN
Protein kinase C alpha type,CHEMBL299,SINGLE PROTEIN
Protein kinase C beta type,CHEMBL3045,SINGLE PROTEIN
Serine/threonine-protein kinase N1,CHEMBL3384,SINGLE PROTEIN
Mitogen-activated protein kinase 1,CHEMBL4040,SINGLE PROTEIN
Mitogen-activated protein kinase 3,CHEMBL3385,SINGLE PROTEIN
Sialidase-3,CHEMBL3046,SINGLE PROTEIN
Heparanase,CHEMBL3921,SINGLE PROTEIN
Alpha-enolase,CHEMBL3298,SINGLE PROTEIN
Glutamate--cysteine ligase catalytic subunit,CHEMBL4055,SINGLE PROTEIN
Insulin-like growth factor-binding protein 4,CHEMBL2310,SINGLE PROTEIN
Poly [ADP-ribose] polymerase 1,CHEMBL3105,SINGLE PROTEIN
Asparagine synthetase [glutamine-hydrolyzing],CHEMBL3120,SINGLE PROTEIN
NF-kappa-B-repressing factor,CHEMBL3163,SINGLE PROTEIN
Transmembrane prolyl 4-hydroxylase,CHEMBL3047,SINGLE PROTEIN
Cyclin-dependent kinase 2,CHEMBL301,SINGLE PROTEIN
Sodium- and chloride-dependent glycine transporter 1,CHEMBL2337,SINGLE PROTEIN
DNA topoisomerase 2-binding protein 1,CHEMBL3175,SINGLE PROTEIN
Nischarin,CHEMBL3923,SINGLE PROTEIN
Chymotrypsin-C,CHEMBL2386,SINGLE PROTEIN
Sarcoplasmic/endoplasmic reticulum calcium ATPase 2,CHEMBL3901,SINGLE PROTEIN
"V-type proton ATPase subunit B, kidney isoform",CHEMBL3217,SINGLE PROTEIN
Tyrosine-protein kinase Blk,CHEMBL2250,SINGLE PROTEIN
Complement C1r subcomponent,CHEMBL4611,SINGLE PROTEIN
Calpain-2 catalytic subunit,CHEMBL2382,SINGLE PROTEIN
B-cell receptor CD22,CHEMBL3218,SINGLE PROTEIN
Bile salt-activated lipase,CHEMBL3219,SINGLE PROTEIN
Phosphatidylinositol 4-kinase type 2-beta,CHEMBL3220,SINGLE PROTEIN
Phosphatidylinositol 4-kinase type 2-alpha,CHEMBL2251,SINGLE PROTEIN
Guanylate kinase,CHEMBL4989,SINGLE PROTEIN
Casein kinase I isoform alpha,CHEMBL2793,SINGLE PROTEIN
Cathepsin E,CHEMBL3092,SINGLE PROTEIN
Thymidine phosphorylase,CHEMBL3106,SINGLE PROTEIN
Glutamyl aminopeptidase,CHEMBL3439,SINGLE PROTEIN
Bifunctional epoxide hydrolase 2,CHEMBL2409,SINGLE PROTEIN
Fibroblast growth factor 2,CHEMBL3107,SINGLE PROTEIN
Presenilin-1,CHEMBL2473,SINGLE PROTEIN
Heat shock protein HSP 90-beta,CHEMBL4303,SINGLE PROTEIN
Peptidyl-prolyl cis-trans isomerase FKBP4,CHEMBL4050,SINGLE PROTEIN
Vascular endothelial growth factor receptor 3,CHEMBL1955,SINGLE PROTEIN
"Alpha-(1,3)-fucosyltransferase 4",CHEMBL4996,SINGLE PROTEIN
4-galactosyl-N-acetylglucosaminide 3-alpha-L-fucosyltransferase FUT5,CHEMBL3146,SINGLE PROTEIN
Tyrosine-protein kinase Fyn,CHEMBL1841,SINGLE PROTEIN
Gamma-aminobutyric acid receptor subunit rho-2,CHEMBL2375,SINGLE PROTEIN
Glyceraldehyde-3-phosphate dehydrogenase,CHEMBL2284,SINGLE PROTEIN
Glucagon-like peptide 1 receptor,CHEMBL1784,SINGLE PROTEIN
"Glutamate receptor ionotropic, kainate 5",CHEMBL2675,SINGLE PROTEIN
G1/S-specific cyclin-E1,CHEMBL3617,SINGLE PROTEIN
Tyrosine-protein kinase HCK,CHEMBL3234,SINGLE PROTEIN
Heterogeneous nuclear ribonucleoprotein K,CHEMBL3469,SINGLE PROTEIN
"Isoleucine--tRNA ligase, cytoplasmic",CHEMBL3235,SINGLE PROTEIN
Integrin alpha-5,CHEMBL3955,SINGLE PROTEIN
Integrin alpha-9,CHEMBL3170,SINGLE PROTEIN
Adenylate cyclase type 2,CHEMBL3760,SINGLE PROTEIN
Histone deacetylase 9,CHEMBL4145,SINGLE PROTEIN
"Inositol 1,4,5-trisphosphate-gated calcium channel ITPR1",CHEMBL4046,SINGLE PROTEIN
Beta-glucosidase,CHEMBL3761,SINGLE PROTEIN
Cytosolic beta-glucosidase,CHEMBL3865,SINGLE PROTEIN
Adenylate cyclase type 1,CHEMBL2899,SINGLE PROTEIN
Vascular cell adhesion protein 1,CHEMBL3735,SINGLE PROTEIN
"Inositol 1,4,5-trisphosphate-gated calcium channel ITPR3",CHEMBL3904,SINGLE PROTEIN
Calcium-activated potassium channel subunit alpha-1,CHEMBL4304,SINGLE PROTEIN
Small conductance calcium-activated potassium channel protein 1,CHEMBL2369,SINGLE PROTEIN
Tyrosine-protein kinase Lyn,CHEMBL3905,SINGLE PROTEIN
Ribosomal protein S6 kinase alpha-2,CHEMBL3906,SINGLE PROTEIN
Transient receptor potential cation channel subfamily V member 4,CHEMBL3119,SINGLE PROTEIN
Angiotensin-converting enzyme 2,CHEMBL3736,SINGLE PROTEIN
Sialidase-4,CHEMBL4174,SINGLE PROTEIN
Alpha-mannosidase 2,CHEMBL4056,SINGLE PROTEIN
Megakaryocyte-associated tyrosine-protein kinase,CHEMBL4175,SINGLE PROTEIN
Melanocyte-stimulating hormone receptor,CHEMBL3795,SINGLE PROTEIN
Mitogen-activated protein kinase kinase kinase 11,CHEMBL2708,SINGLE PROTEIN
Macrophage metalloelastase,CHEMBL4393,SINGLE PROTEIN
Mannose-6-phosphate isomerase,CHEMBL2758,SINGLE PROTEIN
Mitogen-activated protein kinase kinase kinase 10,CHEMBL2873,SINGLE PROTEIN
Nuclear factor NF-kappa-B p100 subunit,CHEMBL3003,SINGLE PROTEIN
Gamma-aminobutyric acid receptor subunit beta-3,CHEMBL1847,SINGLE PROTEIN
Sphingosine kinase 1,CHEMBL4394,SINGLE PROTEIN
High affinity nerve growth factor receptor,CHEMBL2815,SINGLE PROTEIN
2-oxoglutarate dehydrogenase complex component E1,CHEMBL2816,SINGLE PROTEIN
P2X purinoceptor 3,CHEMBL2998,SINGLE PROTEIN
P2Y purinoceptor 2,CHEMBL4398,SINGLE PROTEIN
Serine/threonine-protein kinase PAK 3,CHEMBL2999,SINGLE PROTEIN
"Phosphoenolpyruvate carboxykinase, cytosolic [GTP]",CHEMBL2911,SINGLE PROTEIN
"High affinity 3',5'-cyclic-AMP phosphodiesterase 7A",CHEMBL3012,SINGLE PROTEIN
Nuclear receptor subfamily 1 group I member 2,CHEMBL3401,SINGLE PROTEIN
"Alkaline phosphatase, germ cell type",CHEMBL3402,SINGLE PROTEIN
M-phase inducer phosphatase 3,CHEMBL2378,SINGLE PROTEIN
Fibroblast growth factor receptor 4,CHEMBL3973,SINGLE PROTEIN
Fibroblast growth factor receptor 3,CHEMBL2742,SINGLE PROTEIN
85/88 kDa calcium-independent phospholipase A2,CHEMBL3213,SINGLE PROTEIN
"6-phosphogluconate dehydrogenase, decarboxylating",CHEMBL3404,SINGLE PROTEIN
"Phosphatidylinositol 4,5-bisphosphate 3-kinase catalytic subunit gamma isoform",CHEMBL3267,SINGLE PROTEIN
Phosphatidylinositol 4-kinase alpha,CHEMBL3667,SINGLE PROTEIN
Phosphatidylinositol 4-kinase beta,CHEMBL3268,SINGLE PROTEIN
Urokinase-type plasminogen activator,CHEMBL3286,SINGLE PROTEIN
"1-phosphatidylinositol 4,5-bisphosphate phosphodiesterase gamma-1",CHEMBL3964,SINGLE PROTEIN
Voltage-dependent calcium channel subunit alpha-2/delta-2,CHEMBL3896,SINGLE PROTEIN
"1-phosphatidylinositol 4,5-bisphosphate phosphodiesterase gamma-2",CHEMBL4100,SINGLE PROTEIN
Phospholipase D2,CHEMBL2734,SINGLE PROTEIN
DNA polymerase delta catalytic subunit,CHEMBL2735,SINGLE PROTEIN
Prolyl endopeptidase,CHEMBL3202,SINGLE PROTEIN
cAMP-dependent protein kinase catalytic subunit alpha,CHEMBL4101,SINGLE PROTEIN
cAMP-dependent protein kinase catalytic subunit gamma,CHEMBL2743,SINGLE PROTEIN
cAMP-dependent protein kinase type I-beta regulatory subunit,CHEMBL2320,SINGLE PROTEIN
cAMP-dependent protein kinase type II-beta regulatory subunit,CHEMBL2270,SINGLE PROTEIN
Potassium voltage-gated channel subfamily A member 7,CHEMBL2773,SINGLE PROTEIN
Plasma alpha-L-fucosidase,CHEMBL2271,SINGLE PROTEIN
Disintegrin and metalloproteinase domain-containing protein 9,CHEMBL5982,SINGLE PROTEIN
"Sucrase-isomaltase, intestinal",CHEMBL2748,SINGLE PROTEIN
Coagulation factor VII,CHEMBL3991,SINGLE PROTEIN
Potassium voltage-gated channel subfamily KQT member 5,CHEMBL2925,SINGLE PROTEIN
"Alpha-(1,3)-fucosyltransferase 10",CHEMBL2926,SINGLE PROTEIN
Caspase-6,CHEMBL3308,SINGLE PROTEIN
Caspase-9,CHEMBL2273,SINGLE PROTEIN
Histone deacetylase 11,CHEMBL3310,SINGLE PROTEIN
Sphingosine 1-phosphate receptor 5,CHEMBL2274,SINGLE PROTEIN
DNA topoisomerase 2-beta,CHEMBL3396,SINGLE PROTEIN
ATP-citrate synthase,CHEMBL3720,SINGLE PROTEIN
Acrosin,CHEMBL2738,SINGLE PROTEIN
Multidrug resistance-associated protein 1,CHEMBL3004,SINGLE PROTEIN
"Myosin light chain kinase 2, skeletal/cardiac muscle",CHEMBL2777,SINGLE PROTEIN
Mitogen-activated protein kinase kinase kinase 9,CHEMBL2872,SINGLE PROTEIN
Integrin-linked kinase-associated protein phosphatase 2C isoform 1,CHEMBL2290,SINGLE PROTEIN
Tubulin beta-1 chain,CHEMBL1915,SINGLE PROTEIN
Polyunsaturated fatty acid lipoxygenase ALOX15,CHEMBL2903,SINGLE PROTEIN
Aldehyde oxidase,CHEMBL3257,SINGLE PROTEIN
"Leucine--tRNA ligase, cytoplasmic",CHEMBL3258,SINGLE PROTEIN
Caspase-7,CHEMBL3468,SINGLE PROTEIN
Cyclin-dependent kinase 1,CHEMBL308,SINGLE PROTEIN
Receptor-type tyrosine-protein phosphatase C,CHEMBL3243,SINGLE PROTEIN
Dual specificity tyrosine-phosphorylation-regulated kinase 1A,CHEMBL2292,SINGLE PROTEIN
Protein-glutamine gamma-glutamyltransferase,CHEMBL2730,SINGLE PROTEIN
Receptor-type tyrosine-protein phosphatase F,CHEMBL3521,SINGLE PROTEIN
"Glutamate receptor ionotropic, NMDA 3A",CHEMBL4787,SINGLE PROTEIN
Glycerol kinase,CHEMBL2300,SINGLE PROTEIN
Growth factor receptor-bound protein 2,CHEMBL3663,SINGLE PROTEIN
Proprotein convertase subtilisin/kexin type 6,CHEMBL2951,SINGLE PROTEIN
Carbonic anhydrase 12,CHEMBL3242,SINGLE PROTEIN
Tyrosine-protein kinase ZAP-70,CHEMBL2803,SINGLE PROTEIN
Peroxisome proliferator-activated receptor delta,CHEMBL3979,SINGLE PROTEIN
Protein kinase C delta type,CHEMBL2996,SINGLE PROTEIN
Beta-secretase 1,CHEMBL4822,SINGLE PROTEIN
Mitogen-activated protein kinase 8,CHEMBL2276,SINGLE PROTEIN
Dipeptidyl peptidase 2,CHEMBL3976,SINGLE PROTEIN
Mitogen-activated protein kinase kinase kinase 1,CHEMBL3956,SINGLE PROTEIN
AMP deaminase 2,CHEMBL2997,SINGLE PROTEIN
Histone deacetylase 5,CHEMBL2563,SINGLE PROTEIN
Trifunctional purine biosynthetic protein adenosine-3,CHEMBL3972,SINGLE PROTEIN
Tubulin beta-8 chain,CHEMBL4024,SINGLE PROTEIN
Dual oxidase 2,CHEMBL3293,SINGLE PROTEIN
Pepsin A,CHEMBL3295,SINGLE PROTEIN
Proprotein convertase subtilisin/kexin type 9,CHEMBL2929,SINGLE PROTEIN
"Glutamate receptor ionotropic, kainate 1",CHEMBL1918,SINGLE PROTEIN
"Glutamate receptor ionotropic, kainate 2",CHEMBL3683,SINGLE PROTEIN
Epididymis-specific alpha-mannosidase,CHEMBL2682,SINGLE PROTEIN
Cytosol aminopeptidase,CHEMBL3965,SINGLE PROTEIN
Tyrosine-protein phosphatase non-receptor type 22,CHEMBL2889,SINGLE PROTEIN
Dipeptidyl peptidase 1,CHEMBL2252,SINGLE PROTEIN
"Threonine--tRNA ligase 1, cytoplasmic",CHEMBL3391,SINGLE PROTEIN
Mediator of RNA polymerase II transcription subunit 23,CHEMBL4146,SINGLE PROTEIN
Calcium/calmodulin-dependent protein kinase type II subunit alpha,CHEMBL4147,SINGLE PROTEIN
Peroxisomal sarcosine oxidase,CHEMBL2254,SINGLE PROTEIN
"Nitric oxide synthase, inducible",CHEMBL4481,SINGLE PROTEIN
Histone deacetylase 7,CHEMBL2716,SINGLE PROTEIN
"Dual 3',5'-cyclic-AMP and -GMP phosphodiesterase 11A",CHEMBL2717,SINGLE PROTEIN
Small conductance calcium-activated potassium channel protein 3,CHEMBL3381,SINGLE PROTEIN
SHC-transforming protein 2,CHEMBL3299,SINGLE PROTEIN
Thymidylate kinase,CHEMBL4388,SINGLE PROTEIN
5'-3' exonuclease PLD3,CHEMBL2769,SINGLE PROTEIN
"Phosphatidylinositol 4,5-bisphosphate 3-kinase catalytic subunit beta isoform",CHEMBL3145,SINGLE PROTEIN
Potassium voltage-gated channel subfamily A member 1,CHEMBL2309,SINGLE PROTEIN
Protein phosphatase 3 catalytic subunit alpha,CHEMBL4445,SINGLE PROTEIN
Solute carrier family 23 member 2,CHEMBL3271,SINGLE PROTEIN
Kallikrein-4,CHEMBL4446,SINGLE PROTEIN
Kallikrein-5,CHEMBL4447,SINGLE PROTEIN
Kallikrein-6,CHEMBL4448,SINGLE PROTEIN
"1-phosphatidylinositol 4,5-bisphosphate phosphodiesterase beta-3",CHEMBL5449,SINGLE PROTEIN
Cathepsin L2,CHEMBL3272,SINGLE PROTEIN
Sodium/hydrogen exchanger 3,CHEMBL3273,SINGLE PROTEIN
Sodium/hydrogen exchanger 5,CHEMBL3058,SINGLE PROTEIN
"Nucleoside diphosphate kinase, mitochondrial",CHEMBL4488,SINGLE PROTEIN
Matrix metalloproteinase-9,CHEMBL321,SINGLE PROTEIN
Stromelysin-2,CHEMBL4270,SINGLE PROTEIN
Cytochrome P450 1A2,CHEMBL3356,SINGLE PROTEIN
Adenylate cyclase type 5,CHEMBL3189,SINGLE PROTEIN
1-acyl-sn-glycerol-3-phosphate acyltransferase beta,CHEMBL4772,SINGLE PROTEIN
L-xylulose reductase,CHEMBL2314,SINGLE PROTEIN
"Phosphorylase b kinase regulatory subunit alpha, liver isoform",CHEMBL2906,SINGLE PROTEIN
Glutamate receptor 4,CHEMBL3190,SINGLE PROTEIN
Neutral amino acid transporter A,CHEMBL2315,SINGLE PROTEIN
Granzyme B,CHEMBL2316,SINGLE PROTEIN
Telomerase reverse transcriptase,CHEMBL2916,SINGLE PROTEIN
Platelet-derived growth factor receptor alpha,CHEMBL2007,SINGLE PROTEIN
Group IIF secretory phospholipase A2,CHEMBL4278,SINGLE PROTEIN
Excitatory amino acid transporter 2,CHEMBL4973,SINGLE PROTEIN
"Glutathione reductase, mitochondrial",CHEMBL2755,SINGLE PROTEIN
Sex hormone-binding globulin,CHEMBL3305,SINGLE PROTEIN
Cyclin-dependent kinase 5 activator 1,CHEMBL2783,SINGLE PROTEIN
Serine/threonine-protein phosphatase 2A catalytic subunit alpha isoform,CHEMBL4703,SINGLE PROTEIN
Phospholipase A2,CHEMBL4426,SINGLE PROTEIN
Group IID secretory phospholipase A2,CHEMBL4281,SINGLE PROTEIN
Prostaglandin D2 receptor,CHEMBL4427,SINGLE PROTEIN
Integrin alpha-V,CHEMBL3660,SINGLE PROTEIN
Integrin beta-2,CHEMBL3631,SINGLE PROTEIN
Protein kinase C theta type,CHEMBL3920,SINGLE PROTEIN
RAC-alpha serine/threonine-protein kinase,CHEMBL4282,SINGLE PROTEIN
Tubulin alpha-1A chain,CHEMBL3661,SINGLE PROTEIN
Receptor-type tyrosine-protein kinase FLT3,CHEMBL1974,SINGLE PROTEIN
Serine/threonine-protein phosphatase 2A 55 kDa regulatory subunit B alpha isoform,CHEMBL4284,SINGLE PROTEIN
Alpha-1-acid glycoprotein 1,CHEMBL4285,SINGLE PROTEIN
Amphiregulin,CHEMBL3731,SINGLE PROTEIN
Diamine acetyltransferase 1,CHEMBL4286,SINGLE PROTEIN
C5a anaphylatoxin chemotactic receptor 1,CHEMBL2373,SINGLE PROTEIN
NADH-ubiquinone oxidoreductase SGDH subunit,CHEMBL4337,SINGLE PROTEIN
Calpain small subunit 1,CHEMBL4962,SINGLE PROTEIN
"[Pyruvate dehydrogenase (acetyl-transferring)] kinase isozyme 1, mitochondrial",CHEMBL4766,SINGLE PROTEIN
"[Pyruvate dehydrogenase (acetyl-transferring)] kinase isozyme 3, mitochondrial",CHEMBL3893,SINGLE PROTEIN
"[Pyruvate dehydrogenase (acetyl-transferring)] kinase isozyme 4, mitochondrial",CHEMBL4141,SINGLE PROTEIN
Purine nucleoside phosphorylase,CHEMBL4338,SINGLE PROTEIN
Chemokine XC receptor 1,CHEMBL4339,SINGLE PROTEIN
Tumor necrosis factor receptor superfamily member 10A,CHEMBL3551,SINGLE PROTEIN
Non-receptor tyrosine-protein kinase TYK2,CHEMBL3553,SINGLE PROTEIN
Histone deacetylase 1,CHEMBL325,SINGLE PROTEIN
Diphosphomevalonate decarboxylase,CHEMBL4340,SINGLE PROTEIN
Receptor tyrosine-protein kinase erbB-4,CHEMBL3009,SINGLE PROTEIN
"Acetyl-CoA acetyltransferase, mitochondrial",CHEMBL2616,SINGLE PROTEIN
Thiopurine S-methyltransferase,CHEMBL2500,SINGLE PROTEIN
Tryptase beta-1,CHEMBL2617,SINGLE PROTEIN
Transthyretin,CHEMBL3194,SINGLE PROTEIN
G1/S-specific cyclin-D3,CHEMBL2422,SINGLE PROTEIN
Peptidyl-prolyl cis-trans isomerase FKBP14,CHEMBL2342,SINGLE PROTEIN
Gamma-secretase subunit PEN-2,CHEMBL2374,SINGLE PROTEIN
Acetylcholine receptor subunit delta,CHEMBL3011,SINGLE PROTEIN
Serine/threonine-protein kinase Sgk1,CHEMBL2343,SINGLE PROTEIN
L-selectin,CHEMBL3161,SINGLE PROTEIN
P-selectin,CHEMBL5378,SINGLE PROTEIN
Ribosomal protein S6 kinase alpha-3,CHEMBL2345,SINGLE PROTEIN
Suppressor of tumorigenicity 14 protein,CHEMBL3018,SINGLE PROTEIN
Sulfotransferase 1E1,CHEMBL2346,SINGLE PROTEIN
"Phosphorylase b kinase gamma catalytic chain, liver/testis isoform",CHEMBL2349,SINGLE PROTEIN
Methylated-DNA--protein-cysteine methyltransferase,CHEMBL2864,SINGLE PROTEIN
Matrilysin,CHEMBL4073,SINGLE PROTEIN
Cytochrome P450 3A5,CHEMBL3019,SINGLE PROTEIN
Neuronal acetylcholine receptor protein alpha-10 subunit,CHEMBL2551,SINGLE PROTEIN
Gamma-aminobutyric acid receptor subunit alpha-3,CHEMBL3026,SINGLE PROTEIN
Superoxide dismutase [Cu-Zn],CHEMBL2354,SINGLE PROTEIN
Peptidyl-prolyl cis-trans isomerase FKBP3,CHEMBL4746,SINGLE PROTEIN
Gamma-aminobutyric acid receptor subunit alpha-2,CHEMBL4956,SINGLE PROTEIN
NADH-ubiquinone oxidoreductase B18 subunit,CHEMBL2357,SINGLE PROTEIN
Casein kinase II subunit alpha',CHEMBL4070,SINGLE PROTEIN
Casein kinase II subunit beta,CHEMBL2358,SINGLE PROTEIN
Somatostatin receptor type 1,CHEMBL1917,SINGLE PROTEIN
Ryanodine receptor 2,CHEMBL4403,SINGLE PROTEIN
Adenosylhomocysteinase,CHEMBL2664,SINGLE PROTEIN
Uroporphyrinogen-III synthase,CHEMBL4433,SINGLE PROTEIN
Insulin-like growth factor-binding protein 5,CHEMBL2665,SINGLE PROTEIN
Sialidase-1,CHEMBL2726,SINGLE PROTEIN
AMP deaminase 1,CHEMBL2869,SINGLE PROTEIN
"Endoplasmic reticulum mannosyl-oligosaccharide 1,2-alpha-mannosidase",CHEMBL2308,SINGLE PROTEIN
"Methionine--tRNA ligase, cytoplasmic",CHEMBL2870,SINGLE PROTEIN
Glutamine--tRNA ligase,CHEMBL3054,SINGLE PROTEIN
C-X-C chemokine receptor type 3,CHEMBL4441,SINGLE PROTEIN
Cyclin-dependent kinase 3,CHEMBL4442,SINGLE PROTEIN
Cyclin-dependent kinase 7,CHEMBL3055,SINGLE PROTEIN
"Glutamate receptor ionotropic, NMDA 2D",CHEMBL2591,SINGLE PROTEIN
Macrophage colony-stimulating factor 1 receptor,CHEMBL1844,SINGLE PROTEIN
3-galactosyl-N-acetylglucosaminide 4-alpha-L-fucosyltransferase FUT3,CHEMBL3269,SINGLE PROTEIN
4-galactosyl-N-acetylglucosaminide 3-alpha-L-fucosyltransferase FUT6,CHEMBL4443,SINGLE PROTEIN
Glucose-6-phosphatase catalytic subunit 1,CHEMBL2282,SINGLE PROTEIN
Vitamin K-dependent protein C,CHEMBL4444,SINGLE PROTEIN
Dihydroxyacetone phosphate acyltransferase,CHEMBL4494,SINGLE PROTEIN
Cytochrome c oxidase subunit NDUFA4,CHEMBL2317,SINGLE PROTEIN
Phospholipase A2 group V,CHEMBL4323,SINGLE PROTEIN
Glycylpeptide N-tetradecanoyltransferase 1,CHEMBL2593,SINGLE PROTEIN
Tryptase gamma,CHEMBL4955,SINGLE PROTEIN
A disintegrin and metalloproteinase with thrombospondin motifs 4,CHEMBL2318,SINGLE PROTEIN
A disintegrin and metalloproteinase with thrombospondin motifs 5,CHEMBL2285,SINGLE PROTEIN
UDP-glucuronosyltransferase 1A4,CHEMBL3619,SINGLE PROTEIN
Cytosolic phospholipase A2 delta,CHEMBL2287,SINGLE PROTEIN
Peptidyl-prolyl cis-trans isomerase NIMA-interacting 1,CHEMBL2288,SINGLE PROTEIN
Mannose-P-dolichol synthase,CHEMBL2572,SINGLE PROTEIN
Galanin receptor type 3,CHEMBL2731,SINGLE PROTEIN
Zinc finger protein 40,CHEMBL2909,SINGLE PROTEIN
Metabotropic glutamate receptor 2,CHEMBL5137,SINGLE PROTEIN
Carbonic anhydrase 4,CHEMBL3729,SINGLE PROTEIN
Ileal sodium/bile acid cotransporter,CHEMBL2778,SINGLE PROTEIN
Neurotensin receptor type 1,CHEMBL4123,SINGLE PROTEIN
Cytochrome P450 2C9,CHEMBL3397,SINGLE PROTEIN
Cytochrome P450 2C19,CHEMBL3622,SINGLE PROTEIN
Angiopoietin-1 receptor,CHEMBL4128,SINGLE PROTEIN
NF-kappa-B inhibitor alpha,CHEMBL2898,SINGLE PROTEIN
Inhibitor of nuclear factor kappa-B kinase subunit epsilon,CHEMBL3529,SINGLE PROTEIN
Dual specificity mitogen-activated protein kinase kinase 7,CHEMBL3530,SINGLE PROTEIN
Sterol O-acyltransferase 1,CHEMBL2782,SINGLE PROTEIN
Carbonic anhydrase 13,CHEMBL3912,SINGLE PROTEIN
Integrin alpha-1,CHEMBL3682,SINGLE PROTEIN
Potassium voltage-gated channel subfamily KQT member 1,CHEMBL1866,SINGLE PROTEIN
NADH-ubiquinone oxidoreductase chain 4,CHEMBL4499,SINGLE PROTEIN
Carboxypeptidase A4,CHEMBL2644,SINGLE PROTEIN
Mast cell carboxypeptidase A,CHEMBL2645,SINGLE PROTEIN
Pyruvate dehydrogenase E1 component alpha subunit testis form,CHEMBL4500,SINGLE PROTEIN
Phosphoribosyl pyrophosphate synthase-associated protein 2,CHEMBL2646,SINGLE PROTEIN
Vesicular acetylcholine transporter,CHEMBL4767,SINGLE PROTEIN
Ribosomal protein S6 kinase beta-1,CHEMBL4501,SINGLE PROTEIN
Cytidine deaminase,CHEMBL4502,SINGLE PROTEIN
Cyclin-dependent kinase 4,CHEMBL331,SINGLE PROTEIN
Cyclin-dependent kinase 5,CHEMBL4036,SINGLE PROTEIN
"Steroid 17-alpha-hydroxylase/17,20 lyase",CHEMBL3522,SINGLE PROTEIN
Carbonic anhydrase 9,CHEMBL3594,SINGLE PROTEIN
Carbonic anhydrase-related protein 11,CHEMBL2420,SINGLE PROTEIN
Calpain-1 catalytic subunit,CHEMBL3891,SINGLE PROTEIN
Metabotropic glutamate receptor 7,CHEMBL3777,SINGLE PROTEIN
Myosin light chain kinase,CHEMBL4627,SINGLE PROTEIN
Complement factor H,CHEMBL4629,SINGLE PROTEIN
Beta-chimaerin,CHEMBL4504,SINGLE PROTEIN
Serine/threonine-protein kinase Chk1,CHEMBL4630,SINGLE PROTEIN
Orexin receptor type 2,CHEMBL4792,SINGLE PROTEIN
P2X purinoceptor 6,CHEMBL2670,SINGLE PROTEIN
"FYVE, RhoGEF and PH domain-containing protein 1",CHEMBL2862,SINGLE PROTEIN
Mitogen-activated protein kinase 12,CHEMBL4674,SINGLE PROTEIN
"1-phosphatidylinositol 4,5-bisphosphate phosphodiesterase beta-1",CHEMBL4034,SINGLE PROTEIN
Potassium voltage-gated channel subfamily KQT member 3,CHEMBL2684,SINGLE PROTEIN
Phosphatidylinositol 3-kinase regulatory subunit beta,CHEMBL4437,SINGLE PROTEIN
Serine/threonine-protein phosphatase PP1-gamma catalytic subunit,CHEMBL4438,SINGLE PROTEIN
Interstitial collagenase,CHEMBL332,SINGLE PROTEIN
72 kDa type IV collagenase,CHEMBL333,SINGLE PROTEIN
TGF-beta receptor type-1,CHEMBL4439,SINGLE PROTEIN
Kallikrein-1,CHEMBL2319,SINGLE PROTEIN
Collagen alpha-2(I) chain,CHEMBL2685,SINGLE PROTEIN
fMet-Leu-Phe receptor,CHEMBL3359,SINGLE PROTEIN
Glutathione S-transferase kappa 1,CHEMBL4491,SINGLE PROTEIN
17-beta-hydroxysteroid dehydrogenase type 2,CHEMBL2789,SINGLE PROTEIN
Dihydropteridine reductase,CHEMBL3730,SINGLE PROTEIN
NAD(P)H dehydrogenase [quinone] 1,CHEMBL3623,SINGLE PROTEIN
Prostacyclin synthase,CHEMBL4428,SINGLE PROTEIN
Tyrosine-protein phosphatase non-receptor type 1,CHEMBL335,SINGLE PROTEIN
Gamma-aminobutyric acid receptor subunit rho-1,CHEMBL3561,SINGLE PROTEIN
DNA polymerase subunit gamma-1,CHEMBL2732,SINGLE PROTEIN
Arylamine N-acetyltransferase 1,CHEMBL5101,SINGLE PROTEIN
Amine oxidase [copper-containing] 2,CHEMBL4112,SINGLE PROTEIN
Fibronectin,CHEMBL3810,SINGLE PROTEIN
Retinol-binding protein 4,CHEMBL3100,SINGLE PROTEIN
Cytochrome P450 3A4,CHEMBL340,SINGLE PROTEIN
Beta-glucuronidase,CHEMBL2728,SINGLE PROTEIN
Insulin-like growth factor-binding protein 2,CHEMBL3088,SINGLE PROTEIN
Potassium-transporting ATPase alpha chain 2,CHEMBL2933,SINGLE PROTEIN
Thyroxine 5-deiodinase,CHEMBL3611,SINGLE PROTEIN
"Glutamate receptor ionotropic, NMDA 2C",CHEMBL4109,SINGLE PROTEIN
Ribosomal protein S6 kinase beta-2,CHEMBL3111,SINGLE PROTEIN
Matrix metalloproteinase-17,CHEMBL2937,SINGLE PROTEIN
"ATP-dependent RNA helicase SUPV3L1, mitochondrial",CHEMBL3642,SINGLE PROTEIN
Voltage-dependent P/Q-type calcium channel subunit alpha-1A,CHEMBL4266,SINGLE PROTEIN
Sodium channel regulatory subunit beta-2,CHEMBL5446,SINGLE PROTEIN
Tyrosine-protein kinase Yes,CHEMBL2073,SINGLE PROTEIN
Sodium/glucose cotransporter 1,CHEMBL4979,SINGLE PROTEIN
Sodium channel protein type 4 subunit alpha,CHEMBL2072,SINGLE PROTEIN
Deoxyhypusine synthase,CHEMBL4415,SINGLE PROTEIN
Platelet-activating factor acetylhydrolase IB subunit alpha2,CHEMBL4463,SINGLE PROTEIN
Sodium channel protein type 7 subunit alpha,CHEMBL3585,SINGLE PROTEIN
Sodium channel regulatory subunit beta-1,CHEMBL5487,SINGLE PROTEIN
Platelet-activating factor acetylhydrolase IB subunit alpha1,CHEMBL5108,SINGLE PROTEIN
Sodium channel protein type 9 subunit alpha,CHEMBL4296,SINGLE PROTEIN
Proteinase-activated receptor 4,CHEMBL4691,SINGLE PROTEIN
Sodium channel protein type 2 subunit alpha,CHEMBL4187,SINGLE PROTEIN
Sodium channel protein type 3 subunit alpha,CHEMBL5163,SINGLE PROTEIN
Sodium channel protein type 11 subunit alpha,CHEMBL5167,SINGLE PROTEIN
Sodium channel protein type 8 subunit alpha,CHEMBL5202,SINGLE PROTEIN
Sodium channel protein type 10 subunit alpha,CHEMBL5451,SINGLE PROTEIN
"Type II inositol 1,4,5-trisphosphate 5-phosphatase",CHEMBL2636,SINGLE PROTEIN
Interleukin-1 receptor-associated kinase 1,CHEMBL3357,SINGLE PROTEIN
Interleukin-1 receptor-associated kinase 4,CHEMBL3778,SINGLE PROTEIN
Integrin alpha-M,CHEMBL3826,SINGLE PROTEIN
Lysophosphatidic acid receptor 3,CHEMBL3250,SINGLE PROTEIN
Calcitonin gene-related peptide type 1 receptor,CHEMBL3798,SINGLE PROTEIN
Melanin-concentrating hormone receptor 1,CHEMBL344,SINGLE PROTEIN
Vitamin K-dependent gamma-carboxylase,CHEMBL2012,SINGLE PROTEIN
Type I iodothyronine deiodinase,CHEMBL2019,SINGLE PROTEIN
Mitogen-activated protein kinase kinase kinase 20,CHEMBL3886,SINGLE PROTEIN
Dual specificity protein phosphatase 22,CHEMBL3924,SINGLE PROTEIN
Aurora kinase A,CHEMBL4722,SINGLE PROTEIN
Eukaryotic elongation factor 2 kinase,CHEMBL5026,SINGLE PROTEIN
Cyclin-G-associated kinase,CHEMBL4355,SINGLE PROTEIN
G-protein coupled receptor 182,CHEMBL4356,SINGLE PROTEIN
Receptor-interacting serine/threonine-protein kinase 2,CHEMBL5014,SINGLE PROTEIN
"High affinity cGMP-specific 3',5'-cyclic phosphodiesterase 9A",CHEMBL3535,SINGLE PROTEIN
Cellular tumor antigen p53,CHEMBL4096,SINGLE PROTEIN
Cytochrome P450 2E1,CHEMBL5281,SINGLE PROTEIN
"Fatty acid-binding protein, heart",CHEMBL3344,SINGLE PROTEIN
"60 kDa heat shock protein, mitochondrial",CHEMBL4721,SINGLE PROTEIN
Cytochrome P450 2A6,CHEMBL5282,SINGLE PROTEIN
Folate receptor beta,CHEMBL5064,SINGLE PROTEIN
Cytochrome P450 2B6,CHEMBL4729,SINGLE PROTEIN
Sodium/glucose cotransporter 2,CHEMBL3884,SINGLE PROTEIN
Hexokinase-4,CHEMBL3820,SINGLE PROTEIN
Cyclin-dependent kinase inhibitor 1,CHEMBL5021,SINGLE PROTEIN
Oxysterols receptor LXR-beta,CHEMBL4093,SINGLE PROTEIN
11-beta-hydroxysteroid dehydrogenase type 2,CHEMBL3746,SINGLE PROTEIN
E3 ubiquitin-protein ligase XIAP,CHEMBL4198,SINGLE PROTEIN
E3 ubiquitin-protein ligase Mdm2,CHEMBL5023,SINGLE PROTEIN
Fatty acid-binding protein 5,CHEMBL3674,SINGLE PROTEIN
Serine-protein kinase ATM,CHEMBL3797,SINGLE PROTEIN
Serine/threonine-protein kinase ATR,CHEMBL5024,SINGLE PROTEIN
Large conductance calcium-activated potassium channel subfamily M beta member 1,CHEMBL5078,SINGLE PROTEIN
Amine oxidase [copper-containing] 3,CHEMBL3437,SINGLE PROTEIN
Dipeptidyl peptidase 8,CHEMBL4657,SINGLE PROTEIN
Dipeptidyl peptidase 9,CHEMBL4793,SINGLE PROTEIN
Caspase-10,CHEMBL5037,SINGLE PROTEIN
Melanin-concentrating hormone receptor 2,CHEMBL5038,SINGLE PROTEIN
Aurora kinase C,CHEMBL3935,SINGLE PROTEIN
Prostaglandin D2 receptor 2,CHEMBL5071,SINGLE PROTEIN
AP2-associated protein kinase 1,CHEMBL3830,SINGLE PROTEIN
Serine/threonine-protein kinase MARK2,CHEMBL3831,SINGLE PROTEIN
Calcium/calmodulin-dependent protein kinase type II subunit gamma,CHEMBL3829,SINGLE PROTEIN
Serine/threonine-protein kinase PLK4,CHEMBL3788,SINGLE PROTEIN
Serine/threonine-protein kinase 16,CHEMBL3938,SINGLE PROTEIN
Serine/threonine-protein kinase 17B,CHEMBL3980,SINGLE PROTEIN
Serine/threonine-protein kinase 10,CHEMBL3981,SINGLE PROTEIN
Tyrosine-protein kinase Fer,CHEMBL3982,SINGLE PROTEIN
Ephrin type-A receptor 2,CHEMBL2068,SINGLE PROTEIN
Ephrin type-A receptor 3,CHEMBL4954,SINGLE PROTEIN
Ephrin type-A receptor 8,CHEMBL4134,SINGLE PROTEIN
Dual specificity protein kinase TTK,CHEMBL3983,SINGLE PROTEIN
Tyrosine-protein kinase FRK,CHEMBL4223,SINGLE PROTEIN
Dual specificity protein kinase CLK1,CHEMBL4224,SINGLE PROTEIN
Dual specificity protein kinase CLK2,CHEMBL4225,SINGLE PROTEIN
Dual specificity protein kinase CLK3,CHEMBL4226,SINGLE PROTEIN
Cytoplasmic tyrosine-protein kinase BMX,CHEMBL3834,SINGLE PROTEIN
Serine/threonine-protein kinase Nek2,CHEMBL3835,SINGLE PROTEIN
LIM domain kinase 1,CHEMBL3836,SINGLE PROTEIN
Ephrin type-A receptor 5,CHEMBL3987,SINGLE PROTEIN
Ephrin type-B receptor 1,CHEMBL5072,SINGLE PROTEIN
Ephrin type-A receptor 4,CHEMBL3988,SINGLE PROTEIN
Cyclin-dependent kinase 16,CHEMBL4597,SINGLE PROTEIN
Activated CDC42 kinase 1,CHEMBL4599,SINGLE PROTEIN
Serine/threonine-protein kinase 4,CHEMBL4598,SINGLE PROTEIN
Serine/threonine-protein kinase PAK 1,CHEMBL4600,SINGLE PROTEIN
Protein-tyrosine kinase 6,CHEMBL4601,SINGLE PROTEIN
Ephrin type-A receptor 7,CHEMBL4602,SINGLE PROTEIN
Calcium/calmodulin-dependent protein kinase type 1D,CHEMBL5073,SINGLE PROTEIN
Calcium/calmodulin-dependent protein kinase kinase 1,CHEMBL5256,SINGLE PROTEIN
Serine/threonine-protein kinase Nek9,CHEMBL5257,SINGLE PROTEIN
Calcium/calmodulin-dependent protein kinase type 1G,CHEMBL5258,SINGLE PROTEIN
Calcium/calmodulin-dependent protein kinase kinase 2,CHEMBL5284,SINGLE PROTEIN
Membrane-associated tyrosine- and threonine-specific cdc2-inhibitory kinase,CHEMBL3984,SINGLE PROTEIN
Mitogen-activated protein kinase kinase kinase 5,CHEMBL5285,SINGLE PROTEIN
STE20-like serine/threonine-protein kinase,CHEMBL4202,SINGLE PROTEIN
Dual specificity protein kinase CLK4,CHEMBL4203,SINGLE PROTEIN
MAP kinase-interacting serine/threonine-protein kinase 2,CHEMBL4204,SINGLE PROTEIN
Serine/threonine-protein kinase Nek6,CHEMBL4309,SINGLE PROTEIN
Serine/threonine-protein kinase PAK 6,CHEMBL4311,SINGLE PROTEIN
Serine/threonine-protein kinase 36,CHEMBL4312,SINGLE PROTEIN
BMP-2-inducible protein kinase,CHEMBL4522,SINGLE PROTEIN
Serine/threonine-protein kinase pim-2,CHEMBL4523,SINGLE PROTEIN
Serine/threonine-protein kinase PAK 5,CHEMBL4524,SINGLE PROTEIN
Serine/threonine-protein kinase 17A,CHEMBL4525,SINGLE PROTEIN
Ephrin type-A receptor 6,CHEMBL4526,SINGLE PROTEIN
TRAF2 and NCK-interacting protein kinase,CHEMBL4527,SINGLE PROTEIN
Serine/threonine-protein kinase 38-like,CHEMBL4851,SINGLE PROTEIN
Mitogen-activated protein kinase kinase kinase kinase 5,CHEMBL4852,SINGLE PROTEIN
Mitogen-activated protein kinase kinase kinase 4,CHEMBL4853,SINGLE PROTEIN
Synaptic vesicle glycoprotein 2A,CHEMBL1998,SINGLE PROTEIN
Homo sapiens,CHEMBL372,ORGANISM
143B,CHEMBL614508,CELL-LINE
1A9,CHEMBL614075,CELL-LINE
1A9/ptx-10,CHEMBL614509,CELL-LINE
1A9/ptx-22,CHEMBL613858,CELL-LINE
41M,CHEMBL614511,CELL-LINE
5637,CHEMBL612565,CELL-LINE
768-0,CHEMBL614043,CELL-LINE
A 172,CHEMBL614512,CELL-LINE
A204,CHEMBL614514,CELL-LINE
A2058,CHEMBL613503,CELL-LINE
A2780cisR,CHEMBL614023,CELL-LINE
A-375,CHEMBL613859,CELL-LINE
A-427,CHEMBL614515,CELL-LINE
A498,CHEMBL614516,CELL-LINE
A673,CHEMBL614517,CELL-LINE
ACHN,CHEMBL614519,CELL-LINE
AGS,CHEMBL613860,CELL-LINE
AIK-T4,CHEMBL614024,CELL-LINE
AIK-T8,CHEMBL613504,CELL-LINE
Ara-A,CHEMBL614522,CELL-LINE
BeWo,CHEMBL614525,CELL-LINE
BGC-823,CHEMBL614526,CELL-LINE
Breast carcinoma cell,CHEMBL614026,CELL-LINE
BT-20,CHEMBL613870,CELL-LINE
BT-474,CHEMBL614529,CELL-LINE
BXPC-3,CHEMBL614530,CELL-LINE
C8166,CHEMBL614533,CELL-LINE
CA46,CHEMBL612566,CELL-LINE
Caco-2,CHEMBL614058,CELL-LINE
CAKI-1,CHEMBL614067,CELL-LINE
CAKI-2,CHEMBL613852,CELL-LINE
Calu-1,CHEMBL613505,CELL-LINE
Calu-3,CHEMBL614534,CELL-LINE
Calu-6,CHEMBL614535,CELL-LINE
CAPAN-1,CHEMBL614536,CELL-LINE
CCD 19Lu,CHEMBL614538,CELL-LINE
CCRF-CEM,CHEMBL382,CELL-LINE
CCRF-CEM/ara-C,CHEMBL614539,CELL-LINE
CCRF-CEM/VCR-1000,CHEMBL614540,CELL-LINE
CCRF-HSB-2,CHEMBL614541,CELL-LINE
CCRF-SB,CHEMBL614542,CELL-LINE
CEM-4,CHEMBL614544,CELL-LINE
CEM-c113,CHEMBL614545,CELL-LINE
CEM-D9,CHEMBL614546,CELL-LINE
CEM-DNR,CHEMBL614547,CELL-LINE
CEM-SS,CHEMBL614548,CELL-LINE
CEM-TK(-),CHEMBL614044,CELL-LINE
CEM-TK(+),CHEMBL614029,CELL-LINE
CEM-V,CHEMBL614549,CELL-LINE
CEM-VCR,CHEMBL614550,CELL-LINE
CEM-VCR 1/D/5,CHEMBL614551,CELL-LINE
CEM-VCR 1/F3,CHEMBL614552,CELL-LINE
CEM-VLB,CHEMBL614554,CELL-LINE
CEM-VM1,CHEMBL614030,CELL-LINE
CFPAC-1,CHEMBL613506,CELL-LINE
CNS carcinoma cell,CHEMBL614729,CELL-LINE
COLO 205,CHEMBL614561,CELL-LINE
COLO 320,CHEMBL614257,CELL-LINE
COLO 320DM,CHEMBL614562,CELL-LINE
COLO 480,CHEMBL614032,CELL-LINE
COR-L23,CHEMBL613854,CELL-LINE
CX-1,CHEMBL614566,CELL-LINE
DAN-G,CHEMBL614033,CELL-LINE
Daoy,CHEMBL612519,CELL-LINE
Daudi,CHEMBL614281,CELL-LINE
Detroit 551,CHEMBL614284,CELL-LINE
Detroit 98,CHEMBL614059,CELL-LINE
DLD-1,CHEMBL614285,CELL-LINE
DMS-79,CHEMBL614286,CELL-LINE
DMS-273,CHEMBL614034,CELL-LINE
DO4,CHEMBL614287,CELL-LINE
DU-145,CHEMBL613508,CELL-LINE
DuPro,CHEMBL614289,CELL-LINE
E39,CHEMBL614291,CELL-LINE
ECV-304,CHEMBL614035,CELL-LINE
EJ,CHEMBL614292,CELL-LINE
EVSA-T,CHEMBL614295,CELL-LINE
G-292,CHEMBL614298,CELL-LINE
G-361,CHEMBL614036,CELL-LINE
G-401,CHEMBL613509,CELL-LINE
GBM,CHEMBL614570,CELL-LINE
H322,CHEMBL614573,CELL-LINE
H-81,CHEMBL614574,CELL-LINE
HCT-116/VM46,CHEMBL614575,CELL-LINE
HCT-8,CHEMBL613510,CELL-LINE
HL-60,CHEMBL383,CELL-LINE
HOS-TE85,CHEMBL614038,CELL-LINE
Hs68,CHEMBL614578,CELL-LINE
Hs746T,CHEMBL614579,CELL-LINE
HT-1080,CHEMBL614580,CELL-LINE
HT-29,CHEMBL384,CELL-LINE
HuCCT-1,CHEMBL614581,CELL-LINE
Huh-7,CHEMBL614039,CELL-LINE
HuTu80,CHEMBL614582,CELL-LINE
IM-9,CHEMBL614584,CELL-LINE
IMR-32,CHEMBL614585,CELL-LINE
J82,CHEMBL614586,CELL-LINE
JAR,CHEMBL614587,CELL-LINE
JIYOYE,CHEMBL614588,CELL-LINE
JM1,CHEMBL614589,CELL-LINE
JY,CHEMBL613833,CELL-LINE
K562,CHEMBL385,CELL-LINE
KB 3-1,CHEMBL614590,CELL-LINE
KHOS-321H,CHEMBL614591,CELL-LINE
KM12,CHEMBL614709,CELL-LINE
LoVo,CHEMBL614721,CELL-LINE
M14,CHEMBL614317,CELL-LINE
M96,CHEMBL614046,CELL-LINE
Manca,CHEMBL614320,CELL-LINE
MCF-10A,CHEMBL614321,CELL-LINE
MCF-12A,CHEMBL614322,CELL-LINE
MCF7,CHEMBL387,CELL-LINE
MCF7-2A,CHEMBL614323,CELL-LINE
MCF7-CP,CHEMBL614325,CELL-LINE
MCF7-DOX,CHEMBL614326,CELL-LINE
MCF7R,CHEMBL614327,CELL-LINE
MCF7S,CHEMBL614328,CELL-LINE
MCF7-VP,CHEMBL614128,CELL-LINE
MCF9,CHEMBL614331,CELL-LINE
MDA-MB-238,CHEMBL613513,CELL-LINE
MDA-MB-361,CHEMBL614129,CELL-LINE
MDA-MB-453,CHEMBL614334,CELL-LINE
MDA-MB-468,CHEMBL614335,CELL-LINE
Me665/2/21,CHEMBL614339,CELL-LINE
ME67.1,CHEMBL614340,CELL-LINE
ME67.3,CHEMBL614341,CELL-LINE
MES-SA,CHEMBL614343,CELL-LINE
MES-SA/Dx5,CHEMBL613827,CELL-LINE
MEXF276L,CHEMBL614130,CELL-LINE
MEXF514,CHEMBL614873,CELL-LINE
MEXF989,CHEMBL614344,CELL-LINE
MG-63,CHEMBL614347,CELL-LINE
NCI-H1975,CHEMBL614348,CELL-LINE
MKN-1,CHEMBL614352,CELL-LINE
MKN-28,CHEMBL614353,CELL-LINE
MKN-45,CHEMBL614354,CELL-LINE
MKN-7,CHEMBL614355,CELL-LINE
MKN-74,CHEMBL614048,CELL-LINE
ML-2,CHEMBL614356,CELL-LINE
MM418,CHEMBL614131,CELL-LINE
MM6,CHEMBL614169,CELL-LINE
MM96L,CHEMBL614170,CELL-LINE
MNNG-HOS,CHEMBL614173,CELL-LINE
Mo/Ma,CHEMBL614132,CELL-LINE
MO/Mphi,CHEMBL614174,CELL-LINE
MOLT-3,CHEMBL614176,CELL-LINE
MOLT-4,CHEMBL614177,CELL-LINE
MOLT-4F,CHEMBL613515,CELL-LINE
MOVP-3,CHEMBL614133,CELL-LINE
MR4,CHEMBL614180,CELL-LINE
MRC5,CHEMBL614181,CELL-LINE
MRC5CV1,CHEMBL614182,CELL-LINE
MT2,CHEMBL614184,CELL-LINE
MT4,CHEMBL388,CELL-LINE
MVLN,CHEMBL614185,CELL-LINE
N9,CHEMBL613516,CELL-LINE
NAKAJIMA,CHEMBL614134,CELL-LINE
NALL-1,CHEMBL614769,CELL-LINE
NALM-6,CHEMBL614187,CELL-LINE
NAMALVA,CHEMBL614049,CELL-LINE
NB-4,CHEMBL614188,CELL-LINE
NC-37,CHEMBL614189,CELL-LINE
NCC,CHEMBL614190,CELL-LINE
NCH37,CHEMBL614770,CELL-LINE
NCH82,CHEMBL614191,CELL-LINE
NCH89,CHEMBL614192,CELL-LINE
Panel NCI-60 (60 carcinoma cell lines),CHEMBL614194,CELL-LINE
NCI-H128,CHEMBL614771,CELL-LINE
NCI-H345,CHEMBL614195,CELL-LINE
NCI-H358,CHEMBL614135,CELL-LINE
NCI-H417,CHEMBL613517,CELL-LINE
NCI-H46,CHEMBL614050,CELL-LINE
NCI-H84,CHEMBL614196,CELL-LINE
NCI-N87,CHEMBL614197,CELL-LINE
NFF,CHEMBL614198,CELL-LINE
NHDF,CHEMBL614200,CELL-LINE
NHIK3025,CHEMBL614201,CELL-LINE
NSCLC,CHEMBL612554,CELL-LINE
NT2,CHEMBL614205,CELL-LINE
NTERA-2-cl-D1,CHEMBL614206,CELL-LINE
NUGC,CHEMBL614207,CELL-LINE
NUGC-3,CHEMBL614208,CELL-LINE
NUGC-4,CHEMBL613519,CELL-LINE
OK-1,CHEMBL614209,CELL-LINE
OM-1,CHEMBL614136,CELL-LINE
OST,CHEMBL614210,CELL-LINE
OV-1063,CHEMBL614211,CELL-LINE
OVCAR,CHEMBL614212,CELL-LINE
OVCAR-3,CHEMBL614213,CELL-LINE
OVCAR-4,CHEMBL614051,CELL-LINE
OVCAR-5,CHEMBL614214,CELL-LINE
OVCAR-8,CHEMBL612555,CELL-LINE
P3HR-1,CHEMBL612705,CELL-LINE
PANC-1,CHEMBL614139,CELL-LINE
PAXF546,CHEMBL613521,CELL-LINE
PAXF736,CHEMBL614232,CELL-LINE
PC10,CHEMBL614234,CELL-LINE
PC-14,CHEMBL614140,CELL-LINE
PC-3,CHEMBL390,CELL-LINE
PC-6,CHEMBL614235,CELL-LINE
PEU,CHEMBL614236,CELL-LINE
PHA-Ly,CHEMBL614237,CELL-LINE
PLC,CHEMBL613522,CELL-LINE
PO3,CHEMBL614238,CELL-LINE
PrEC,CHEMBL614239,CELL-LINE
PSN1,CHEMBL614241,CELL-LINE
ptx-10/22,CHEMBL614142,CELL-LINE
QG-90,CHEMBL614242,CELL-LINE
QG-95,CHEMBL614052,CELL-LINE
QG-96,CHEMBL614382,CELL-LINE
R1-CCRF-CEM,CHEMBL614384,CELL-LINE
R2,CHEMBL614385,CELL-LINE
R2-CCRF-CEM,CHEMBL613523,CELL-LINE
R30dm-CCRF-CEM,CHEMBL614143,CELL-LINE
Raji,CHEMBL614628,CELL-LINE
Ramos,CHEMBL614629,CELL-LINE
RD,CHEMBL614144,CELL-LINE
RERF-LC-AI,CHEMBL614633,CELL-LINE
RKO,CHEMBL614879,CELL-LINE
RPMI 6410,CHEMBL614881,CELL-LINE
RPMI-7951,CHEMBL612447,CELL-LINE
RPMI-8226,CHEMBL614882,CELL-LINE
RPTEC,CHEMBL614883,CELL-LINE
RT-112,CHEMBL614145,CELL-LINE
RT-4,CHEMBL614884,CELL-LINE
RWLeu4,CHEMBL614885,CELL-LINE
RXF 393,CHEMBL614886,CELL-LINE
RXF 423,CHEMBL614887,CELL-LINE
RXF 631,CHEMBL614888,CELL-LINE
RXF 944,CHEMBL614889,CELL-LINE
S1B1-20,CHEMBL614053,CELL-LINE
S9,CHEMBL614892,CELL-LINE
SACC-LM,CHEMBL614893,CELL-LINE
SAOS-2,CHEMBL614894,CELL-LINE
SBC-3,CHEMBL614146,CELL-LINE
SBC-5,CHEMBL614896,CELL-LINE
SCaBER,CHEMBL614898,CELL-LINE
SCC-15,CHEMBL614899,CELL-LINE
SCC-25,CHEMBL614901,CELL-LINE
SCC-38,CHEMBL613526,CELL-LINE
SCL-1,CHEMBL614903,CELL-LINE
SF-126,CHEMBL614905,CELL-LINE
SF-188,CHEMBL614906,CELL-LINE
SF-295,CHEMBL614908,CELL-LINE
SGC-7901,CHEMBL614909,CELL-LINE
SH-SY5Y,CHEMBL614910,CELL-LINE
SiHa,CHEMBL612542,CELL-LINE
SISO,CHEMBL613527,CELL-LINE
SK-5,CHEMBL614911,CELL-LINE
SK-BR-3,CHEMBL613834,CELL-LINE
SK-HEP1,CHEMBL614912,CELL-LINE
SK-LU-1,CHEMBL614913,CELL-LINE
SK-MEL,CHEMBL614914,CELL-LINE
SK-MEL19,CHEMBL614915,CELL-LINE
SK-MEL-1,CHEMBL614916,CELL-LINE
SK-MEL-2,CHEMBL614917,CELL-LINE
SK-MEL-25,CHEMBL612706,CELL-LINE
SK-MEL-28,CHEMBL614919,CELL-LINE
SK-MEL3,CHEMBL614920,CELL-LINE
SK-MEL-5,CHEMBL614922,CELL-LINE
SK-MES-1,CHEMBL614923,CELL-LINE
SK-N-MC,CHEMBL614163,CELL-LINE
SK-N-SH,CHEMBL614924,CELL-LINE
SK-OV-3,CHEMBL614925,CELL-LINE
SKUT-1A,CHEMBL614926,CELL-LINE
SK-VLB,CHEMBL614927,CELL-LINE
SKW 6.4,CHEMBL614928,CELL-LINE
SL-2,CHEMBL614929,CELL-LINE
SN12C,CHEMBL614054,CELL-LINE
SNB-19,CHEMBL614164,CELL-LINE
SNB-7,CHEMBL614930,CELL-LINE
SNB-78,CHEMBL612543,CELL-LINE
SNU1,CHEMBL614931,CELL-LINE
SNU-16,CHEMBL613529,CELL-LINE
SNU-308,CHEMBL614932,CELL-LINE
SNU-354,CHEMBL614165,CELL-LINE
SNU-C4,CHEMBL614933,CELL-LINE
SNU-5,CHEMBL614934,CELL-LINE
SNU-638,CHEMBL614935,CELL-LINE
SPC-A4,CHEMBL614938,CELL-LINE
SQ20B,CHEMBL614939,CELL-LINE
St-4,CHEMBL614166,CELL-LINE
SUP-T1,CHEMBL614940,CELL-LINE
SW 1116,CHEMBL614942,CELL-LINE
SW 954,CHEMBL614943,CELL-LINE
SW 962,CHEMBL613530,CELL-LINE
SW1088,CHEMBL614243,CELL-LINE
SW1353,CHEMBL614944,CELL-LINE
SW-1736,CHEMBL614773,CELL-LINE
SW48,CHEMBL614055,CELL-LINE
SW480,CHEMBL612544,CELL-LINE
SW613,CHEMBL614945,CELL-LINE
SW-60,CHEMBL612282,CELL-LINE
T222,CHEMBL614947,CELL-LINE
T-24,CHEMBL614774,CELL-LINE
T84,CHEMBL613531,CELL-LINE
T98G,CHEMBL614775,CELL-LINE
TCAF,CHEMBL614244,CELL-LINE
TCAF-DAX,CHEMBL615009,CELL-LINE
TCC-SUP,CHEMBL615010,CELL-LINE
TE-2,CHEMBL615011,CELL-LINE
TE-671,CHEMBL615012,CELL-LINE
TERT-RPE1,CHEMBL615013,CELL-LINE
THP-1,CHEMBL614245,CELL-LINE
TIG-1-20,CHEMBL615014,CELL-LINE
TZM,CHEMBL614612,CELL-LINE
TK-10,CHEMBL614056,CELL-LINE
TSGH,CHEMBL615018,CELL-LINE
TSGH 8302,CHEMBL615019,CELL-LINE
U1,CHEMBL614246,CELL-LINE
U11 MG,CHEMBL615020,CELL-LINE
U-251,CHEMBL615022,CELL-LINE
U2OS,CHEMBL615023,CELL-LINE
U373 MG,CHEMBL615024,CELL-LINE
U-87 MG,CHEMBL614247,CELL-LINE
U-937,CHEMBL612794,CELL-LINE
U-937/GTB,CHEMBL612795,CELL-LINE
UACC-257,CHEMBL612796,CELL-LINE
UACC-62,CHEMBL614610,CELL-LINE
UCLA P-3,CHEMBL612797,CELL-LINE
UMSCC22B,CHEMBL612798,CELL-LINE
UMUC3,CHEMBL612799,CELL-LINE
UO-31,CHEMBL614388,CELL-LINE
UT7,CHEMBL614057,CELL-LINE
WI-38,CHEMBL614391,CELL-LINE
WI-38 5000,CHEMBL612806,CELL-LINE
WI-38 VA13,CHEMBL612807,CELL-LINE
WiDr-NTR,CHEMBL612808,CELL-LINE
WIL2,CHEMBL612809,CELL-LINE
WIL2-NS,CHEMBL612810,CELL-LINE
WISH,CHEMBL612811,CELL-LINE
XF498,CHEMBL613533,CELL-LINE
YAPC,CHEMBL612815,CELL-LINE
YMB-1-E,CHEMBL614251,CELL-LINE
YT-NU,CHEMBL612817,CELL-LINE
ZR-75-1,CHEMBL614393,CELL-LINE
1-87 tumor cell line,CHEMBL612272,CELL-LINE
2008,CHEMBL612818,CELL-LINE
2008/R,CHEMBL614252,CELL-LINE
2008/S,CHEMBL612819,CELL-LINE
3677 melanoma cell line,CHEMBL612820,CELL-LINE
Panel NCI-51 (51 carcinoma cell lines),CHEMBL614611,CELL-LINE
786-0,CHEMBL613102,CELL-LINE
791T cell line,CHEMBL614254,CELL-LINE
833K,CHEMBL613103,CELL-LINE
8701-BC,CHEMBL614777,CELL-LINE
A121,CHEMBL613106,CELL-LINE
A253 cell line,CHEMBL614255,CELL-LINE
A704,CHEMBL614567,CELL-LINE
ACH-2 cell line,CHEMBL614263,CELL-LINE
ADDP cell line,CHEMBL614264,CELL-LINE
ADR5000 cell line,CHEMBL614266,CELL-LINE
AG06848 cell line,CHEMBL614700,CELL-LINE
AG1523,CHEMBL614268,CELL-LINE
A549,CHEMBL392,CELL-LINE
ATH-8 cell line,CHEMBL614273,CELL-LINE
AZ-521 cell line,CHEMBL614274,CELL-LINE
BE,CHEMBL614798,CELL-LINE
BJAB,CHEMBL613536,CELL-LINE
Bel-7402,CHEMBL614279,CELL-LINE
BEL-7404 tumor cell line,CHEMBL614280,CELL-LINE
BE-NQ,CHEMBL614702,CELL-LINE
BG-1 cell line,CHEMBL613537,CELL-LINE
BJ,CHEMBL614358,CELL-LINE
NCI/ADR-RES,CHEMBL613829,CELL-LINE
T47D,CHEMBL614361,CELL-LINE
Panel breast (Carcinoma cell lines),CHEMBL614362,CELL-LINE
BRO melanoma cell line,CHEMBL614665,CELL-LINE
C170,CHEMBL614705,CELL-LINE
C180-13S,CHEMBL613540,CELL-LINE
C-344 cell line,CHEMBL614371,CELL-LINE
Caov-3 cell line,CHEMBL614379,CELL-LINE
COLO357,CHEMBL614778,CELL-LINE
SNU-398,CHEMBL614454,CELL-LINE
CH1,CHEMBL614455,CELL-LINE
UACC-903,CHEMBL612446,CELL-LINE
P12-Ichikawa,CHEMBL614660,CELL-LINE
CI80-13S cell line,CHEMBL614458,CELL-LINE
CNS cell,CHEMBL614782,CELL-LINE
Panel CNS (Carcinoma cell lines),CHEMBL614459,CELL-LINE
Col2,CHEMBL614462,CELL-LINE
Colon carcinoma cell,CHEMBL614464,CELL-LINE
DBTRG-05MG,CHEMBL614801,CELL-LINE
Panel colon (Carcinoma cell lines),CHEMBL614467,CELL-LINE
Colon cell,CHEMBL614469,CELL-LINE
CPT30 cell line,CHEMBL614470,CELL-LINE
RPMI 8402,CHEMBL612517,CELL-LINE
MIA PaCa-2,CHEMBL614725,CELL-LINE
CRL-7065 cell line,CHEMBL614151,CELL-LINE
D283 Med,CHEMBL614476,CELL-LINE
D341 cell line,CHEMBL614478,CELL-LINE
D54 cell line,CHEMBL612247,CELL-LINE
DLKP cell line,CHEMBL614482,CELL-LINE
E6SM,CHEMBL614149,CELL-LINE
ECa-109 cell line,CHEMBL614668,CELL-LINE
EKVX,CHEMBL614487,CELL-LINE
EOL1,CHEMBL614489,CELL-LINE
F2002 cell line,CHEMBL614727,CELL-LINE
FaDu,CHEMBL612250,CELL-LINE
FHC,CHEMBL614654,CELL-LINE
A-431,CHEMBL614069,CELL-LINE
FME,CHEMBL614156,CELL-LINE
GC3/Cl,CHEMBL614728,CELL-LINE
GC3/MTK-,CHEMBL614157,CELL-LINE
GHOST CCR5,CHEMBL614502,CELL-LINE
GHOST CXCR4,CHEMBL612253,CELL-LINE
GLC4 cell line,CHEMBL612707,CELL-LINE
GM892A cell line,CHEMBL614505,CELL-LINE
Granta,CHEMBL612254,CELL-LINE
GTL 16 cell line,CHEMBL612708,CELL-LINE
NCI-H125,CHEMBL614159,CELL-LINE
NCI-H1299,CHEMBL612255,CELL-LINE
NCI-H157,CHEMBL614783,CELL-LINE
NCI-H292,CHEMBL614733,CELL-LINE
H2981 cell line,CHEMBL614802,CELL-LINE
H2987 cell line,CHEMBL614669,CELL-LINE
NCI-H322M,CHEMBL614803,CELL-LINE
NCI-H596,CHEMBL612256,CELL-LINE
NCI-H69,CHEMBL614805,CELL-LINE
H9,CHEMBL614806,CELL-LINE
H938 cell line,CHEMBL614161,CELL-LINE
HA22T cell line,CHEMBL614807,CELL-LINE
HaCaT,CHEMBL614392,CELL-LINE
HASMC,CHEMBL614150,CELL-LINE
HB4a,CHEMBL614786,CELL-LINE
HBL,CHEMBL614070,CELL-LINE
HBL-100,CHEMBL614811,CELL-LINE
Bladder carcinoma cell,CHEMBL614812,CELL-LINE
HCC 2998,CHEMBL613855,CELL-LINE
HCEC,CHEMBL614813,CELL-LINE
HCLO cell line,CHEMBL614814,CELL-LINE
HCT-116,CHEMBL394,CELL-LINE
HEC-1B cell line,CHEMBL614817,CELL-LINE
HEY,CHEMBL613869,CELL-LINE
HEK293,CHEMBL614818,CELL-LINE
HEL,CHEMBL613888,CELL-LINE
HEL 299,CHEMBL614819,CELL-LINE
HEp-2,CHEMBL614735,CELL-LINE
HFF,CHEMBL614071,CELL-LINE
HMCB cell line,CHEMBL614824,CELL-LINE
HMEC,CHEMBL614734,CELL-LINE
HMV-1 cell line,CHEMBL614825,CELL-LINE
HMV-2 cell line,CHEMBL614826,CELL-LINE
HN006 cell line,CHEMBL614827,CELL-LINE
HN5,CHEMBL614828,CELL-LINE
HNO 97 cell line,CHEMBL614808,CELL-LINE
HOC-21 cell line,CHEMBL614829,CELL-LINE
HONE1 cell line,CHEMBL614830,CELL-LINE
HOP-18,CHEMBL614809,CELL-LINE
HOP-19,CHEMBL614832,CELL-LINE
HOP-92,CHEMBL613889,CELL-LINE
HOS,CHEMBL614736,CELL-LINE
HRT-18 cell line,CHEMBL614834,CELL-LINE
Hs-578T,CHEMBL614645,CELL-LINE
HSC-3,CHEMBL612279,CELL-LINE
SJSA,CHEMBL614835,CELL-LINE
HT1197,CHEMBL614836,CELL-LINE
HT-1376,CHEMBL612258,CELL-LINE
TSGH 9201,CHEMBL614787,CELL-LINE
Breast cancer cell line,CHEMBL614788,CELL-LINE
Panel (Carcinoma cell lines),CHEMBL612423,CELL-LINE
Cell line,CHEMBL614840,CELL-LINE
Colon adenocarcinoma cell line,CHEMBL614841,CELL-LINE
Colon cancer cell line,CHEMBL612260,CELL-LINE
Colon cell line,CHEMBL614842,CELL-LINE
WiDr,CHEMBL614647,CELL-LINE
Coronary artery smooth muscle cell line,CHEMBL614737,CELL-LINE
HepG2,CHEMBL395,CELL-LINE
Hepatoma cell line,CHEMBL612261,CELL-LINE
Leukemia cell,CHEMBL614844,CELL-LINE
Lung cancer cell line,CHEMBL614790,CELL-LINE
NCI-H460,CHEMBL396,CELL-LINE
Lung LXF 629L tumor cell line,CHEMBL614689,CELL-LINE
Macrophage cell line,CHEMBL613891,CELL-LINE
Melanoma cell line,CHEMBL613892,CELL-LINE
Monocyte,CHEMBL614076,CELL-LINE
Neoplastic cell line,CHEMBL613893,CELL-LINE
Neuronal cell line,CHEMBL613894,CELL-LINE
A2780,CHEMBL614004,CELL-LINE
Ovarian cancer cell line,CHEMBL613895,CELL-LINE
Prostatic carcinoma cell,CHEMBL612424,CELL-LINE
Renal cancer cell line,CHEMBL614005,CELL-LINE
N592,CHEMBL613969,CELL-LINE
SK-ES1,CHEMBL613970,CELL-LINE
Squamous carcinoma cell line,CHEMBL613971,CELL-LINE
ST-KM-1,CHEMBL613972,CELL-LINE
T-cell line,CHEMBL614685,CELL-LINE
TSU,CHEMBL613973,CELL-LINE
Tumor cancer cell line,CHEMBL614648,CELL-LINE
Tumor Cell line,CHEMBL613974,CELL-LINE
SF-268,CHEMBL613977,CELL-LINE
HuT78,CHEMBL613978,CELL-LINE
HUVEC,CHEMBL613979,CELL-LINE
HX62 cell line,CHEMBL614686,CELL-LINE
HXO-RB44 cell line,CHEMBL613981,CELL-LINE
IGROV-1,CHEMBL613984,CELL-LINE
IGR-37 cell line,CHEMBL613985,CELL-LINE
Ishikawa,CHEMBL614649,CELL-LINE
JAM cell line,CHEMBL613987,CELL-LINE
Jurkat,CHEMBL397,CELL-LINE
K177 cell line,CHEMBL614687,CELL-LINE
Kasumi 1,CHEMBL613988,CELL-LINE
KAT-4 cell line,CHEMBL614008,CELL-LINE
KATO III stomach cancer cell line,CHEMBL612700,CELL-LINE
KBM-3 cell line,CHEMBL614010,CELL-LINE
KBM-3/DOX cell line,CHEMBL613994,CELL-LINE
KB,CHEMBL398,CELL-LINE
KG-1,CHEMBL612264,CELL-LINE
KK-47 cell line,CHEMBL614674,CELL-LINE
KKLS,CHEMBL613996,CELL-LINE
KM-20L2,CHEMBL614791,CELL-LINE
KU812 cell line,CHEMBL613997,CELL-LINE
KYSE-150 cell line,CHEMBL613998,CELL-LINE
KYSE-510,CHEMBL613868,CELL-LINE
KYSE-520 cell line,CHEMBL612701,CELL-LINE
KYSE-70 cell line,CHEMBL614012,CELL-LINE
L132,CHEMBL613999,CELL-LINE
L2987,CHEMBL614650,CELL-LINE
LCLC-103H cell line,CHEMBL614066,CELL-LINE
LDV-7 cell line,CHEMBL614079,CELL-LINE
Panel leukemia (Carcinoma cell lines),CHEMBL614083,CELL-LINE
LNCaP,CHEMBL612518,CELL-LINE
LOX IMVI,CHEMBL614096,CELL-LINE
LS174T,CHEMBL614097,CELL-LINE
Lu-65,CHEMBL614694,CELL-LINE
Lu-99 cell line,CHEMBL614651,CELL-LINE
NCI-H520,CHEMBL614099,CELL-LINE
PC-13,CHEMBL614100,CELL-LINE
PC-8,CHEMBL614101,CELL-LINE
PC-9,CHEMBL614102,CELL-LINE
NCI-H446,CHEMBL612440,CELL-LINE
HOP-62,CHEMBL614643,CELL-LINE
Lung NSCLC-N6 cell-line,CHEMBL614016,CELL-LINE
QG-56,CHEMBL612268,CELL-LINE
LXF-289 cell line,CHEMBL614107,CELL-LINE
LXFL 529,CHEMBL614110,CELL-LINE
Lymphoblastoid cell,CHEMBL614696,CELL-LINE
M19-MEL,CHEMBL614019,CELL-LINE
M21,CHEMBL614117,CELL-LINE
M4Beu cell line,CHEMBL612270,CELL-LINE
MDA-MB-435,CHEMBL614697,CELL-LINE
MDA-N,CHEMBL614078,CELL-LINE
HeLa,CHEMBL399,CELL-LINE
Malme-3M,CHEMBL614021,CELL-LINE
MAR BEL fibroblasts cell line,CHEMBL614653,CELL-LINE
MAXF401 cell line,CHEMBL612703,CELL-LINE
MDA-MB-231,CHEMBL400,CELL-LINE
MEL-AC cell line,CHEMBL614732,CELL-LINE
Melanoma cell,CHEMBL614126,CELL-LINE
Panel melanoma (Carcinoma cell lines),CHEMBL612280,CELL-LINE
UACC-375,CHEMBL614127,CELL-LINE
Mo,CHEMBL614722,CELL-LINE
SNB-75,CHEMBL614451,CELL-LINE
NCI-H226,CHEMBL614740,CELL-LINE
NCI-H23,CHEMBL614997,CELL-LINE
NCI-H522,CHEMBL614387,CELL-LINE
NCI-H647,CHEMBL614999,CELL-LINE
DOV13,CHEMBL615004,CELL-LINE
Panel ovarian (Carcinoma cell lines),CHEMBL615007,CELL-LINE
Ovarian carcinoma cell,CHEMBL614667,CELL-LINE
OVXF1023 cell line,CHEMBL615008,CELL-LINE
OVXF1353 cell line,CHEMBL612271,CELL-LINE
PG-49 cell line,CHEMBL614847,CELL-LINE
Panel prostate (Carcinoma cell lines),CHEMBL614692,CELL-LINE
Prostate cell,CHEMBL614850,CELL-LINE
Panel renal (Carcinoma cell lines),CHEMBL612516,CELL-LINE
Renal cell,CHEMBL614738,CELL-LINE
Rhabdomyosarcoma cell,CHEMBL614675,CELL-LINE
BT-549,CHEMBL614072,CELL-LINE
SF-539,CHEMBL614860,CELL-LINE
SR,CHEMBL614300,CELL-LINE
SW-620,CHEMBL612262,CELL-LINE
HCT-15,CHEMBL612263,CELL-LINE
TF-1,CHEMBL612552,CELL-LINE
MFH-ST,CHEMBL614796,CELL-LINE
"High affinity cAMP-specific and IBMX-insensitive 3',5'-cyclic phosphodiesterase 8A",CHEMBL4640,SINGLE PROTEIN
"High affinity cAMP-specific and IBMX-insensitive 3',5'-cyclic phosphodiesterase 8B",CHEMBL4408,SINGLE PROTEIN
"cAMP and cAMP-inhibited cGMP 3',5'-cyclic phosphodiesterase 10A",CHEMBL4409,SINGLE PROTEIN
Gamma-aminobutyric acid type B receptor subunit 2,CHEMBL5034,SINGLE PROTEIN
Serine/threonine protein phosphatase PP2B-alpha catalytic subunit,CHEMBL5278,SINGLE PROTEIN
NF-kappa-B essential modulator,CHEMBL4967,SINGLE PROTEIN
Tyrosine-protein kinase Fes/Fps,CHEMBL5455,SINGLE PROTEIN
Serine/threonine-protein kinase PAK 2,CHEMBL4487,SINGLE PROTEIN
TGF-beta receptor type-2,CHEMBL4267,SINGLE PROTEIN
Cell division cycle 7-related protein kinase,CHEMBL5443,SINGLE PROTEIN
Proto-oncogene tyrosine-protein kinase receptor Ret,CHEMBL2041,SINGLE PROTEIN
Serine/threonine-protein kinase PAK 4,CHEMBL4482,SINGLE PROTEIN
PBMC,CHEMBL613107,CELL-LINE
DMS-114,CHEMBL614642,CELL-LINE
Skut1B,CHEMBL614678,CELL-LINE
ABAE,CHEMBL613546,CELL-LINE
HS27,CHEMBL614666,CELL-LINE
NCI-H630,CHEMBL612540,CELL-LINE
LX-1,CHEMBL614389,CELL-LINE
MIP,CHEMBL614390,CELL-LINE
Protein DBF4 homolog A,CHEMBL4483,SINGLE PROTEIN
Tyrosine-protein kinase BTK,CHEMBL5251,SINGLE PROTEIN
Wee1-like protein kinase,CHEMBL5491,SINGLE PROTEIN
Voltage-dependent T-type calcium channel subunit alpha-1G,CHEMBL4641,SINGLE PROTEIN
Voltage-dependent T-type calcium channel subunit alpha-1I,CHEMBL5558,SINGLE PROTEIN
Geranylgeranyl transferase type-2 subunit alpha,CHEMBL5249,SINGLE PROTEIN
Integrin-linked protein kinase,CHEMBL5247,SINGLE PROTEIN
Inositol-trisphosphate 3-kinase A,CHEMBL5164,SINGLE PROTEIN
Inositol-trisphosphate 3-kinase B,CHEMBL5165,SINGLE PROTEIN
Ras guanyl-releasing protein 3,CHEMBL3638,SINGLE PROTEIN
Potassium voltage-gated channel subfamily A member 6,CHEMBL5279,SINGLE PROTEIN
Voltage-gated potassium channel KCNC1,CHEMBL5529,SINGLE PROTEIN
ETS domain-containing protein Elk-1,CHEMBL4453,SINGLE PROTEIN
Serine/threonine-protein kinase B-raf,CHEMBL5145,SINGLE PROTEIN
Tyrosine-protein kinase Fgr,CHEMBL4454,SINGLE PROTEIN
Breakpoint cluster region protein,CHEMBL5146,SINGLE PROTEIN
Ephrin type-B receptor 4,CHEMBL5147,SINGLE PROTEIN
CX3C chemokine receptor 1,CHEMBL4843,SINGLE PROTEIN
MAP/microtubule affinity-regulating kinase 3,CHEMBL5600,SINGLE PROTEIN
SH2/SH3 adapter protein NCK1,CHEMBL4846,SINGLE PROTEIN
Flap endonuclease 1,CHEMBL5027,SINGLE PROTEIN
DNA excision repair protein ERCC-5,CHEMBL4736,SINGLE PROTEIN
Cytochrome P450 26A1,CHEMBL5141,SINGLE PROTEIN
Eukaryotic translation initiation factor 4E,CHEMBL4848,SINGLE PROTEIN
Coagulation factor XIII A chain,CHEMBL4530,SINGLE PROTEIN
Disintegrin and metalloproteinase domain-containing protein 12,CHEMBL5030,SINGLE PROTEIN
Disintegrin and metalloproteinase domain-containing protein 10,CHEMBL5028,SINGLE PROTEIN
Serpin H1,CHEMBL5286,SINGLE PROTEIN
Galectin-3,CHEMBL4531,SINGLE PROTEIN
"Alkaline phosphatase, placental type",CHEMBL4458,SINGLE PROTEIN
Hepatic sodium/bile acid cotransporter,CHEMBL5287,SINGLE PROTEIN
Large neutral amino acids transporter small subunit 1,CHEMBL4459,SINGLE PROTEIN
Large neutral amino acids transporter small subunit 2,CHEMBL4301,SINGLE PROTEIN
Large neutral amino acids transporter small subunit 3,CHEMBL4148,SINGLE PROTEIN
Kinesin-like protein KIF11,CHEMBL4581,SINGLE PROTEIN
Protein c-Fos,CHEMBL5029,SINGLE PROTEIN
Transcription factor p65,CHEMBL5533,SINGLE PROTEIN
Complement C3,CHEMBL4917,SINGLE PROTEIN
PA-1,CHEMBL614949,CELL-LINE
BRISTOL8,CHEMBL614950,CELL-LINE
Prolyl endopeptidase FAP,CHEMBL4683,SINGLE PROTEIN
Glucosidase II beta subunit,CHEMBL5242,SINGLE PROTEIN
Mannosyl-oligosaccharide glucosidase,CHEMBL4684,SINGLE PROTEIN
Monoglyceride lipase,CHEMBL4191,SINGLE PROTEIN
N-acylethanolamine-hydrolyzing acid amidase,CHEMBL4349,SINGLE PROTEIN
"POU domain, class 3, transcription factor 3",CHEMBL5243,SINGLE PROTEIN
"POU domain, class 3, transcription factor 2",CHEMBL4189,SINGLE PROTEIN
Transcription factor E2F1,CHEMBL4382,SINGLE PROTEIN
Bcl-2-like protein 1,CHEMBL4625,SINGLE PROTEIN
2-Hydroxyacid oxidase 1,CHEMBL4229,SINGLE PROTEIN
Prostaglandin E synthase 2,CHEMBL4411,SINGLE PROTEIN
Hyaluronidase-1,CHEMBL4528,SINGLE PROTEIN
Monoclonal antibody (mAb) 2E2,CHEMBL612442,UNKNOWN
Anti-estrogen binding site (AEBS),CHEMBL612409,PROTEIN COMPLEX
Protein S100-B,CHEMBL4300,SINGLE PROTEIN
Flavin reductase (NADPH),CHEMBL5019,SINGLE PROTEIN
Gastric inhibitory polypeptide receptor,CHEMBL4383,SINGLE PROTEIN
"Thymidine kinase 2, mitochondrial",CHEMBL4580,SINGLE PROTEIN
Guanine nucleotide-binding protein G(i) subunit alpha-1,CHEMBL4741,SINGLE PROTEIN
Guanine nucleotide-binding protein G(i) subunit alpha-3,CHEMBL4221,SINGLE PROTEIN
Guanine nucleotide-binding protein G(o) subunit alpha,CHEMBL4742,SINGLE PROTEIN
Apoptosis regulator Bcl-2,CHEMBL4860,SINGLE PROTEIN
"Deoxyuridine 5'-triphosphate nucleotidohydrolase, mitochondrial",CHEMBL5203,SINGLE PROTEIN
"Beta-1,4-galactosyltransferase 1",CHEMBL4384,SINGLE PROTEIN
Lymphocyte function-associated antigen 3,CHEMBL3790,SINGLE PROTEIN
Hypoxia-inducible factor 1-alpha,CHEMBL4261,SINGLE PROTEIN
"Membrane-associated guanylate kinase, WW and PDZ domain-containing protein 3",CHEMBL5212,SINGLE PROTEIN
Vasoactive intestinal polypeptide receptor 1,CHEMBL5144,SINGLE PROTEIN
Vasoactive intestinal polypeptide receptor 2,CHEMBL4532,SINGLE PROTEIN
HSVEC,CHEMBL612419,CELL-LINE
N-formyl peptide receptor 2,CHEMBL4227,SINGLE PROTEIN
MV4-11,CHEMBL613835,CELL-LINE
Tyrosine-protein kinase receptor UFO,CHEMBL4895,SINGLE PROTEIN
Lymphokine-activated killer T-cell-originated protein kinase,CHEMBL4896,SINGLE PROTEIN
Serine/threonine-protein kinase PLK3,CHEMBL4897,SINGLE PROTEIN
BDNF/NT-3 growth factors receptor,CHEMBL4898,SINGLE PROTEIN
Mitogen-activated protein kinase kinase kinase 8,CHEMBL4899,SINGLE PROTEIN
Serine/threonine-protein kinase D2,CHEMBL4900,SINGLE PROTEIN
Ephrin type-B receptor 3,CHEMBL4901,SINGLE PROTEIN
ALK tyrosine kinase receptor,CHEMBL4247,SINGLE PROTEIN
Tyrosine-protein kinase Tec,CHEMBL4246,SINGLE PROTEIN
Tyrosine-protein kinase TXK,CHEMBL4367,SINGLE PROTEIN
Hydroxycarboxylic acid receptor 3,CHEMBL4421,SINGLE PROTEIN
Free fatty acid receptor 1,CHEMBL4422,SINGLE PROTEIN
C-C chemokine receptor type 6,CHEMBL4423,SINGLE PROTEIN
C-C chemokine receptor type 7,CHEMBL4594,SINGLE PROTEIN
C-C chemokine receptor type 8,CHEMBL4596,SINGLE PROTEIN
Inner centromere protein,CHEMBL5177,SINGLE PROTEIN
Nucleophosmin,CHEMBL5178,SINGLE PROTEIN
Toll-like receptor 4,CHEMBL5255,SINGLE PROTEIN
Serine racemase,CHEMBL4460,SINGLE PROTEIN
"NAD-dependent protein deacetylase sirtuin-3, mitochondrial",CHEMBL4461,SINGLE PROTEIN
NAD-dependent protein deacetylase sirtuin-2,CHEMBL4462,SINGLE PROTEIN
NAD-dependent protein deacetylase sirtuin-1,CHEMBL4506,SINGLE PROTEIN
High affinity choline transporter 1,CHEMBL4507,SINGLE PROTEIN
Glutaminyl-peptide cyclotransferase,CHEMBL4508,SINGLE PROTEIN
Monocarboxylate transporter 1,CHEMBL4360,SINGLE PROTEIN
Induced myeloid leukemia cell differentiation protein Mcl-1,CHEMBL4361,SINGLE PROTEIN
Dipeptidyl peptidase 3,CHEMBL4520,SINGLE PROTEIN
"1,25-dihydroxyvitamin D(3) 24-hydroxylase, mitochondrial",CHEMBL4521,SINGLE PROTEIN
Bcl-2-like protein 2,CHEMBL4677,SINGLE PROTEIN
"Branched-chain-amino-acid aminotransferase, cytosolic",CHEMBL4679,SINGLE PROTEIN
A disintegrin and metalloproteinase with thrombospondin motifs 1,CHEMBL5133,SINGLE PROTEIN
Aldo-keto reductase family 1 member C3,CHEMBL4681,SINGLE PROTEIN
Receptor-type tyrosine-protein phosphatase epsilon,CHEMBL4850,SINGLE PROTEIN
Protein tyrosine phosphatase type IVA 3,CHEMBL4162,SINGLE PROTEIN
Toll-like receptor 2,CHEMBL4163,SINGLE PROTEIN
ASPC1,CHEMBL612588,CELL-LINE
MCF10,CHEMBL613878,CELL-LINE
Huh-5-2,CHEMBL613881,CELL-LINE
Lu1,CHEMBL613290,CELL-LINE
ARO,CHEMBL612590,CELL-LINE
BUD-8,CHEMBL612591,CELL-LINE
CEM/C2,CHEMBL612406,CELL-LINE
CWR22R,CHEMBL612657,CELL-LINE
F2000,CHEMBL612415,CELL-LINE
FG2,CHEMBL612407,CELL-LINE
NCI-H295R,CHEMBL612593,CELL-LINE
HL,CHEMBL612594,CELL-LINE
HPAC,CHEMBL612595,CELL-LINE
Hs 683,CHEMBL612596,CELL-LINE
Hs 766,CHEMBL612597,CELL-LINE
IMR-90,CHEMBL612577,CELL-LINE
KETR3,CHEMBL614637,CELL-LINE
KHOS/NP,CHEMBL612598,CELL-LINE
LAPC4,CHEMBL613292,CELL-LINE
Sodium- and chloride-dependent GABA transporter 2,CHEMBL4535,SINGLE PROTEIN
Hydroxycarboxylic acid receptor 2,CHEMBL3785,SINGLE PROTEIN
Autotaxin,CHEMBL3691,SINGLE PROTEIN
Receptor-type tyrosine-protein phosphatase eta,CHEMBL3692,SINGLE PROTEIN
Serine/threonine-protein phosphatase PP1-beta catalytic subunit,CHEMBL4546,SINGLE PROTEIN
Cytochrome P450 2J2,CHEMBL3491,SINGLE PROTEIN
Proteasome Macropain subunit,CHEMBL3492,SINGLE PROTEIN
NADP-dependent malic enzyme,CHEMBL3495,SINGLE PROTEIN
ADP-ribosyl cyclase/cyclic ADP-ribose hydrolase 1,CHEMBL4660,SINGLE PROTEIN
Receptor-type tyrosine-protein phosphatase mu,CHEMBL4661,SINGLE PROTEIN
Proteasome Macropain subunit MB1,CHEMBL4662,SINGLE PROTEIN
Low molecular weight phosphotyrosine protein phosphatase,CHEMBL4903,SINGLE PROTEIN
Receptor-type tyrosine-protein phosphatase gamma,CHEMBL4905,SINGLE PROTEIN
Potassium voltage-gated channel subfamily A member 4,CHEMBL4205,SINGLE PROTEIN
Proteasome component C5,CHEMBL4208,SINGLE PROTEIN
UDP-glucuronosyltransferase 2B7,CHEMBL4370,SINGLE PROTEIN
"Indoleamine 2,3-dioxygenase 1",CHEMBL4685,SINGLE PROTEIN
Galectin-1,CHEMBL4915,SINGLE PROTEIN
HLA class II histocompatibility antigen gamma chain,CHEMBL4692,SINGLE PROTEIN
"Malonyl-CoA decarboxylase, mitochondrial",CHEMBL4698,SINGLE PROTEIN
UDP-glucuronosyltransferase 2B17,CHEMBL4978,SINGLE PROTEIN
Cytosolic endo-beta-N-acetylglucosaminidase,CHEMBL5172,SINGLE PROTEIN
Panc1005,CHEMBL612583,CELL-LINE
Panc203,CHEMBL612584,CELL-LINE
Panc430,CHEMBL614673,CELL-LINE
Panel (12 tumour cell lines),CHEMBL612585,CELL-LINE
PT-45,CHEMBL612586,CELL-LINE
WRL68,CHEMBL612587,CELL-LINE
Bcap37,CHEMBL613842,CELL-LINE
CNE,CHEMBL613824,CELL-LINE
FEPD,CHEMBL614866,CELL-LINE
H3396,CHEMBL613839,CELL-LINE
HFL1,CHEMBL612547,CELL-LINE
MeWo,CHEMBL613300,CELL-LINE
MX1,CHEMBL613704,CELL-LINE
Panel NCI-62 (62 carcinoma cell lines),CHEMBL613830,CELL-LINE
SHP77,CHEMBL612569,CELL-LINE
SMMC-7721,CHEMBL613831,CELL-LINE
SUD4,CHEMBL613711,CELL-LINE
SW1573,CHEMBL612570,CELL-LINE
UXF1139,CHEMBL613832,CELL-LINE
Y79,CHEMBL613820,CELL-LINE
TPC1,CHEMBL613836,CELL-LINE
C20/A4,CHEMBL613871,CELL-LINE
Neuropilin-1,CHEMBL5174,SINGLE PROTEIN
3-hydroxyacyl-CoA dehydrogenase type-2,CHEMBL4159,SINGLE PROTEIN
Cathepsin Z,CHEMBL4160,SINGLE PROTEIN
Long-chain fatty acid transport protein 2,CHEMBL4326,SINGLE PROTEIN
Long-chain fatty acid transport protein 4,CHEMBL4327,SINGLE PROTEIN
Long-chain fatty acid transport protein 5,CHEMBL5196,SINGLE PROTEIN
Betaine--homocysteine S-methyltransferase 1,CHEMBL4328,SINGLE PROTEIN
Photoreceptor-specific nuclear receptor,CHEMBL4374,SINGLE PROTEIN
SRSF protein kinase 1,CHEMBL4375,SINGLE PROTEIN
Dual specificity tyrosine-phosphorylation-regulated kinase 2,CHEMBL4376,SINGLE PROTEIN
Guanine nucleotide-binding protein G(s) subunit alpha isoforms short,CHEMBL4377,SINGLE PROTEIN
Protein-S-isoprenylcysteine O-methyltransferase,CHEMBL4699,SINGLE PROTEIN
Chemerin-like receptor 1,CHEMBL3540,SINGLE PROTEIN
Serine/threonine-protein kinase NIM1,CHEMBL3542,SINGLE PROTEIN
Nuclear receptor subfamily 5 group A member 2,CHEMBL3544,SINGLE PROTEIN
Steroidogenic factor 1,CHEMBL4666,SINGLE PROTEIN
Group 3 secretory phospholipase A2,CHEMBL4667,SINGLE PROTEIN
Mitogen-activated protein kinase 15,CHEMBL5198,SINGLE PROTEIN
MAP kinase-activated protein kinase 3,CHEMBL4670,SINGLE PROTEIN
MAP kinase-interacting serine/threonine-protein kinase 1,CHEMBL4718,SINGLE PROTEIN
Serine/threonine-protein kinase Nek7,CHEMBL4849,SINGLE PROTEIN
Serine/threonine-protein kinase MRCK alpha,CHEMBL4516,SINGLE PROTEIN
P2Y purinoceptor 14,CHEMBL4518,SINGLE PROTEIN
Serine/threonine-protein kinase BRSK2,CHEMBL4574,SINGLE PROTEIN
Dual specificity tyrosine-phosphorylation-regulated kinase 3,CHEMBL4575,SINGLE PROTEIN
Homeodomain-interacting protein kinase 2,CHEMBL4576,SINGLE PROTEIN
Homeodomain-interacting protein kinase 3,CHEMBL4577,SINGLE PROTEIN
Maternal embryonic leucine zipper kinase,CHEMBL4578,SINGLE PROTEIN
Serine/threonine-protein kinase pim-3,CHEMBL5407,SINGLE PROTEIN
Serine/threonine-protein kinase TBK1,CHEMBL5408,SINGLE PROTEIN
G-protein coupled bile acid receptor 1,CHEMBL5409,SINGLE PROTEIN
KiSS-1 receptor,CHEMBL5413,SINGLE PROTEIN
Free fatty acid receptor 3,CHEMBL5201,SINGLE PROTEIN
Free fatty acid receptor 2,CHEMBL5493,SINGLE PROTEIN
Histone acetyltransferase p300,CHEMBL3784,SINGLE PROTEIN
Histone acetyltransferase KAT2B,CHEMBL5500,SINGLE PROTEIN
Histone acetyltransferase KAT2A,CHEMBL5501,SINGLE PROTEIN
Histone-lysine N-methyltransferase SETD7,CHEMBL5523,SINGLE PROTEIN
Protein arginine N-methyltransferase 1,CHEMBL5524,SINGLE PROTEIN
CDK-activating kinase assembly factor MAT1,CHEMBL5053,SINGLE PROTEIN
ATP-dependent RNA helicase DDX18,CHEMBL5060,SINGLE PROTEIN
Ubiquitin-conjugating enzyme E2 variant 1,CHEMBL5234,SINGLE PROTEIN
Glycogen debranching enzyme,CHEMBL5272,SINGLE PROTEIN
Tyrosine-protein kinase receptor Tie-1,CHEMBL5274,SINGLE PROTEIN
Bone morphogenetic protein receptor type-1A,CHEMBL5275,SINGLE PROTEIN
Activin receptor type-1B,CHEMBL5310,SINGLE PROTEIN
Activin receptor type-1-like,CHEMBL5311,SINGLE PROTEIN
Tyrosine-protein kinase receptor TYRO3,CHEMBL5314,SINGLE PROTEIN
Peroxiredoxin-1,CHEMBL5315,SINGLE PROTEIN
Cyclin-dependent kinase 18,CHEMBL5316,SINGLE PROTEIN
Apoptosis regulator BAX,CHEMBL5318,SINGLE PROTEIN
Epithelial discoidin domain-containing receptor 1,CHEMBL5319,SINGLE PROTEIN
Myotonin-protein kinase,CHEMBL5320,SINGLE PROTEIN
eIF-2-alpha kinase GCN2,CHEMBL5358,SINGLE PROTEIN
Serine/threonine-protein kinase NLK,CHEMBL5364,SINGLE PROTEIN
DNA polymerase kappa,CHEMBL5365,SINGLE PROTEIN
Poly [ADP-ribose] polymerase 2,CHEMBL5366,SINGLE PROTEIN
DNA polymerase lambda,CHEMBL5367,SINGLE PROTEIN
Acid-sensing ion channel 3,CHEMBL5368,SINGLE PROTEIN
Retinoblastoma-associated protein,CHEMBL5288,SINGLE PROTEIN
Calcitonin gene-related peptide 1,CHEMBL5293,SINGLE PROTEIN
Forkhead box protein O1,CHEMBL5294,SINGLE PROTEIN
Kinesin heavy chain isoform 5A,CHEMBL5295,SINGLE PROTEIN
Mitogen-activated protein kinase kinase kinase kinase 2,CHEMBL5330,SINGLE PROTEIN
Tyrosine-protein kinase Mer,CHEMBL5331,SINGLE PROTEIN
Mitogen-activated protein kinase 7,CHEMBL5332,SINGLE PROTEIN
Polyadenylate-binding protein 4,CHEMBL5333,SINGLE PROTEIN
Non-receptor tyrosine-protein kinase TNK1,CHEMBL5334,SINGLE PROTEIN
Baculoviral IAP repeat-containing protein 3,CHEMBL5335,SINGLE PROTEIN
Ectonucleoside triphosphate diphosphohydrolase 8,CHEMBL5338,SINGLE PROTEIN
Free fatty acid receptor 4,CHEMBL5339,SINGLE PROTEIN
Serine/threonine-protein kinase tousled-like 1,CHEMBL5388,SINGLE PROTEIN
Targeting protein for Xklp2,CHEMBL5389,SINGLE PROTEIN
Suppressor of fused homolog,CHEMBL5390,SINGLE PROTEIN
DNA polymerase iota,CHEMBL5391,SINGLE PROTEIN
Broad substrate specificity ATP-binding cassette transporter ABCG2,CHEMBL5393,SINGLE PROTEIN
SRSF protein kinase 3,CHEMBL5415,SINGLE PROTEIN
Cyclin-dependent kinase 11A,CHEMBL5416,SINGLE PROTEIN
"Fatty acid-binding protein, liver",CHEMBL5421,SINGLE PROTEIN
Protein disulfide-isomerase,CHEMBL5422,SINGLE PROTEIN
Ribonuclease pancreatic,CHEMBL5425,SINGLE PROTEIN
Heat shock 70 kDa protein 1A,CHEMBL5460,SINGLE PROTEIN
Zinc finger protein GLI1,CHEMBL5461,SINGLE PROTEIN
Baculoviral IAP repeat-containing protein 2,CHEMBL5462,SINGLE PROTEIN
Acid ceramidase,CHEMBL5463,SINGLE PROTEIN
Receptor-interacting serine/threonine-protein kinase 1,CHEMBL5464,SINGLE PROTEIN
Polycystin-2,CHEMBL5465,SINGLE PROTEIN
Activin receptor type-2B,CHEMBL5466,SINGLE PROTEIN
Bone morphogenetic protein receptor type-2,CHEMBL5467,SINGLE PROTEIN
Ras-specific guanine nucleotide-releasing factor 1,CHEMBL5468,SINGLE PROTEIN
Protein-tyrosine kinase 2-beta,CHEMBL5469,SINGLE PROTEIN
Kinesin-like protein KIF22,CHEMBL5470,SINGLE PROTEIN
Nuclear receptor subfamily 1 group I member 3,CHEMBL5503,SINGLE PROTEIN
DNA polymerase eta,CHEMBL5542,SINGLE PROTEIN
Dual specificity tyrosine-phosphorylation-regulated kinase 1B,CHEMBL5543,SINGLE PROTEIN
Kinesin-like protein KIF3A,CHEMBL5544,SINGLE PROTEIN
Diacylglycerol lipase-alpha,CHEMBL5545,SINGLE PROTEIN
Proto-oncogene tyrosine-protein kinase ROS,CHEMBL5568,SINGLE PROTEIN
Intestinal-type alkaline phosphatase,CHEMBL5573,SINGLE PROTEIN
PCNA-associated factor,CHEMBL5574,SINGLE PROTEIN
Lysine--tRNA ligase,CHEMBL5575,SINGLE PROTEIN
Kinesin-like protein KIF14,CHEMBL5576,SINGLE PROTEIN
Sonic hedgehog protein,CHEMBL5602,SINGLE PROTEIN
Nuclear receptor subfamily 0 group B member 2,CHEMBL5603,SINGLE PROTEIN
Dual specificity testis-specific protein kinase 1,CHEMBL5604,SINGLE PROTEIN
TGF-beta-activated kinase 1 and MAP3K7-binding protein 1,CHEMBL5605,SINGLE PROTEIN
Serine/threonine-protein kinase STK11,CHEMBL5606,SINGLE PROTEIN
Rhodopsin kinase GRK1,CHEMBL5607,SINGLE PROTEIN
NT-3 growth factor receptor,CHEMBL5608,SINGLE PROTEIN
Bcl-2 homologous antagonist/killer,CHEMBL5609,SINGLE PROTEIN
Prostasin,CHEMBL5610,SINGLE PROTEIN
Serine/threonine-protein kinase MRCK gamma,CHEMBL5615,SINGLE PROTEIN
Endoplasmic reticulum aminopeptidase 2,CHEMBL5043,SINGLE PROTEIN
Serine/threonine-protein kinase Nek5,CHEMBL5044,SINGLE PROTEIN
Inositol hexakisphosphate and diphosphoinositol-pentakisphosphate kinase 1,CHEMBL5046,SINGLE PROTEIN
Serine/threonine-protein kinase ULK3,CHEMBL5047,SINGLE PROTEIN
Neutral cholesterol ester hydrolase 1,CHEMBL5048,SINGLE PROTEIN
Ectonucleoside triphosphate diphosphohydrolase 2,CHEMBL5049,SINGLE PROTEIN
Matrix metalloproteinase-24,CHEMBL5050,SINGLE PROTEIN
Transient receptor potential cation channel subfamily V member 2,CHEMBL5051,SINGLE PROTEIN
Serine/threonine-protein kinase MRCK beta,CHEMBL5052,SINGLE PROTEIN
Endothelial lipase,CHEMBL5080,SINGLE PROTEIN
Interleukin-1 receptor-associated kinase 3,CHEMBL5081,SINGLE PROTEIN
Serine/threonine-protein kinase 24,CHEMBL5082,SINGLE PROTEIN
Protein mono-ADP-ribosyltransferase PARP3,CHEMBL5083,SINGLE PROTEIN
Casein kinase I isoform gamma-3,CHEMBL5084,SINGLE PROTEIN
Wee1-like protein kinase 2,CHEMBL5095,SINGLE PROTEIN
Uncharacterized serine/threonine-protein kinase SBK3,CHEMBL5116,SINGLE PROTEIN
Zinc finger protein GLI2,CHEMBL5119,SINGLE PROTEIN
Non-secretory ribonuclease,CHEMBL5120,SINGLE PROTEIN
Mitogen-activated protein kinase 6,CHEMBL5121,SINGLE PROTEIN
Discoidin domain-containing receptor 2,CHEMBL5122,SINGLE PROTEIN
Neuropeptide S receptor,CHEMBL5162,SINGLE PROTEIN
T-cell-specific surface glycoprotein CD28,CHEMBL5191,SINGLE PROTEIN
"Solute carrier family 2, facilitated glucose transporter member 3",CHEMBL5215,SINGLE PROTEIN
Uridine 5'-monophosphate synthase,CHEMBL5216,SINGLE PROTEIN
Serine/threonine-protein kinase TNNI3K,CHEMBL5260,SINGLE PROTEIN
Serine/threonine-protein kinase TAO1,CHEMBL5261,SINGLE PROTEIN
G protein-regulated inducer of neurite outgrowth 1,CHEMBL5266,SINGLE PROTEIN
Protein ADM2,CHEMBL5267,SINGLE PROTEIN
Glucose-6-phosphate 1-dehydrogenase,CHEMBL5347,SINGLE PROTEIN
High affinity immunoglobulin gamma Fc receptor I,CHEMBL5349,SINGLE PROTEIN
Bone morphogenetic protein 4,CHEMBL5350,SINGLE PROTEIN
Hepatocyte nuclear factor 4-alpha,CHEMBL5398,SINGLE PROTEIN
Pituitary adenylate cyclase-activating polypeptide type I receptor,CHEMBL5399,SINGLE PROTEIN
Signal transducer and activator of transcription 6,CHEMBL5401,SINGLE PROTEIN
Signal transducer and activator of transcription 5A,CHEMBL5403,SINGLE PROTEIN
Serine/threonine-protein kinase tousled-like 2,CHEMBL5404,SINGLE PROTEIN
Serine/threonine-protein kinase 32C,CHEMBL5405,SINGLE PROTEIN
Histone-arginine methyltransferase CARM1,CHEMBL5406,SINGLE PROTEIN
Myosin light chain kinase family member 4,CHEMBL5426,SINGLE PROTEIN
Homeodomain-interacting protein kinase 1,CHEMBL5427,SINGLE PROTEIN
Mitogen-activated protein kinase kinase kinase kinase 3,CHEMBL5432,SINGLE PROTEIN
Tryptophan 5-hydroxylase 2,CHEMBL5433,SINGLE PROTEIN
Serine/threonine-protein kinase ULK2,CHEMBL5435,SINGLE PROTEIN
Galectin-9,CHEMBL5474,SINGLE PROTEIN
Galectin-8,CHEMBL5475,SINGLE PROTEIN
Bone morphogenetic protein receptor type-1B,CHEMBL5476,SINGLE PROTEIN
Proteinase-activated receptor 3,CHEMBL5477,SINGLE PROTEIN
Hepatocyte growth factor,CHEMBL5479,SINGLE PROTEIN
Perforin-1,CHEMBL5480,SINGLE PROTEIN
Insulin receptor-related protein,CHEMBL5483,SINGLE PROTEIN
D-amino-acid oxidase,CHEMBL5485,SINGLE PROTEIN
Huntingtin,CHEMBL5514,SINGLE PROTEIN
Lysophosphatidylserine lipase ABHD12,CHEMBL5516,SINGLE PROTEIN
Secreted frizzled-related protein 1,CHEMBL5517,SINGLE PROTEIN
Misshapen-like kinase 1,CHEMBL5518,SINGLE PROTEIN
Serine/threonine-protein kinase DCLK2,CHEMBL5519,SINGLE PROTEIN
Casein kinase I isoform alpha-like,CHEMBL5520,SINGLE PROTEIN
Diacylglycerol lipase-beta,CHEMBL5521,SINGLE PROTEIN
Transient receptor potential cation channel subfamily V member 3,CHEMBL5522,SINGLE PROTEIN
Myosin-IIIa,CHEMBL5546,SINGLE PROTEIN
Ankyrin repeat and protein kinase domain-containing protein 1,CHEMBL5547,SINGLE PROTEIN
Prokineticin receptor 2,CHEMBL5548,SINGLE PROTEIN
Tubulin--tyrosine ligase,CHEMBL5549,SINGLE PROTEIN
"Atypical kinase COQ8A, mitochondrial",CHEMBL5550,SINGLE PROTEIN
Sodium/nucleoside cotransporter 1,CHEMBL5551,SINGLE PROTEIN
Serine/threonine-protein kinase 25,CHEMBL5552,SINGLE PROTEIN
ATP-dependent RNA helicase DDX3X,CHEMBL5553,SINGLE PROTEIN
Phosphatidylinositol 4-phosphate 3-kinase C2 domain-containing subunit beta,CHEMBL5554,SINGLE PROTEIN
Stearoyl-CoA desaturase,CHEMBL5555,SINGLE PROTEIN
Cyclin-dependent kinase 2-associated protein 1,CHEMBL5578,SINGLE PROTEIN
Citron Rho-interacting kinase,CHEMBL5579,SINGLE PROTEIN
Ectonucleotide pyrophosphatase/phosphodiesterase family member 3,CHEMBL5580,SINGLE PROTEIN
Ras-related C3 botulinum toxin substrate 2,CHEMBL5581,SINGLE PROTEIN
Carbonyl reductase [NADPH] 1,CHEMBL5586,SINGLE PROTEIN
Cyclic AMP-responsive element-binding protein 1,CHEMBL5587,SINGLE PROTEIN
Prolactin receptor,CHEMBL5588,SINGLE PROTEIN
Integrin alpha-2,CHEMBL4998,SINGLE PROTEIN
Aldo-keto reductase family 1 member C4,CHEMBL4999,SINGLE PROTEIN
Nuclear receptor subfamily 4 group A member 2,CHEMBL5002,SINGLE PROTEIN
Adapter molecule crk,CHEMBL5005,SINGLE PROTEIN
G-protein coupled receptor 12,CHEMBL5006,SINGLE PROTEIN
Galectin-7,CHEMBL5008,SINGLE PROTEIN
Prokineticin receptor 1,CHEMBL5649,SINGLE PROTEIN
Serine/threonine-protein kinase BRSK1,CHEMBL5650,SINGLE PROTEIN
Serine/threonine-protein kinase 35,CHEMBL5651,SINGLE PROTEIN
Glucose-dependent insulinotropic receptor,CHEMBL5652,SINGLE PROTEIN
Myosin-IIIb,CHEMBL5654,SINGLE PROTEIN
Prostaglandin E synthase,CHEMBL5658,SINGLE PROTEIN
Serine/threonine-protein kinase RIO3,CHEMBL5659,SINGLE PROTEIN
Kinetochore protein NDC80 homolog,CHEMBL5660,SINGLE PROTEIN
Exportin-1,CHEMBL5661,SINGLE PROTEIN
Serine/threonine-protein kinase DCLK1,CHEMBL5683,SINGLE PROTEIN
"Muscle, skeletal receptor tyrosine-protein kinase",CHEMBL5684,SINGLE PROTEIN
Solute carrier family 22 member 1,CHEMBL5685,SINGLE PROTEIN
Tryptophan 5-hydroxylase 1,CHEMBL5689,SINGLE PROTEIN
DNA ligase 1,CHEMBL5694,SINGLE PROTEIN
Glutathione hydrolase 1 proenzyme,CHEMBL5696,SINGLE PROTEIN
Tumor necrosis factor ligand superfamily member 6,CHEMBL5714,SINGLE PROTEIN
Paxillin,CHEMBL5715,SINGLE PROTEIN
Nuclear receptor subfamily 2 group C member 2,CHEMBL5716,SINGLE PROTEIN
Cyclin-dependent kinase 8,CHEMBL5719,SINGLE PROTEIN
GMP synthase [glutamine-hydrolyzing],CHEMBL5721,SINGLE PROTEIN
Ectonucleoside triphosphate diphosphohydrolase 1,CHEMBL5722,SINGLE PROTEIN
Cyclin-dependent kinase-like 2,CHEMBL5728,SINGLE PROTEIN
CREB-binding protein,CHEMBL5747,SINGLE PROTEIN
ATP-binding cassette sub-family C member 2,CHEMBL5748,SINGLE PROTEIN
Mitogen-activated protein kinase kinase kinase kinase 1,CHEMBL5749,SINGLE PROTEIN
Histone acetyltransferase KAT5,CHEMBL5750,SINGLE PROTEIN
"Atypical kinase COQ8B, mitochondrial",CHEMBL5753,SINGLE PROTEIN
MAP/microtubule affinity-regulating kinase 4,CHEMBL5754,SINGLE PROTEIN
Mitogen-activated protein kinase kinase kinase 7,CHEMBL5776,SINGLE PROTEIN
Bcl-2-like protein 11,CHEMBL5777,SINGLE PROTEIN
Forkhead box protein O3,CHEMBL5778,SINGLE PROTEIN
Linker for activation of T-cells family member 1,CHEMBL5779,SINGLE PROTEIN
Sodium/nucleoside cotransporter 2,CHEMBL5780,SINGLE PROTEIN
NUAK family SNF1-like kinase 1,CHEMBL5784,SINGLE PROTEIN
"Interferon-induced, double-stranded RNA-activated protein kinase",CHEMBL5785,SINGLE PROTEIN
Cation-dependent mannose-6-phosphate receptor,CHEMBL5788,SINGLE PROTEIN
Myelin-associated glycoprotein,CHEMBL5807,SINGLE PROTEIN
Cyclin-dependent kinase 11B,CHEMBL5808,SINGLE PROTEIN
Ephrin type-A receptor 1,CHEMBL5810,SINGLE PROTEIN
Macrophage scavenger receptor types I and II,CHEMBL5811,SINGLE PROTEIN
Dynamin-2,CHEMBL5812,SINGLE PROTEIN
Tumor necrosis factor ligand superfamily member 10,CHEMBL5813,SINGLE PROTEIN
Peroxisomal multifunctional enzyme type 2,CHEMBL5814,SINGLE PROTEIN
C-C chemokine receptor type 9,CHEMBL5815,SINGLE PROTEIN
Signal transducer and activator of transcription 5B,CHEMBL5817,SINGLE PROTEIN
cAMP-dependent protein kinase catalytic subunit PRKX,CHEMBL5818,SINGLE PROTEIN
Serine/threonine-protein kinase Nek4,CHEMBL5819,SINGLE PROTEIN
Aldo-keto reductase family 1 member C2,CHEMBL5847,SINGLE PROTEIN
Mas-related G-protein coupled receptor member X2,CHEMBL5849,SINGLE PROTEIN
Mas-related G-protein coupled receptor member X1,CHEMBL5850,SINGLE PROTEIN
Baculoviral IAP repeat-containing protein 8,CHEMBL5851,SINGLE PROTEIN
Pyroglutamylated RF-amide peptide receptor,CHEMBL5852,SINGLE PROTEIN
Diacylglycerol O-acyltransferase 2,CHEMBL5853,SINGLE PROTEIN
Adenylate cyclase type 10,CHEMBL5854,SINGLE PROTEIN
Serine/threonine-protein kinase Nek1,CHEMBL5855,SINGLE PROTEIN
Cyclin-dependent kinase 15,CHEMBL5856,SINGLE PROTEIN
Trace amine-associated receptor 1,CHEMBL5857,SINGLE PROTEIN
D-aspartate oxidase,CHEMBL5887,SINGLE PROTEIN
Mitogen-activated protein kinase kinase kinase 14,CHEMBL5888,SINGLE PROTEIN
Kinesin-like protein KIF1B,CHEMBL5889,SINGLE PROTEIN
Endothelin-converting enzyme 2,CHEMBL5890,SINGLE PROTEIN
Protein arginine N-methyltransferase 3,CHEMBL5891,SINGLE PROTEIN
G-protein coupled receptor 37-like 1,CHEMBL5892,SINGLE PROTEIN
Ribonuclease H1,CHEMBL5893,SINGLE PROTEIN
Lysine-specific demethylase 4A,CHEMBL5896,SINGLE PROTEIN
Ectonucleoside triphosphate diphosphohydrolase 3,CHEMBL5897,SINGLE PROTEIN
Lactoperoxidase,CHEMBL5898,SINGLE PROTEIN
Bifunctional phosphoribosylaminoimidazole carboxylase/phosphoribosylaminoimidazole succinocarboxamide synthetase,CHEMBL5922,SINGLE PROTEIN
Ubiquitin-like modifier-activating enzyme 1,CHEMBL5924,SINGLE PROTEIN
Ectonucleotide pyrophosphatase/phosphodiesterase family member 1,CHEMBL5925,SINGLE PROTEIN
Alanine aminotransferase 1,CHEMBL5929,SINGLE PROTEIN
Corticotropin-releasing factor-binding protein,CHEMBL5930,SINGLE PROTEIN
LIM domain kinase 2,CHEMBL5932,SINGLE PROTEIN
Phospholipid transfer protein,CHEMBL5962,SINGLE PROTEIN
Proteinase-activated receptor 2,CHEMBL5963,SINGLE PROTEIN
Aquaporin-4,CHEMBL5964,SINGLE PROTEIN
IgG receptor FcRn large subunit p51,CHEMBL5966,SINGLE PROTEIN
Kinesin-like protein KIF2C,CHEMBL5967,SINGLE PROTEIN
Lysophosphatidic acid receptor 4,CHEMBL5968,SINGLE PROTEIN
Phosphatidylinositol 4-phosphate 5-kinase type-1 alpha,CHEMBL5969,SINGLE PROTEIN
Mitogen-activated protein kinase kinase kinase 3,CHEMBL5970,SINGLE PROTEIN
Protein smoothened,CHEMBL5971,SINGLE PROTEIN
Dehydrogenase/reductase SDR family member 9,CHEMBL5974,SINGLE PROTEIN
Serine/threonine-protein kinase RIO1,CHEMBL5975,SINGLE PROTEIN
Serine/threonine-protein kinase RIO2,CHEMBL6000,SINGLE PROTEIN
Very long chain fatty acid elongase 1,CHEMBL6001,SINGLE PROTEIN
Cyclin-dependent kinase 19,CHEMBL6002,SINGLE PROTEIN
Testis-specific serine/threonine-protein kinase 1,CHEMBL6003,SINGLE PROTEIN
Queuine tRNA-ribosyltransferase catalytic subunit 1,CHEMBL6004,SINGLE PROTEIN
Serine/threonine-protein kinase 33,CHEMBL6005,SINGLE PROTEIN
Serine/threonine-protein kinase ULK1,CHEMBL6006,SINGLE PROTEIN
Transient receptor potential cation channel subfamily A member 1,CHEMBL6007,SINGLE PROTEIN
Carbonyl reductase [NADPH] 3,CHEMBL6008,SINGLE PROTEIN
Diacylglycerol O-acyltransferase 1,CHEMBL6009,SINGLE PROTEIN
Cyclin-dependent kinase 2-associated protein 2,CHEMBL6010,SINGLE PROTEIN
"N(G),N(G)-dimethylarginine dimethylaminohydrolase 1",CHEMBL6036,SINGLE PROTEIN
Hepatocyte growth factor-like protein,CHEMBL6042,SINGLE PROTEIN
Proto-oncogene Wnt-3,CHEMBL6079,SINGLE PROTEIN
Serine/threonine-protein kinase SIK1,CHEMBL6082,SINGLE PROTEIN
Receptor-interacting serine/threonine-protein kinase 4,CHEMBL6083,SINGLE PROTEIN
Ras-related C3 botulinum toxin substrate 3,CHEMBL6087,SINGLE PROTEIN
Cell division control protein 42 homolog,CHEMBL6088,SINGLE PROTEIN
Ubiquitin-conjugating enzyme E2 N,CHEMBL6089,SINGLE PROTEIN
Actin-related protein 2,CHEMBL6090,SINGLE PROTEIN
Calmodulin-1,CHEMBL6093,SINGLE PROTEIN
Ras-related C3 botulinum toxin substrate 1,CHEMBL6094,SINGLE PROTEIN
Disintegrin and metalloproteinase domain-containing protein 33,CHEMBL6121,SINGLE PROTEIN
Group XIIA secretory phospholipase A2,CHEMBL6122,SINGLE PROTEIN
Serine/threonine-protein kinase DCLK3,CHEMBL6123,SINGLE PROTEIN
Cyclin-dependent kinase 14,CHEMBL6162,SINGLE PROTEIN
Chromosome-associated kinesin KIF4A,CHEMBL6163,SINGLE PROTEIN
Poly [ADP-ribose] polymerase tankyrase-1,CHEMBL6164,SINGLE PROTEIN
Mitogen-activated protein kinase kinase kinase kinase 4,CHEMBL6166,SINGLE PROTEIN
Serine/threonine-protein kinase LATS1,CHEMBL6167,SINGLE PROTEIN
Phosphatidylserine lipase ABHD16A,CHEMBL6168,SINGLE PROTEIN
Cytochrome b5,CHEMBL6170,SINGLE PROTEIN
Cytochrome c oxidase subunit 1,CHEMBL6173,SINGLE PROTEIN
Cytochrome c oxidase subunit 2,CHEMBL6174,SINGLE PROTEIN
Activin receptor type-2A,CHEMBL5616,SINGLE PROTEIN
Aryl hydrocarbon receptor nuclear translocator,CHEMBL5618,SINGLE PROTEIN
DNA repair nuclease/redox regulator APEX1,CHEMBL5619,SINGLE PROTEIN
Proteasome subunit beta type-8,CHEMBL5620,SINGLE PROTEIN
SHC-transforming protein 1,CHEMBL5626,SINGLE PROTEIN
Leukocyte tyrosine kinase receptor,CHEMBL5627,SINGLE PROTEIN
Disintegrin and metalloproteinase domain-containing protein 8,CHEMBL5665,SINGLE PROTEIN
Disks large homolog 4,CHEMBL5666,SINGLE PROTEIN
Phosphatidylinositol 5-phosphate 4-kinase type-2 beta,CHEMBL5667,SINGLE PROTEIN
SRSF protein kinase 2,CHEMBL5668,SINGLE PROTEIN
Protein delta homolog 1,CHEMBL5671,SINGLE PROTEIN
Egl nine homolog 1,CHEMBL5697,SINGLE PROTEIN
NUAK family SNF1-like kinase 2,CHEMBL5698,SINGLE PROTEIN
Serine/threonine-protein kinase SIK2,CHEMBL5699,SINGLE PROTEIN
Lysophosphatidic acid receptor 5,CHEMBL5700,SINGLE PROTEIN
Serine/threonine-protein kinase TAO3,CHEMBL5701,SINGLE PROTEIN
Tyrosine-protein kinase Srms,CHEMBL5703,SINGLE PROTEIN
Very long chain fatty acid elongase 6,CHEMBL5704,SINGLE PROTEIN
Prolyl hydroxylase EGLN3,CHEMBL5705,SINGLE PROTEIN
COP9 signalosome complex subunit 7b,CHEMBL5706,SINGLE PROTEIN
Solute carrier family 28 member 3,CHEMBL5707,SINGLE PROTEIN
Complement factor B,CHEMBL5731,SINGLE PROTEIN
Pro-epidermal growth factor,CHEMBL5734,SINGLE PROTEIN
Pro-glucagon,CHEMBL5736,SINGLE PROTEIN
VIP peptides,CHEMBL5737,SINGLE PROTEIN
Translocator protein,CHEMBL5742,SINGLE PROTEIN
"Succinate dehydrogenase [ubiquinone] flavoprotein subunit, mitochondrial",CHEMBL5758,SINGLE PROTEIN
Mitogen-activated protein kinase 4,CHEMBL5759,SINGLE PROTEIN
Sodium- and chloride-dependent taurine transporter,CHEMBL5762,SINGLE PROTEIN
Polycystin-1,CHEMBL5772,SINGLE PROTEIN
Cyclin-dependent kinase-like 1,CHEMBL5789,SINGLE PROTEIN
Cyclin-dependent kinase 17,CHEMBL5790,SINGLE PROTEIN
Very long chain fatty acid elongase 3,CHEMBL5791,SINGLE PROTEIN
Cytochrome P450 3A43,CHEMBL5792,SINGLE PROTEIN
Gamma-parvin,CHEMBL5793,SINGLE PROTEIN
Serine/threonine-protein kinase Sgk2,CHEMBL5794,SINGLE PROTEIN
Toll-like receptor 9,CHEMBL5804,SINGLE PROTEIN
Toll-like receptor 8,CHEMBL5805,SINGLE PROTEIN
Glycophorin-A,CHEMBL5806,SINGLE PROTEIN
Angiogenin,CHEMBL5829,SINGLE PROTEIN
G protein-coupled receptor kinase 4,CHEMBL5861,SINGLE PROTEIN
Kinesin-1 heavy chain,CHEMBL5864,SINGLE PROTEIN
Catenin beta-1,CHEMBL5866,SINGLE PROTEIN
Nuclear receptor ROR-alpha,CHEMBL5868,SINGLE PROTEIN
Heat shock factor protein 1,CHEMBL5869,SINGLE PROTEIN
Centromere-associated protein E,CHEMBL5870,SINGLE PROTEIN
Kinesin-like protein KIF23,CHEMBL5899,SINGLE PROTEIN
Activin receptor type-1,CHEMBL5903,SINGLE PROTEIN
Aldo-keto reductase family 1 member C1,CHEMBL5905,SINGLE PROTEIN
Serine/threonine-protein kinase LATS2,CHEMBL5907,SINGLE PROTEIN
Protection of telomeres protein 1,CHEMBL5908,SINGLE PROTEIN
Hypoxia-inducible factor 1-alpha inhibitor,CHEMBL5909,SINGLE PROTEIN
Small ribosomal subunit protein mS38,CHEMBL5910,SINGLE PROTEIN
Very long chain fatty acid elongase 2,CHEMBL5911,SINGLE PROTEIN
Serine/threonine-protein kinase 32B,CHEMBL5912,SINGLE PROTEIN
Toll-like receptor 7,CHEMBL5936,SINGLE PROTEIN
Very long chain fatty acid elongase 5,CHEMBL5937,SINGLE PROTEIN
Serine/threonine-protein kinase PLK2,CHEMBL5938,SINGLE PROTEIN
Endoplasmic reticulum aminopeptidase 1,CHEMBL5939,SINGLE PROTEIN
Serine/threonine-protein kinase MARK1,CHEMBL5940,SINGLE PROTEIN
Serine/threonine-protein kinase 26,CHEMBL5941,SINGLE PROTEIN
Phosphatidylcholine-sterol acyltransferase,CHEMBL5942,SINGLE PROTEIN
Heat shock protein beta-1,CHEMBL5976,SINGLE PROTEIN
Galectin-2,CHEMBL5977,SINGLE PROTEIN
"Alkaline phosphatase, tissue-nonspecific isozyme",CHEMBL5979,SINGLE PROTEIN
Hepatocyte,CHEMBL613690,CELL-LINE
Liver microsomes,CHEMBL613373,SUBCELLULAR
Blood,CHEMBL613416,TISSUE
Brain,CHEMBL613417,TISSUE
Cortex,CHEMBL613418,TISSUE
Liver,CHEMBL613419,TISSUE
Plasma,CHEMBL613424,TISSUE
Serum,CHEMBL613426,TISSUE
Skin,CHEMBL613427,TISSUE
Cytochrome P450 4X1,CHEMBL6048,SINGLE PROTEIN
Creatine kinase B-type,CHEMBL6049,SINGLE PROTEIN
Testis-specific serine/threonine-protein kinase 2,CHEMBL6014,SINGLE PROTEIN
Transforming protein RhoA,CHEMBL6052,SINGLE PROTEIN
Bile salt export pump,CHEMBL6020,SINGLE PROTEIN
PAS domain-containing serine/threonine-protein kinase,CHEMBL6054,SINGLE PROTEIN
Serine/threonine-protein kinase WNK3,CHEMBL6055,SINGLE PROTEIN
DNA (cytosine-5)-methyltransferase 3B,CHEMBL6095,SINGLE PROTEIN
Acyl-CoA 6-desaturase,CHEMBL6097,SINGLE PROTEIN
Signal transducer and activator of transcription 1-alpha/beta,CHEMBL6101,SINGLE PROTEIN
Transcription factor Sp1,CHEMBL6103,SINGLE PROTEIN
N-formyl peptide receptor 3,CHEMBL5646,SINGLE PROTEIN
Deoxycytidylate deaminase,CHEMBL5675,SINGLE PROTEIN
G protein-coupled receptor kinase 5,CHEMBL5678,SINGLE PROTEIN
Serine/threonine-protein kinase Nek3,CHEMBL5679,SINGLE PROTEIN
Bcl-2-related protein A1,CHEMBL6044,SINGLE PROTEIN
UMP-CMP kinase,CHEMBL5681,SINGLE PROTEIN
Uridine-cytidine kinase 1,CHEMBL5682,SINGLE PROTEIN
BCR/ABL p210 fusion protein,CHEMBL6105,CHIMERIC PROTEIN
Kinesin-like protein KIF3B,CHEMBL6109,SINGLE PROTEIN
Lysine-specific histone demethylase 1A,CHEMBL6136,SINGLE PROTEIN
Lysine-specific demethylase 4D,CHEMBL6138,SINGLE PROTEIN
Protein mono-ADP-ribosyltransferase PARP4,CHEMBL6142,SINGLE PROTEIN
G protein-coupled receptor kinase 6,CHEMBL6144,SINGLE PROTEIN
Lysine-specific demethylase 4C,CHEMBL6175,SINGLE PROTEIN
NAD kinase,CHEMBL6177,SINGLE PROTEIN
"NADP-dependent malic enzyme, mitochondrial",CHEMBL6182,SINGLE PROTEIN
Prolyl 4-hydroxylase subunit alpha-2,CHEMBL5640,SINGLE PROTEIN
"V-type proton ATPase subunit B, brain isoform",CHEMBL5641,SINGLE PROTEIN
Serine/threonine-protein kinase Sgk3,CHEMBL6186,SINGLE PROTEIN
Serine/threonine-protein kinase Nek11,CHEMBL5638,SINGLE PROTEIN
Serine/threonine-protein kinase WNK2,CHEMBL5639,SINGLE PROTEIN
Activin receptor type-1C,CHEMBL5642,SINGLE PROTEIN
5'-nucleotidase,CHEMBL5957,SINGLE PROTEIN
Alpha-1-acid glycoprotein 2,CHEMBL5958,SINGLE PROTEIN
Alpha-1-antichymotrypsin,CHEMBL5960,SINGLE PROTEIN
Aldo-keto reductase family 1 member B10,CHEMBL5983,SINGLE PROTEIN
Apolipoprotein A-I,CHEMBL5984,SINGLE PROTEIN
ADP-ribosylation factor 1,CHEMBL5985,SINGLE PROTEIN
ADP-ribosylation factor 5,CHEMBL5986,SINGLE PROTEIN
ADP-ribosylation factor 6,CHEMBL5987,SINGLE PROTEIN
Bcl-2-like protein 10,CHEMBL5988,SINGLE PROTEIN
Baculoviral IAP repeat-containing protein 5,CHEMBL5989,SINGLE PROTEIN
Breast cancer type 1 susceptibility protein,CHEMBL5990,SINGLE PROTEIN
Caspase-14,CHEMBL5991,SINGLE PROTEIN
"Sterol 26-hydroxylase, mitochondrial",CHEMBL5992,SINGLE PROTEIN
"25-hydroxyvitamin D-1 alpha hydroxylase, mitochondrial",CHEMBL5993,SINGLE PROTEIN
C-X-C chemokine receptor type 6,CHEMBL5994,SINGLE PROTEIN
Cytohesin-2,CHEMBL5995,SINGLE PROTEIN
"4-hydroxy-2-oxoglutarate aldolase, mitochondrial",CHEMBL5996,SINGLE PROTEIN
"Deoxyguanosine kinase, mitochondrial",CHEMBL5997,SINGLE PROTEIN
Very-long-chain 3-oxoacyl-CoA reductase,CHEMBL5998,SINGLE PROTEIN
3-keto-steroid reductase/17-beta-hydroxysteroid dehydrogenase 7,CHEMBL5999,SINGLE PROTEIN
Dickkopf-related protein 1,CHEMBL6024,SINGLE PROTEIN
DNA polymerase theta,CHEMBL6025,SINGLE PROTEIN
Dual specificity protein phosphatase 1,CHEMBL6026,SINGLE PROTEIN
Segment polarity protein dishevelled homolog DVL-1,CHEMBL6027,SINGLE PROTEIN
Segment polarity protein dishevelled homolog DVL-3,CHEMBL6028,SINGLE PROTEIN
Eukaryotic translation initiation factor 2-alpha kinase 1,CHEMBL6029,SINGLE PROTEIN
Eukaryotic translation initiation factor 2-alpha kinase 3,CHEMBL6030,SINGLE PROTEIN
Histone-lysine N-methyltransferase EHMT1,CHEMBL6031,SINGLE PROTEIN
Histone-lysine N-methyltransferase EHMT2,CHEMBL6032,SINGLE PROTEIN
Glycerophosphocholine cholinephosphodiesterase ENPP6,CHEMBL6033,SINGLE PROTEIN
Ectonucleotide pyrophosphatase/phosphodiesterase family member 7,CHEMBL6058,SINGLE PROTEIN
Ephrin type-B receptor 6,CHEMBL5836,SINGLE PROTEIN
Erythropoietin,CHEMBL5837,SINGLE PROTEIN
Receptor tyrosine-protein kinase erbB-3,CHEMBL5838,SINGLE PROTEIN
Delta(14)-sterol reductase TM7SF2,CHEMBL5839,SINGLE PROTEIN
Acyl-CoA (8-3)-desaturase,CHEMBL5840,SINGLE PROTEIN
Low affinity immunoglobulin gamma Fc region receptor II-a,CHEMBL5841,SINGLE PROTEIN
Low affinity immunoglobulin gamma Fc region receptor III-B,CHEMBL5842,SINGLE PROTEIN
UDP-glucose 4-epimerase,CHEMBL5843,SINGLE PROTEIN
Glucagon-like peptide 2 receptor,CHEMBL5844,SINGLE PROTEIN
Glycine receptor subunit alpha-1,CHEMBL5845,SINGLE PROTEIN
Glycine receptor subunit alpha-2,CHEMBL5871,SINGLE PROTEIN
G-protein coupled estrogen receptor 1,CHEMBL5872,SINGLE PROTEIN
"Solute carrier family 2, facilitated glucose transporter member 2",CHEMBL5873,SINGLE PROTEIN
"Solute carrier family 2, facilitated glucose transporter member 4",CHEMBL5874,SINGLE PROTEIN
"Solute carrier family 2, facilitated glucose transporter member 5",CHEMBL5875,SINGLE PROTEIN
Histone H4,CHEMBL5876,SINGLE PROTEIN
Beta-hexosaminidase subunit beta,CHEMBL5877,SINGLE PROTEIN
Adenosine 5'-monophosphoramidase HINT1,CHEMBL5878,SINGLE PROTEIN
Hematopoietic prostaglandin D synthase,CHEMBL5879,SINGLE PROTEIN
Interleukin-2,CHEMBL5880,SINGLE PROTEIN
Insulin,CHEMBL5881,SINGLE PROTEIN
Integrin alpha-10,CHEMBL5882,SINGLE PROTEIN
Integrin alpha-11,CHEMBL5883,SINGLE PROTEIN
Voltage-gated potassium channel subunit beta-1,CHEMBL5884,SINGLE PROTEIN
A-type voltage-gated potassium channel KCND2,CHEMBL5885,SINGLE PROTEIN
Leptin receptor,CHEMBL5913,SINGLE PROTEIN
Mitogen-activated protein kinase kinase kinase 2,CHEMBL5914,SINGLE PROTEIN
"Mannosyl-oligosaccharide 1,2-alpha-mannosidase IA",CHEMBL5915,SINGLE PROTEIN
Membrane-bound transcription factor site-1 protease,CHEMBL5916,SINGLE PROTEIN
"Malate dehydrogenase, mitochondrial",CHEMBL5917,SINGLE PROTEIN
ATP-binding cassette sub-family C member 3,CHEMBL5918,SINGLE PROTEIN
Myeloid differentiation primary response protein MyD88,CHEMBL5919,SINGLE PROTEIN
N-acetylglucosamine-1-phosphodiester alpha-N-acetylglucosaminidase,CHEMBL5920,SINGLE PROTEIN
Protein O-GlcNAcase,CHEMBL5921,SINGLE PROTEIN
Nuclear receptor corepressor 2,CHEMBL5949,SINGLE PROTEIN
Sterol carrier protein 2,CHEMBL5950,SINGLE PROTEIN
Neuropeptide FF receptor 1,CHEMBL5951,SINGLE PROTEIN
Neuropeptide FF receptor 2,CHEMBL5952,SINGLE PROTEIN
RAS guanyl-releasing protein 1,CHEMBL5953,SINGLE PROTEIN
"Ornithine aminotransferase, mitochondrial",CHEMBL5954,SINGLE PROTEIN
UDP-N-acetylglucosamine--peptide N-acetylglucosaminyltransferase 110 kDa subunit,CHEMBL5955,SINGLE PROTEIN
Protein-arginine deiminase type-4,CHEMBL6111,SINGLE PROTEIN
Protocadherin-15,CHEMBL6112,SINGLE PROTEIN
Phosphoethanolamine/phosphocholine phosphatase,CHEMBL6113,SINGLE PROTEIN
Phospholipase A-2-activating protein,CHEMBL6114,SINGLE PROTEIN
Lysosomal protective protein,CHEMBL6115,SINGLE PROTEIN
Peroxisome proliferator-activated receptor gamma coactivator 1-alpha,CHEMBL6116,SINGLE PROTEIN
Tyrosine-protein phosphatase non-receptor type 9,CHEMBL6117,SINGLE PROTEIN
Quinone oxidoreductase,CHEMBL6118,SINGLE PROTEIN
Small ribosomal subunit protein uS2,CHEMBL6119,SINGLE PROTEIN
Solute carrier family 22 member 12,CHEMBL6120,SINGLE PROTEIN
Serine/threonine-protein kinase SIK3,CHEMBL6149,SINGLE PROTEIN
Serine/threonine-protein kinase 32A,CHEMBL6150,SINGLE PROTEIN
Serine/threonine-protein kinase 31,CHEMBL6151,SINGLE PROTEIN
Alpha-synuclein,CHEMBL6152,SINGLE PROTEIN
Threonine aspartase 1,CHEMBL6153,SINGLE PROTEIN
Poly [ADP-ribose] polymerase tankyrase-2,CHEMBL6154,SINGLE PROTEIN
Thiamine pyrophosphokinase 1,CHEMBL6155,SINGLE PROTEIN
Tripeptidyl-peptidase 2,CHEMBL6156,SINGLE PROTEIN
Tumor susceptibility gene 101 protein,CHEMBL6157,SINGLE PROTEIN
Ubiquitin carboxyl-terminal hydrolase 5,CHEMBL6158,SINGLE PROTEIN
Ubiquitin carboxyl-terminal hydrolase isozyme L1,CHEMBL6159,SINGLE PROTEIN
Ubiquitin carboxyl-terminal hydrolase isozyme L3,CHEMBL6195,SINGLE PROTEIN
UDP-glucuronosyltransferase 2B4,CHEMBL6196,SINGLE PROTEIN
UDP-glucuronosyltransferase 2B10,CHEMBL6160,SINGLE PROTEIN
UDP-glucuronosyltransferase 2B15,CHEMBL6161,SINGLE PROTEIN
UDP-glucuronosyltransferase 2B28,CHEMBL6189,SINGLE PROTEIN
Voltage-dependent anion-selective channel protein 2,CHEMBL6190,SINGLE PROTEIN
Mitogen-activated protein kinase kinase kinase 19,CHEMBL6191,SINGLE PROTEIN
Toll-like receptor 3,CHEMBL1075113,SINGLE PROTEIN
Echinoderm microtubule-associated protein-like 4,CHEMBL1075114,SINGLE PROTEIN
Dual specificity tyrosine-phosphorylation-regulated kinase 4,CHEMBL1075115,SINGLE PROTEIN
DNA-binding protein inhibitor ID-1,CHEMBL1075116,SINGLE PROTEIN
Kinesin-like protein KIFC3,CHEMBL1075119,SINGLE PROTEIN
Diacylglycerol kinase delta,CHEMBL1075120,SINGLE PROTEIN
Serine hydrolase RBBP9,CHEMBL1075121,SINGLE PROTEIN
Pyruvate kinase PKLR,CHEMBL1075126,SINGLE PROTEIN
Baculoviral IAP repeat-containing protein 7,CHEMBL1075127,SINGLE PROTEIN
Cofilin-1,CHEMBL1075129,SINGLE PROTEIN
Lactase/phlorizin hydrolase,CHEMBL1075131,SINGLE PROTEIN
Endoplasmin,CHEMBL1075323,SINGLE PROTEIN
"Heat shock protein 75 kDa, mitochondrial",CHEMBL1075132,SINGLE PROTEIN
Rhodopsin kinase GRK7,CHEMBL1075133,SINGLE PROTEIN
Proteasome assembly chaperone 3,CHEMBL1075137,SINGLE PROTEIN
Tyrosyl-DNA phosphodiesterase 1,CHEMBL1075138,SINGLE PROTEIN
Ribosomal L1 domain-containing protein 1,CHEMBL1075139,SINGLE PROTEIN
Neuromedin-U receptor 2,CHEMBL1075144,SINGLE PROTEIN
Transitional endoplasmic reticulum ATPase,CHEMBL1075145,SINGLE PROTEIN
Diacylglycerol kinase gamma,CHEMBL1075157,SINGLE PROTEIN
Cystine/glutamate transporter,CHEMBL1075149,SINGLE PROTEIN
Glucokinase regulatory protein,CHEMBL1075152,SINGLE PROTEIN
Tumor necrosis factor receptor superfamily member 10B,CHEMBL1075153,SINGLE PROTEIN
Serine/threonine-protein kinase 38,CHEMBL1075155,SINGLE PROTEIN
Uracil nucleotide/cysteinyl leukotriene receptor,CHEMBL1075162,SINGLE PROTEIN
Serine/threonine-protein kinase haspin,CHEMBL1075163,SINGLE PROTEIN
Phosphatidylinositol 3-kinase catalytic subunit type 3,CHEMBL1075165,SINGLE PROTEIN
G protein-coupled receptor kinase 3,CHEMBL1075166,SINGLE PROTEIN
Homeodomain-interacting protein kinase 4,CHEMBL1075167,SINGLE PROTEIN
Protein tyrosine phosphatase type IVA 1,CHEMBL1075169,SINGLE PROTEIN
Proto-oncogene serine/threonine-protein kinase mos,CHEMBL1075184,SINGLE PROTEIN
Serine/threonine-protein kinase WNK1,CHEMBL1075173,SINGLE PROTEIN
Neuromedin-U receptor 1,CHEMBL1075178,SINGLE PROTEIN
CD81 antigen,CHEMBL1075180,SINGLE PROTEIN
Pyridoxal kinase,CHEMBL1075181,SINGLE PROTEIN
Kinesin-like protein KIF3C,CHEMBL1075196,SINGLE PROTEIN
Diacylglycerol kinase epsilon,CHEMBL1075187,SINGLE PROTEIN
Pyruvate kinase PKM,CHEMBL1075189,SINGLE PROTEIN
Serine/threonine-protein kinase TAO2,CHEMBL1075195,SINGLE PROTEIN
Glycine receptor subunit alpha-3,CHEMBL1075092,SINGLE PROTEIN
Nuclear factor erythroid 2-related factor 2,CHEMBL1075094,SINGLE PROTEIN
Arginase-1,CHEMBL1075097,SINGLE PROTEIN
Hydroxycarboxylic acid receptor 1,CHEMBL1075101,SINGLE PROTEIN
Phosphatidylinositol 4-phosphate 3-kinase C2 domain-containing subunit alpha,CHEMBL1075102,SINGLE PROTEIN
Leucine-rich repeat serine/threonine-protein kinase 2,CHEMBL1075104,SINGLE PROTEIN
Protein tyrosine phosphatase type IVA 2,CHEMBL1075105,SINGLE PROTEIN
Vitronectin,CHEMBL1075314,SINGLE PROTEIN
C-X-C chemokine receptor type 5,CHEMBL1075315,SINGLE PROTEIN
WD repeat-containing protein 5,CHEMBL1075317,SINGLE PROTEIN
Transient receptor potential cation channel subfamily M member 8,CHEMBL1075319,SINGLE PROTEIN
G-protein coupled receptor 55,CHEMBL1075322,SINGLE PROTEIN
23132-87,CHEMBL1075382,CELL-LINE
639-V,CHEMBL1075383,CELL-LINE
647-V,CHEMBL1075384,CELL-LINE
769-P,CHEMBL1075385,CELL-LINE
8305C,CHEMBL1075386,CELL-LINE
8505C,CHEMBL1075387,CELL-LINE
ABC-1,CHEMBL1075391,CELL-LINE
AN3-CA,CHEMBL1075392,CELL-LINE
AU565,CHEMBL1075393,CELL-LINE
BCPAP,CHEMBL1075394,CELL-LINE
BEN,CHEMBL1075395,CELL-LINE
BFTC-905,CHEMBL1075396,CELL-LINE
BFTC-909,CHEMBL1075397,CELL-LINE
BHT-101,CHEMBL1075398,CELL-LINE
BHY,CHEMBL1075399,CELL-LINE
C-4-II,CHEMBL1075400,CELL-LINE
C32,CHEMBL1075401,CELL-LINE
C3A,CHEMBL1075402,CELL-LINE
Ca-Ski,CHEMBL1075403,CELL-LINE
Ca9-22,CHEMBL1075404,CELL-LINE
CAL-120,CHEMBL1075405,CELL-LINE
CAL-12T,CHEMBL1075406,CELL-LINE
CAL-148,CHEMBL1075407,CELL-LINE
CAL-27,CHEMBL1075408,CELL-LINE
CAL-33,CHEMBL1075409,CELL-LINE
CAL-39,CHEMBL1075410,CELL-LINE
CAL-51,CHEMBL1075411,CELL-LINE
CAL-54,CHEMBL1075412,CELL-LINE
CAL-62,CHEMBL1075413,CELL-LINE
CAL-72,CHEMBL1075414,CELL-LINE
CAL-85-1,CHEMBL1075415,CELL-LINE
CAMA-1,CHEMBL1075416,CELL-LINE
Capan-2,CHEMBL1075417,CELL-LINE
CaR-1,CHEMBL1075418,CELL-LINE
CCF-STTG1,CHEMBL1075419,CELL-LINE
ChaGo-K-1,CHEMBL1075421,CELL-LINE
CHL-1,CHEMBL1075422,CELL-LINE
CHP-212,CHEMBL1075423,CELL-LINE
COLO-678,CHEMBL1075425,CELL-LINE
COLO-679,CHEMBL1075426,CELL-LINE
COLO-680N,CHEMBL1075427,CELL-LINE
COLO-741,CHEMBL1075428,CELL-LINE
COLO-792,CHEMBL1075429,CELL-LINE
COLO-824,CHEMBL1075430,CELL-LINE
COR-L105,CHEMBL1075431,CELL-LINE
Detroit 562,CHEMBL1075432,CELL-LINE
DK-MG,CHEMBL1075433,CELL-LINE
DMS-53,CHEMBL1075434,CELL-LINE
DOK,CHEMBL1075435,CELL-LINE
DoTc2-4510,CHEMBL1075436,CELL-LINE
DV-90,CHEMBL1075437,CELL-LINE
EFE-184,CHEMBL1075438,CELL-LINE
EFM-19,CHEMBL1075439,CELL-LINE
EFO-21,CHEMBL1075440,CELL-LINE
EFO-27,CHEMBL1075441,CELL-LINE
EGI-1,CHEMBL1075442,CELL-LINE
EPLC-272H,CHEMBL1075443,CELL-LINE
ESS-1,CHEMBL1075444,CELL-LINE
FTC-133,CHEMBL1075445,CELL-LINE
G-402,CHEMBL1075446,CELL-LINE
GAMG,CHEMBL1075447,CELL-LINE
GCT,CHEMBL1075448,CELL-LINE
GMS-10,CHEMBL1075449,CELL-LINE
GP5d,CHEMBL1075450,CELL-LINE
H-EMC-SS,CHEMBL1075451,CELL-LINE
H4,CHEMBL1075452,CELL-LINE
HCC1143,CHEMBL1075453,CELL-LINE
HCC1395,CHEMBL1075454,CELL-LINE
HCC1419,CHEMBL1075455,CELL-LINE
HCC1569,CHEMBL1075456,CELL-LINE
HCC1806,CHEMBL1075457,CELL-LINE
HCC1937,CHEMBL1075458,CELL-LINE
HCC1954,CHEMBL1075459,CELL-LINE
HCC38,CHEMBL1075460,CELL-LINE
HCC70,CHEMBL1075461,CELL-LINE
HEC-1,CHEMBL1075462,CELL-LINE
HGC-27,CHEMBL1075463,CELL-LINE
HLE,CHEMBL1075464,CELL-LINE
HN,CHEMBL1075465,CELL-LINE
HO-1-N-1,CHEMBL1075466,CELL-LINE
HPAF-II,CHEMBL1075467,CELL-LINE
HSC-2,CHEMBL1075468,CELL-LINE
HSC-4,CHEMBL1075469,CELL-LINE
HT-3,CHEMBL1075470,CELL-LINE
HT55,CHEMBL1075471,CELL-LINE
HTC-C3,CHEMBL1075472,CELL-LINE
HuO-3N1,CHEMBL1075475,CELL-LINE
HuO9,CHEMBL1075476,CELL-LINE
HuP-T3,CHEMBL1075477,CELL-LINE
HuP-T4,CHEMBL1075478,CELL-LINE
IGR-1,CHEMBL1075479,CELL-LINE
IPC-298,CHEMBL1075480,CELL-LINE
KOSC-2,CHEMBL1075481,CELL-LINE
KP-4,CHEMBL1075482,CELL-LINE
KU-19-19,CHEMBL1075483,CELL-LINE
KYSE-140,CHEMBL1075484,CELL-LINE
KYSE-180,CHEMBL1075485,CELL-LINE
KYSE-270,CHEMBL1075486,CELL-LINE
KYSE-410,CHEMBL1075487,CELL-LINE
KYSE-450,CHEMBL1075488,CELL-LINE
LCLC-97TM1,CHEMBL1075489,CELL-LINE
LK-2,CHEMBL1075490,CELL-LINE
LN-405,CHEMBL1075491,CELL-LINE
LU-135,CHEMBL1075492,CELL-LINE
LU-99A,CHEMBL1075493,CELL-LINE
M059J,CHEMBL1075494,CELL-LINE
MC-IXC,CHEMBL1075495,CELL-LINE
MDA-MB-157,CHEMBL1075496,CELL-LINE
MDA-MB-175-VII,CHEMBL1075497,CELL-LINE
MDA-MB-415,CHEMBL1075498,CELL-LINE
ME-180,CHEMBL1075499,CELL-LINE
MEL-HO,CHEMBL1075500,CELL-LINE
MEL-JUSO,CHEMBL1075501,CELL-LINE
MFE-280,CHEMBL1075502,CELL-LINE
MFE-296,CHEMBL1075503,CELL-LINE
MFM-223,CHEMBL1075504,CELL-LINE
MHH-ES-1,CHEMBL1075505,CELL-LINE
MOG-G-UVW,CHEMBL1075508,CELL-LINE
MSTO-211H,CHEMBL1075509,CELL-LINE
NB69,CHEMBL1075510,CELL-LINE
NCCIT,CHEMBL1075511,CELL-LINE
NCI-H1048,CHEMBL1075512,CELL-LINE
NCI-H1437,CHEMBL1075513,CELL-LINE
NCI-H1563,CHEMBL1075514,CELL-LINE
NCI-H1573,CHEMBL1075515,CELL-LINE
NCI-H1581,CHEMBL1075516,CELL-LINE
NCI-H1623,CHEMBL1075517,CELL-LINE
NCI-H1650,CHEMBL1075518,CELL-LINE
NCI-H1651,CHEMBL1075519,CELL-LINE
NCI-H1666,CHEMBL1075520,CELL-LINE
NCI-H1693,CHEMBL1075521,CELL-LINE
NCI-H1703,CHEMBL1075522,CELL-LINE
NCI-H1734,CHEMBL1075523,CELL-LINE
NCI-H1755,CHEMBL1075524,CELL-LINE
NCI-H1792,CHEMBL1075525,CELL-LINE
NCI-H1793,CHEMBL1075526,CELL-LINE
NCI-H1993,CHEMBL1075527,CELL-LINE
NCI-H2009,CHEMBL1075528,CELL-LINE
NCI-H2029,CHEMBL1075529,CELL-LINE
NCI-H2030,CHEMBL1075530,CELL-LINE
NCI-H2052,CHEMBL1075531,CELL-LINE
NCI-H2087,CHEMBL1075532,CELL-LINE
NCI-H2122,CHEMBL1075533,CELL-LINE
NCI-H2170,CHEMBL1075534,CELL-LINE
NCI-H2196,CHEMBL1075535,CELL-LINE
NCI-H2228,CHEMBL1075536,CELL-LINE
NCI-H2342,CHEMBL1075537,CELL-LINE
NCI-H2347,CHEMBL1075538,CELL-LINE
NCI-H2405,CHEMBL1075539,CELL-LINE
NCI-H2452,CHEMBL1075540,CELL-LINE
NCI-H28,CHEMBL1075541,CELL-LINE
NCI-H441,CHEMBL1075542,CELL-LINE
NCI-H650,CHEMBL1075543,CELL-LINE
NCI-H661,CHEMBL1075544,CELL-LINE
NCI-H727,CHEMBL1075545,CELL-LINE
NCI-H810,CHEMBL1075546,CELL-LINE
NCI-H838,CHEMBL1075547,CELL-LINE
NH-6,CHEMBL1075551,CELL-LINE
NY,CHEMBL1075552,CELL-LINE
OAW-28,CHEMBL1075553,CELL-LINE
OAW-42,CHEMBL1075554,CELL-LINE
OE19,CHEMBL1075555,CELL-LINE
OE33,CHEMBL1075556,CELL-LINE
PANC-03-27,CHEMBL1075557,CELL-LINE
PANC-08-13,CHEMBL1075558,CELL-LINE
PFSK-1,CHEMBL1075560,CELL-LINE
PLC-PRF-5,CHEMBL1075561,CELL-LINE
RCM-1,CHEMBL1075562,CELL-LINE
RERF-LC-MS,CHEMBL1075563,CELL-LINE
RMG-I,CHEMBL1075564,CELL-LINE
RO82-W-1,CHEMBL1075565,CELL-LINE
RPMI-2650,CHEMBL1075566,CELL-LINE
RVH-421,CHEMBL1075567,CELL-LINE
S-117,CHEMBL1075568,CELL-LINE
SAS,CHEMBL1075569,CELL-LINE
SCC-4,CHEMBL1075570,CELL-LINE
SCC-9,CHEMBL1075571,CELL-LINE
SCCH-26,CHEMBL1075572,CELL-LINE
SCH,CHEMBL1075573,CELL-LINE
SCLC-21H,CHEMBL1075574,CELL-LINE
SJRH30,CHEMBL1075575,CELL-LINE
SK-CO-1,CHEMBL1075576,CELL-LINE
SK-MEL-30,CHEMBL1075577,CELL-LINE
SK-N-AS,CHEMBL1075578,CELL-LINE
SK-N-DZ,CHEMBL1075579,CELL-LINE
SK-NEP-1,CHEMBL1075580,CELL-LINE
SKG-IIIa,CHEMBL1075581,CELL-LINE
SNG-M,CHEMBL1075582,CELL-LINE
SNU-387,CHEMBL1075583,CELL-LINE
SNU-423,CHEMBL1075584,CELL-LINE
SNU-449,CHEMBL1075585,CELL-LINE
SNU-475,CHEMBL1075586,CELL-LINE
SW13,CHEMBL1075587,CELL-LINE
SW1417,CHEMBL1075588,CELL-LINE
SW1463,CHEMBL1075589,CELL-LINE
SW1710,CHEMBL1075590,CELL-LINE
SW1783,CHEMBL1075591,CELL-LINE
SW1990,CHEMBL1075592,CELL-LINE
SW626,CHEMBL1075593,CELL-LINE
SW756,CHEMBL1075594,CELL-LINE
SW780,CHEMBL1075595,CELL-LINE
SW837,CHEMBL1075596,CELL-LINE
SW900,CHEMBL1075597,CELL-LINE
SW948,CHEMBL1075598,CELL-LINE
TCO-1,CHEMBL1075599,CELL-LINE
TGW,CHEMBL1075600,CELL-LINE
TYK-nu,CHEMBL1075601,CELL-LINE
U-118-MG,CHEMBL1075602,CELL-LINE
UACC-812,CHEMBL1075604,CELL-LINE
UACC-893,CHEMBL1075605,CELL-LINE
UMC-11,CHEMBL1075606,CELL-LINE
VM-CUB-1,CHEMBL1075607,CELL-LINE
VMRC-LCP,CHEMBL1075608,CELL-LINE
VMRC-MELG,CHEMBL1075609,CELL-LINE
VMRC-RCZ,CHEMBL1075610,CELL-LINE
WM-115,CHEMBL1075611,CELL-LINE
YKG-1,CHEMBL1075612,CELL-LINE
ZR-75-30,CHEMBL1075613,CELL-LINE
Serine/threonine-protein kinase/endoribonuclease IRE1,CHEMBL1163101,SINGLE PROTEIN
Serine/threonine-protein kinase OSR1,CHEMBL1163104,SINGLE PROTEIN
Serine/threonine-protein kinase MAK,CHEMBL1163106,SINGLE PROTEIN
STE20/SPS1-related proline-alanine-rich protein kinase,CHEMBL1163108,SINGLE PROTEIN
Cyclin-dependent kinase-like 5,CHEMBL1163112,SINGLE PROTEIN
Cyclin-dependent kinase-like 3,CHEMBL1163117,SINGLE PROTEIN
U4/U6 small nuclear ribonucleoprotein Prp4,CHEMBL1163119,SINGLE PROTEIN
Phosphatidylinositol 3-kinase C2 domain-containing subunit gamma,CHEMBL1163120,SINGLE PROTEIN
Mitogen-activated protein kinase kinase kinase 6,CHEMBL1163123,SINGLE PROTEIN
Mitogen-activated protein kinase kinase kinase 13,CHEMBL1163124,SINGLE PROTEIN
Bromodomain-containing protein 4,CHEMBL1163125,SINGLE PROTEIN
Serine/threonine-protein kinase ICK,CHEMBL1163126,SINGLE PROTEIN
Mitogen-activated protein kinase kinase kinase 15,CHEMBL1163127,SINGLE PROTEIN
Microtubule-associated serine/threonine-protein kinase 1,CHEMBL1163128,SINGLE PROTEIN
Serine/threonine-protein kinase SBK1,CHEMBL1163129,SINGLE PROTEIN
Serine/threonine-protein kinase A-Raf,CHEMBL1169596,SINGLE PROTEIN
Interleukin-5,CHEMBL1169600,SINGLE PROTEIN
Splicing factor 3B subunit 2,CHEMBL1229011,SINGLE PROTEIN
Histone deacetylase complex subunit SAP130,CHEMBL1229012,SINGLE PROTEIN
Splicing factor 3B subunit 1,CHEMBL1229013,SINGLE PROTEIN
Deoxyribonuclease-2-alpha,CHEMBL1250342,SINGLE PROTEIN
Serine palmitoyltransferase 1,CHEMBL1250343,SINGLE PROTEIN
Serine palmitoyltransferase 2,CHEMBL1250344,SINGLE PROTEIN
Myc proto-oncogene protein,CHEMBL1250348,SINGLE PROTEIN
Prolyl 4-hydroxylase subunit alpha-1,CHEMBL1250350,SINGLE PROTEIN
Tumor necrosis factor receptor superfamily member 1B,CHEMBL1250356,SINGLE PROTEIN
Tumor necrosis factor receptor superfamily member 5,CHEMBL1250358,SINGLE PROTEIN
Tumor necrosis factor receptor superfamily member 3,CHEMBL1250360,SINGLE PROTEIN
Protein max,CHEMBL1250363,SINGLE PROTEIN
NADPH oxidase 4,CHEMBL1250375,SINGLE PROTEIN
Tumor necrosis factor receptor superfamily member EDAR,CHEMBL1250376,SINGLE PROTEIN
Splicing factor 3B subunit 3,CHEMBL1250378,SINGLE PROTEIN
ELAV-like protein 1,CHEMBL1250379,SINGLE PROTEIN
Dual specificity protein phosphatase 5,CHEMBL1250380,SINGLE PROTEIN
Dual specificity protein phosphatase 6,CHEMBL1250381,SINGLE PROTEIN
Transient receptor potential cation channel subfamily M member 2,CHEMBL1250402,SINGLE PROTEIN
Short transient receptor potential channel 5,CHEMBL1250411,SINGLE PROTEIN
Transient receptor potential cation channel subfamily M member 7,CHEMBL1250412,SINGLE PROTEIN
BH3-interacting domain death agonist,CHEMBL1250414,SINGLE PROTEIN
Beta-hexosaminidase subunit alpha,CHEMBL1250415,SINGLE PROTEIN
Potassium/sodium hyperpolarization-activated cyclic nucleotide-gated channel 4,CHEMBL1250417,SINGLE PROTEIN
Segment polarity protein dishevelled homolog DVL-2,CHEMBL1255125,SINGLE PROTEIN
Protein Mdm4,CHEMBL1255126,SINGLE PROTEIN
Axin-1,CHEMBL1255127,SINGLE PROTEIN
Proto-oncogene Wnt-1,CHEMBL1255129,SINGLE PROTEIN
Eukaryotic translation initiation factor 2 subunit 1,CHEMBL1255131,SINGLE PROTEIN
Protein Wnt-2,CHEMBL1255132,SINGLE PROTEIN
Protein Wnt-3a,CHEMBL1255137,SINGLE PROTEIN
Ras-related protein Rap-1A,CHEMBL1255139,SINGLE PROTEIN
Proline-rich AKT1 substrate 1,CHEMBL1255161,SINGLE PROTEIN
Protein-serine O-palmitoleoyltransferase porcupine,CHEMBL1255163,SINGLE PROTEIN
Axin-2,CHEMBL1255167,SINGLE PROTEIN
PH domain leucine-rich repeat-containing protein phosphatase 2,CHEMBL1275209,SINGLE PROTEIN
C-C motif chemokine 5,CHEMBL1275217,SINGLE PROTEIN
Heat shock cognate 71 kDa protein,CHEMBL1275223,SINGLE PROTEIN
Protein arginine N-methyltransferase 6,CHEMBL1275221,SINGLE PROTEIN
Stearoyl-CoA desaturase 5,CHEMBL1275210,SINGLE PROTEIN
Ketohexokinase,CHEMBL1275212,SINGLE PROTEIN
UDP-glucuronosyltransferase 1A1,CHEMBL1287617,SINGLE PROTEIN
Lethal(3)malignant brain tumor-like protein 1,CHEMBL1287622,SINGLE PROTEIN
Lethal(3)malignant brain tumor-like protein 3,CHEMBL1287623,SINGLE PROTEIN
Lethal(3)malignant brain tumor-like protein 4,CHEMBL1287624,SINGLE PROTEIN
MBT domain-containing protein 1,CHEMBL1287625,SINGLE PROTEIN
Cytochrome b-245 heavy chain,CHEMBL1287627,SINGLE PROTEIN
NADPH oxidase 1,CHEMBL1287628,SINGLE PROTEIN
ABC-type oligopeptide transporter ABCB9,CHEMBL1293189,SINGLE PROTEIN
Transcriptional regulator ERG,CHEMBL1293191,SINGLE PROTEIN
Natriuretic peptides A,CHEMBL1293193,SINGLE PROTEIN
"Carnitine O-palmitoyltransferase 1, liver isoform",CHEMBL1293194,SINGLE PROTEIN
Acidic mammalian chitinase,CHEMBL1293197,SINGLE PROTEIN
Serine/threonine-protein kinase VRK1,CHEMBL1293199,SINGLE PROTEIN
Nucleotide-binding oligomerization domain-containing protein 1,CHEMBL1293222,SINGLE PROTEIN
Microtubule-associated protein tau,CHEMBL1293224,SINGLE PROTEIN
Lysine-specific demethylase 4E,CHEMBL1293226,SINGLE PROTEIN
Ubiquitin carboxyl-terminal hydrolase 2,CHEMBL1293227,SINGLE PROTEIN
Nuclear receptor subfamily 4immunitygroup A member 1,CHEMBL1293229,SINGLE PROTEIN
Polypyrimidine tract-binding protein 1,CHEMBL1293230,SINGLE PROTEIN
Survival motor neuron protein,CHEMBL1293232,SINGLE PROTEIN
Prelamin-A/C,CHEMBL1293235,SINGLE PROTEIN
ATP-dependent DNA helicase Q1,CHEMBL1293236,SINGLE PROTEIN
RecQ-like DNA helicase BLM,CHEMBL1293237,SINGLE PROTEIN
Plectin,CHEMBL1293240,SINGLE PROTEIN
Mucolipin-3,CHEMBL1293243,SINGLE PROTEIN
Krueppel-like factor 5,CHEMBL1293249,SINGLE PROTEIN
15-hydroxyprostaglandin dehydrogenase [NAD(+)],CHEMBL1293255,SINGLE PROTEIN
Thrombopoietin,CHEMBL1293256,SINGLE PROTEIN
Galactokinase,CHEMBL1293257,SINGLE PROTEIN
Mothers against decapentaplegic homolog 3,CHEMBL1293258,SINGLE PROTEIN
Serine/threonine-protein phosphatase,CHEMBL1293265,SINGLE PROTEIN
Nucleotide-binding oligomerization domain-containing protein 2,CHEMBL1293266,SINGLE PROTEIN
G-protein coupled receptor 35,CHEMBL1293267,SINGLE PROTEIN
Eukaryotic translation initiation factor 4H,CHEMBL1293274,SINGLE PROTEIN
Eyes absent homolog 2,CHEMBL1293275,SINGLE PROTEIN
Regulator of G-protein signaling 12,CHEMBL1293276,SINGLE PROTEIN
NPC intracellular cholesterol transporter 1,CHEMBL1293277,SINGLE PROTEIN
Geminin,CHEMBL1293278,SINGLE PROTEIN
Polyadenylate-binding protein 1,CHEMBL1293286,SINGLE PROTEIN
Insulin-degrading enzyme,CHEMBL1293287,SINGLE PROTEIN
Bromodomain-containing protein 2,CHEMBL1293289,SINGLE PROTEIN
ATP-sensitive inward rectifier potassium channel 1,CHEMBL1293292,SINGLE PROTEIN
Neuropeptides B/W receptor type 1,CHEMBL1293293,SINGLE PROTEIN
Ras-related protein Rab-9A,CHEMBL1293294,SINGLE PROTEIN
Ubiquitin carboxyl-terminal hydrolase 14,CHEMBL1293295,SINGLE PROTEIN
14-3-3 protein gamma,CHEMBL1293296,SINGLE PROTEIN
Peripheral myelin protein 22,CHEMBL1293298,SINGLE PROTEIN
Histone-lysine N-methyltransferase 2A,CHEMBL1293299,SINGLE PROTEIN
Ubiquitin carboxyl-terminal hydrolase BAP1,CHEMBL1293314,SINGLE PROTEIN
Relaxin receptor 1,CHEMBL1293316,SINGLE PROTEIN
Muscleblind-like protein 1,CHEMBL1293317,SINGLE PROTEIN
Protein phosphatase methylesterase 1,CHEMBL1293320,SINGLE PROTEIN
Cyclin-T2,CHEMBL1293321,SINGLE PROTEIN
Taste receptor type 1 member 2,CHEMBL1613741,SINGLE PROTEIN
Taste receptor type 1 member 3,CHEMBL1613742,SINGLE PROTEIN
Neutrophil cytosol factor 1,CHEMBL1613743,SINGLE PROTEIN
Cytochrome b-245 light chain,CHEMBL1613744,SINGLE PROTEIN
microRNA 30a,CHEMBL1615321,NUCLEIC-ACID
microRNA 21,CHEMBL1615322,NUCLEIC-ACID
Menin,CHEMBL1615381,SINGLE PROTEIN
Nuclear receptor coactivator 3,CHEMBL1615382,SINGLE PROTEIN
Solute carrier family 12 member 2,CHEMBL1615383,SINGLE PROTEIN
Solute carrier family 12 member 5,CHEMBL1615384,SINGLE PROTEIN
Runt-related transcription factor 1,CHEMBL1615385,SINGLE PROTEIN
Core-binding factor subunit beta,CHEMBL1615386,SINGLE PROTEIN
Nuclear receptor coactivator 1,CHEMBL1615387,SINGLE PROTEIN
SUMO-activating enzyme subunit 1,CHEMBL1615388,SINGLE PROTEIN
SUMO-activating enzyme subunit 2,CHEMBL1615389,SINGLE PROTEIN
PPC-1,CHEMBL1626502,CELL-LINE
Oxoeicosanoid receptor 1,CHEMBL1628461,SINGLE PROTEIN
Cation channel sperm-associated protein 1,CHEMBL1628462,SINGLE PROTEIN
Transient receptor potential cation channel subfamily V member 6,CHEMBL1628465,SINGLE PROTEIN
Transient receptor potential cation channel subfamily M member 5,CHEMBL1628468,SINGLE PROTEIN
Transient receptor potential cation channel subfamily M member 4,CHEMBL1628469,SINGLE PROTEIN
Transient receptor potential cation channel subfamily M member 6,CHEMBL1628470,SINGLE PROTEIN
Relaxin-3 receptor 1,CHEMBL1628472,SINGLE PROTEIN
Relaxin-3 receptor 2,CHEMBL1628473,SINGLE PROTEIN
Transient receptor potential cation channel subfamily V member 5,CHEMBL1628474,SINGLE PROTEIN
Fatty-acid amide hydrolase 2,CHEMBL1628475,SINGLE PROTEIN
Acid-sensing ion channel 1,CHEMBL1628477,SINGLE PROTEIN
Chloride channel protein 2,CHEMBL1628478,SINGLE PROTEIN
Apelin receptor,CHEMBL1628481,SINGLE PROTEIN
Relaxin receptor 2,CHEMBL1628482,SINGLE PROTEIN
Amiloride-sensitive sodium channel subunit beta,CHEMBL1628483,SINGLE PROTEIN
Amiloride-sensitive sodium channel subunit gamma,CHEMBL1628484,SINGLE PROTEIN
Solute carrier family 22 member 6,CHEMBL1641347,SINGLE PROTEIN
Organic anion transporter 3,CHEMBL1641348,SINGLE PROTEIN
DNA-directed RNA polymerase II subunit RPB1,CHEMBL1641353,SINGLE PROTEIN
Deoxyribonuclease gamma,CHEMBL1649048,SINGLE PROTEIN
Cholecystokinin,CHEMBL1649050,SINGLE PROTEIN
Growth factor receptor-bound protein 7,CHEMBL1649051,SINGLE PROTEIN
C-C motif chemokine 2,CHEMBL1649052,SINGLE PROTEIN
Antigen-presenting glycoprotein CD1d,CHEMBL1649053,SINGLE PROTEIN
Beta-nerve growth factor,CHEMBL1649058,SINGLE PROTEIN
Serine/threonine-protein kinase VRK2,CHEMBL1649059,SINGLE PROTEIN
Galectin-4,CHEMBL1671608,SINGLE PROTEIN
ERO1-like protein alpha,CHEMBL1671609,SINGLE PROTEIN
Cytochrome b-c1 complex subunit 7,CHEMBL1671612,SINGLE PROTEIN
Prolactin-releasing peptide receptor,CHEMBL1681611,SINGLE PROTEIN
"Oxygen-dependent coproporphyrinogen-III oxidase, mitochondrial",CHEMBL1681618,SINGLE PROTEIN
Uroporphyrinogen decarboxylase,CHEMBL1681619,SINGLE PROTEIN
Acyl-protein thioesterase 1,CHEMBL1681631,SINGLE PROTEIN
Transcription factor GATA-4,CHEMBL1687679,SINGLE PROTEIN
T-box transcription factor TBX5,CHEMBL1687681,SINGLE PROTEIN
Voltage-dependent R-type calcium channel subunit alpha-1E,CHEMBL1687682,SINGLE PROTEIN
Peptidyl-prolyl cis-trans isomerase D,CHEMBL1697657,SINGLE PROTEIN
Solute carrier organic anion transporter family member 1B1,CHEMBL1697668,SINGLE PROTEIN
Cadherin-2,CHEMBL1697669,SINGLE PROTEIN
Placenta growth factor,CHEMBL1697671,SINGLE PROTEIN
Triggering receptor expressed on myeloid cells 1,CHEMBL1697674,SINGLE PROTEIN
Phosphomannomutase 2,CHEMBL1741162,SINGLE PROTEIN
Perilipin-1,CHEMBL1741164,SINGLE PROTEIN
Microphthalmia-associated transcription factor,CHEMBL1741165,SINGLE PROTEIN
Acylamino-acid-releasing enzyme,CHEMBL1741174,SINGLE PROTEIN
X-box-binding protein 1,CHEMBL1741176,SINGLE PROTEIN
DNA dC->dU-editing enzyme APOBEC-3A,CHEMBL1741179,SINGLE PROTEIN
ETS domain-containing protein Elk-3,CHEMBL1741184,SINGLE PROTEIN
Nuclear receptor ROR-gamma,CHEMBL1741186,SINGLE PROTEIN
Importin subunit alpha-1,CHEMBL1741187,SINGLE PROTEIN
FAD-linked sulfhydryl oxidase ALR,CHEMBL1741189,SINGLE PROTEIN
GTP-binding nuclear protein Ran,CHEMBL1741190,SINGLE PROTEIN
SUMO-conjugating enzyme UBC9,CHEMBL1741191,SINGLE PROTEIN
Chromobox protein homolog 1,CHEMBL1741193,SINGLE PROTEIN
Enteropeptidase,CHEMBL1741195,SINGLE PROTEIN
Eukaryotic translation initiation factor 4 gamma 1,CHEMBL1741197,SINGLE PROTEIN
Importin subunit beta-1,CHEMBL1741199,SINGLE PROTEIN
Hexokinase HKDC1,CHEMBL1741200,SINGLE PROTEIN
Sentrin-specific protease 8,CHEMBL1741207,SINGLE PROTEIN
"NACHT, LRR and PYD domains-containing protein 3",CHEMBL1741208,SINGLE PROTEIN
ATPase family AAA domain-containing protein 5,CHEMBL1741209,SINGLE PROTEIN
M-phase phosphoprotein 8,CHEMBL1741210,SINGLE PROTEIN
Sentrin-specific protease 7,CHEMBL1741213,SINGLE PROTEIN
"NACHT, LRR and PYD domains-containing protein 1",CHEMBL1741214,SINGLE PROTEIN
Sentrin-specific protease 6,CHEMBL1741215,SINGLE PROTEIN
NADPH oxidase 3,CHEMBL1741216,SINGLE PROTEIN
DNA dC->dU-editing enzyme APOBEC-3G,CHEMBL1741217,SINGLE PROTEIN
Golgi-associated PDZ and coiled-coil motif-containing protein,CHEMBL1741218,SINGLE PROTEIN
Bromodomain adjacent to zinc finger domain protein 2B,CHEMBL1741220,SINGLE PROTEIN
Cysteine protease ATG4B,CHEMBL1741221,SINGLE PROTEIN
Beta-2-microglobulin,CHEMBL1741302,SINGLE PROTEIN
Interleukin-18,CHEMBL1741305,SINGLE PROTEIN
Netrin-1,CHEMBL1741307,SINGLE PROTEIN
Osteopontin,CHEMBL1741309,SINGLE PROTEIN
Solute carrier organic anion transporter family member 1B3,CHEMBL1743121,SINGLE PROTEIN
Solute carrier family 22 member 2,CHEMBL1743122,SINGLE PROTEIN
Solute carrier organic anion transporter family member 1A2,CHEMBL1743123,SINGLE PROTEIN
Solute carrier organic anion transporter family member 2B1,CHEMBL1743124,SINGLE PROTEIN
Solute carrier family 15 member 2,CHEMBL1743125,SINGLE PROTEIN
Multidrug and toxin extrusion protein 1,CHEMBL1743126,SINGLE PROTEIN
Multidrug and toxin extrusion protein 2,CHEMBL1743127,SINGLE PROTEIN
ATP-binding cassette sub-family C member 4,CHEMBL1743128,SINGLE PROTEIN
Phosphatidylcholine translocator ABCB4,CHEMBL1743129,SINGLE PROTEIN
Leukotriene C4 synthase,CHEMBL1743183,SINGLE PROTEIN
Microsomal glutathione S-transferase 1,CHEMBL1743184,SINGLE PROTEIN
Microsomal glutathione S-transferase 2,CHEMBL1743185,SINGLE PROTEIN
"Glutathione S-transferase 3, mitochondrial",CHEMBL1743186,SINGLE PROTEIN
Sulfotransferase 1A1,CHEMBL1743291,SINGLE PROTEIN
Sulfotransferase 1A2,CHEMBL1743292,SINGLE PROTEIN
Sulfotransferase 1A3,CHEMBL1743293,SINGLE PROTEIN
Sulfotransferase 1B1,CHEMBL1743294,SINGLE PROTEIN
Sulfotransferase 1C2,CHEMBL1743295,SINGLE PROTEIN
Sulfotransferase 1C4,CHEMBL1743296,SINGLE PROTEIN
Sulfotransferase 2B1,CHEMBL1743297,SINGLE PROTEIN
Sulfotransferase 4A1,CHEMBL1743298,SINGLE PROTEIN
UDP-glucuronosyltransferase 1-6,CHEMBL1743316,SINGLE PROTEIN
UDP-glucuronosyltransferase 1A7,CHEMBL1743317,SINGLE PROTEIN
UDP-glucuronosyltransferase 1A8,CHEMBL1743318,SINGLE PROTEIN
UDP-glucuronosyltransferase 1A9,CHEMBL1743319,SINGLE PROTEIN
UDP-glucuronosyltransferase 1A10,CHEMBL1743320,SINGLE PROTEIN
UDP-glucuronosyltransferase 2A1,CHEMBL1743321,SINGLE PROTEIN
Endothelial PAS domain-containing protein 1,CHEMBL1744522,SINGLE PROTEIN
Sodium/myo-inositol cotransporter 2,CHEMBL1744524,SINGLE PROTEIN
Nicotinamide phosphoribosyltransferase,CHEMBL1744525,SINGLE PROTEIN
Platelet glycoprotein 4,CHEMBL1744526,SINGLE PROTEIN
Ceramide kinase,CHEMBL1764936,SINGLE PROTEIN
Membrane-associated phosphatidylinositol transfer protein 1,CHEMBL1764937,SINGLE PROTEIN
Annexin A2,CHEMBL1764938,SINGLE PROTEIN
Protein S100-A10,CHEMBL1764939,SINGLE PROTEIN
Replication protein A 70 kDa DNA-binding subunit,CHEMBL1764940,SINGLE PROTEIN
Dual specificity protein phosphatase 14,CHEMBL1764941,SINGLE PROTEIN
Scm-like with four MBT domains protein 1,CHEMBL1764944,SINGLE PROTEIN
PHD finger protein 13,CHEMBL1764945,SINGLE PROTEIN
Chromobox protein homolog 7,CHEMBL1764946,SINGLE PROTEIN
Phosphatidylinositol 5-phosphate 4-kinase type-2 gamma,CHEMBL1770034,SINGLE PROTEIN
Dual specificity protein phosphatase CDC14A,CHEMBL1772926,SINGLE PROTEIN
"Serine hydroxymethyltransferase, cytosolic",CHEMBL1772927,SINGLE PROTEIN
ATP-binding cassette sub-family B member 5,CHEMBL1772928,SINGLE PROTEIN
Mitotic checkpoint serine/threonine-protein kinase BUB1,CHEMBL1772932,SINGLE PROTEIN
Probable G-protein coupled receptor 160,CHEMBL1777664,SINGLE PROTEIN
Endoplasmic reticulum chaperone BiP,CHEMBL1781865,SINGLE PROTEIN
Programmed cell death protein 4,CHEMBL1781868,SINGLE PROTEIN
"Phosphatidylinositol 3,4,5-trisphosphate 5-phosphatase 1",CHEMBL1781870,SINGLE PROTEIN
Ataxin-2,CHEMBL1795085,SINGLE PROTEIN
Ubiquitin carboxyl-terminal hydrolase 1,CHEMBL1795087,SINGLE PROTEIN
Beta-arrestin-1,CHEMBL1795088,SINGLE PROTEIN
Regulator of G-protein signaling 4,CHEMBL1795091,SINGLE PROTEIN
Apoptotic protease-activating factor 1,CHEMBL1795093,SINGLE PROTEIN
Nuclear receptor subfamily 0 group B member 1,CHEMBL1795094,SINGLE PROTEIN
Carboxy-terminal domain RNA polymerase II polypeptide A small phosphatase 1,CHEMBL1795098,SINGLE PROTEIN
Rho-related GTP-binding protein RhoB,CHEMBL1795102,SINGLE PROTEIN
Matrix metalloproteinase-25,CHEMBL1795103,SINGLE PROTEIN
Far upstream element-binding protein 2,CHEMBL1795105,SINGLE PROTEIN
Elongation factor 2,CHEMBL1795108,SINGLE PROTEIN
Ephrin-A2,CHEMBL1795109,SINGLE PROTEIN
Mannose-binding protein C,CHEMBL1795113,SINGLE PROTEIN
CD209 antigen,CHEMBL1795114,SINGLE PROTEIN
Protein arginine N-methyltransferase 5,CHEMBL1795116,SINGLE PROTEIN
"Histone-lysine N-methyltransferase, H3 lysine-79 specific",CHEMBL1795117,SINGLE PROTEIN
Histone-lysine N-methyltransferase SUV39H1,CHEMBL1795118,SINGLE PROTEIN
Elongation factor 1-alpha 1,CHEMBL1795120,SINGLE PROTEIN
Elongation factor 1-alpha 2,CHEMBL1795122,SINGLE PROTEIN
Hsp90 co-chaperone Cdc37,CHEMBL1795123,SINGLE PROTEIN
Interleukin-6,CHEMBL1795129,SINGLE PROTEIN
"Alpha-1,6-mannosylglycoprotein 6-beta-N-acetylglucosaminyltransferase A",CHEMBL1795131,SINGLE PROTEIN
Transmembrane protease serine 11D,CHEMBL1795138,SINGLE PROTEIN
Transmembrane protease serine 6,CHEMBL1795139,SINGLE PROTEIN
Transmembrane protease serine 2,CHEMBL1795140,SINGLE PROTEIN
Poly(ADP-ribose) glycohydrolase,CHEMBL1795143,SINGLE PROTEIN
"Arginase-2, mitochondrial",CHEMBL1795148,SINGLE PROTEIN
Adenosine deaminase-like protein,CHEMBL1795150,SINGLE PROTEIN
Bis(5'-adenosyl)-triphosphatase,CHEMBL1795151,SINGLE PROTEIN
Hormonally up-regulated neu tumor-associated kinase,CHEMBL1795165,SINGLE PROTEIN
Sterol regulatory element-binding protein 2,CHEMBL1795166,SINGLE PROTEIN
CDGSH iron-sulfur domain-containing protein 1,CHEMBL1795168,SINGLE PROTEIN
Potassium/sodium hyperpolarization-activated cyclic nucleotide-gated channel 1,CHEMBL1795171,SINGLE PROTEIN
Potassium/sodium hyperpolarization-activated cyclic nucleotide-gated channel 2,CHEMBL1795172,SINGLE PROTEIN
Potassium/sodium hyperpolarization-activated cyclic nucleotide-gated channel 3,CHEMBL1795173,SINGLE PROTEIN
N-lysine methyltransferase KMT5A,CHEMBL1795176,SINGLE PROTEIN
Histone-lysine N-methyltransferase SUV39H2,CHEMBL1795177,SINGLE PROTEIN
Transforming growth factor beta-1 proprotein,CHEMBL1795178,SINGLE PROTEIN
Rapamycin-insensitive companion of mTOR,CHEMBL1795179,SINGLE PROTEIN
Protein polybromo-1,CHEMBL1795184,SINGLE PROTEIN
Bromodomain testis-specific protein,CHEMBL1795185,SINGLE PROTEIN
Bromodomain-containing protein 3,CHEMBL1795186,SINGLE PROTEIN
Proton-coupled folate transporter,CHEMBL1795188,SINGLE PROTEIN
"KH domain-containing, RNA-binding, signal transduction-associated protein 1",CHEMBL1795190,SINGLE PROTEIN
Cyclin-dependent kinase 10,CHEMBL1795191,SINGLE PROTEIN
Cyclin-dependent kinase 13,CHEMBL1795192,SINGLE PROTEIN
Ribosomal protein S6 kinase delta-1,CHEMBL1795193,SINGLE PROTEIN
Phosphatidylinositol 5-phosphate 4-kinase type-2 alpha,CHEMBL1795194,SINGLE PROTEIN
Serine/threonine-protein kinase SMG1,CHEMBL1795195,SINGLE PROTEIN
Serine/threonine-protein kinase WNK4,CHEMBL1795196,SINGLE PROTEIN
Guanylyl cyclase C,CHEMBL1795197,SINGLE PROTEIN
STE20-related kinase adapter protein alpha,CHEMBL1795198,SINGLE PROTEIN
Receptor-interacting serine/threonine-protein kinase 3,CHEMBL1795199,SINGLE PROTEIN
Acetylcholine receptor; alpha1/beta1/delta/gamma,CHEMBL1907588,PROTEIN COMPLEX
Neuronal acetylcholine receptor; alpha4/beta2,CHEMBL1907589,PROTEIN COMPLEX
Neuronal acetylcholine receptor; alpha4/beta4,CHEMBL1907591,PROTEIN COMPLEX
Neuronal acetylcholine receptor; alpha3/beta4,CHEMBL1907594,PROTEIN COMPLEX
GABA-A receptor; GABA-A site (alpha1/beta2 interface),CHEMBL1907597,PROTEIN COMPLEX
Integrin alpha-V/beta-3,CHEMBL1907598,PROTEIN COMPLEX
Integrin alpha-4/beta-1,CHEMBL1907599,PROTEIN COMPLEX
Cyclin-dependent kinase 5/CDK5 activator 1,CHEMBL1907600,PROTEIN COMPLEX
Cyclin-dependent kinase 4/cyclin D1,CHEMBL1907601,PROTEIN COMPLEX
Cyclin-dependent kinase 1/cyclin B1,CHEMBL1907602,PROTEIN COMPLEX
Glutamate NMDA receptor; GRIN1/GRIN2B,CHEMBL1907603,PROTEIN COMPLEX
Glutamate NMDA receptor; GRIN1/GRIN2A,CHEMBL1907604,PROTEIN COMPLEX
Cyclin-dependent kinase 2/cyclin E1,CHEMBL1907605,PROTEIN COMPLEX
Mitogen-activated protein kinase; ERK1/ERK2,CHEMBL1907606,PROTEIN FAMILY
Tumour suppressor p53/oncoprotein Mdm2,CHEMBL1907611,PROTEIN-PROTEIN INTERACTION
Peripheral plasma membrane protein CASK,CHEMBL1908381,SINGLE PROTEIN
Serine/threonine-protein kinase PRP4 homolog,CHEMBL1908382,SINGLE PROTEIN
Phosphatidylinositol 4-phosphate 5-kinase type-1 gamma,CHEMBL1908383,SINGLE PROTEIN
SNF-related serine/threonine-protein kinase,CHEMBL1908384,SINGLE PROTEIN
Dual serine/threonine and tyrosine protein kinase,CHEMBL1908386,SINGLE PROTEIN
Mitogen-activated protein kinase kinase kinase 12,CHEMBL1908389,SINGLE PROTEIN
SN12K1,CHEMBL1909241,CELL-LINE
Glutamine--fructose-6-phosphate aminotransferase [isomerizing] 1,CHEMBL1909481,SINGLE PROTEIN
14-3-3 protein sigma,CHEMBL1909482,SINGLE PROTEIN
Sentrin-specific protease 1,CHEMBL1909484,SINGLE PROTEIN
Protein-arginine deiminase type-1,CHEMBL1909486,SINGLE PROTEIN
Protein-arginine deiminase type-2,CHEMBL1909487,SINGLE PROTEIN
Protein-arginine deiminase type-3,CHEMBL1909488,SINGLE PROTEIN
Interleukin-1 beta,CHEMBL1909490,SINGLE PROTEIN
DNA-directed DNA/RNA polymerase mu,CHEMBL1914260,SINGLE PROTEIN
Islet amyloid polypeptide,CHEMBL1914266,SINGLE PROTEIN
Scavenger receptor class B member 1,CHEMBL1914272,SINGLE PROTEIN
Inward rectifier potassium channel 2,CHEMBL1914276,SINGLE PROTEIN
G protein-activated inward rectifier potassium channel 1,CHEMBL1914277,SINGLE PROTEIN
G protein-activated inward rectifier potassium channel 4,CHEMBL1914278,SINGLE PROTEIN
Proton-coupled amino acid transporter 1,CHEMBL1914279,SINGLE PROTEIN
Appetite-regulating hormone,CHEMBL1921664,SINGLE PROTEIN
Protoporphyrinogen oxidase,CHEMBL1926488,SINGLE PROTEIN
Tau-tubulin kinase 1,CHEMBL1926492,SINGLE PROTEIN
Synphilin-1,CHEMBL1926494,SINGLE PROTEIN
Bone morphogenetic protein 2,CHEMBL1926496,SINGLE PROTEIN
NADPH oxidase 5,CHEMBL1926497,SINGLE PROTEIN
Acyl-protein thioesterase 2,CHEMBL1932891,SINGLE PROTEIN
Small ribosomal subunit protein eS27,CHEMBL1932893,SINGLE PROTEIN
Natural resistance-associated macrophage protein 2,CHEMBL1932895,SINGLE PROTEIN
Ezrin,CHEMBL1932896,SINGLE PROTEIN
Histone acetyltransferase KAT8,CHEMBL1932912,SINGLE PROTEIN
Lysine-specific histone demethylase 2,CHEMBL1938208,SINGLE PROTEIN
Lysine-specific demethylase 3A,CHEMBL1938209,SINGLE PROTEIN
Lysine-specific demethylase 2A,CHEMBL1938210,SINGLE PROTEIN
Lysine-specific demethylase 6B,CHEMBL1938211,SINGLE PROTEIN
Histone lysine demethylase PHF8,CHEMBL1938212,SINGLE PROTEIN
Matrix metalloproteinase-19,CHEMBL1938214,SINGLE PROTEIN
Kinase suppressor of Ras 1,CHEMBL1938215,SINGLE PROTEIN
Connector enhancer of kinase suppressor of ras 2,CHEMBL1938216,SINGLE PROTEIN
Mixed lineage kinase domain-like protein,CHEMBL1938217,SINGLE PROTEIN
Inositol-tetrakisphosphate 1-kinase,CHEMBL1938220,SINGLE PROTEIN
1-phosphatidylinositol 3-phosphate 5-kinase,CHEMBL1938222,SINGLE PROTEIN
EKC/KEOPS complex subunit TP53RK,CHEMBL1938223,SINGLE PROTEIN
Protein phosphatase 1D,CHEMBL1938224,SINGLE PROTEIN
Matrix metalloproteinase-20,CHEMBL1938226,SINGLE PROTEIN
Proteasome subunit beta type-9,CHEMBL1944495,SINGLE PROTEIN
Proteasome subunit beta type-6,CHEMBL1944496,SINGLE PROTEIN
Long-wave-sensitive opsin 1,CHEMBL1949482,SINGLE PROTEIN
m7GpppX diphosphatase,CHEMBL1949488,SINGLE PROTEIN
Midkine,CHEMBL1949490,SINGLE PROTEIN
Heterogeneous nuclear ribonucleoprotein A1,CHEMBL1955709,SINGLE PROTEIN
Solute carrier family 22 member 7,CHEMBL1955711,SINGLE PROTEIN
CASP8 and FADD-like apoptosis regulator,CHEMBL1955713,SINGLE PROTEIN
Nuclear receptor subfamily 1 group D member 1,CHEMBL1961783,SINGLE PROTEIN
Nuclear receptor subfamily 1 group D member 2,CHEMBL1961784,SINGLE PROTEIN
Receptor-type tyrosine-protein phosphatase U,CHEMBL1961785,SINGLE PROTEIN
Hepatocyte nuclear factor 4-gamma,CHEMBL1961786,SINGLE PROTEIN
Nuclear receptor subfamily 2 group C member 1,CHEMBL1961787,SINGLE PROTEIN
Nuclear receptor subfamily 2 group E member 1,CHEMBL1961788,SINGLE PROTEIN
COUP transcription factor 1,CHEMBL1961789,SINGLE PROTEIN
COUP transcription factor 2,CHEMBL1961790,SINGLE PROTEIN
Nuclear receptor subfamily 2 group F member 6,CHEMBL1961791,SINGLE PROTEIN
Nuclear receptor subfamily 4 group A member 3,CHEMBL1961792,SINGLE PROTEIN
Nuclear receptor subfamily 6 group A member 1,CHEMBL1961793,SINGLE PROTEIN
Isocitrate dehydrogenase [NADP] cytoplasmic,CHEMBL2007625,SINGLE PROTEIN
DNA dC->dU-editing enzyme APOBEC-3F,CHEMBL2007626,SINGLE PROTEIN
Tyrosine-protein phosphatase non-receptor type 5,CHEMBL2007628,SINGLE PROTEIN
26S proteasome non-ATPase regulatory subunit 14,CHEMBL2007629,SINGLE PROTEIN
ATP-binding cassette sub-family B member 6,CHEMBL2007630,SINGLE PROTEIN
Calcium-binding protein 39,CHEMBL2010621,SINGLE PROTEIN
Thioredoxin,CHEMBL2010624,SINGLE PROTEIN
EWS-Fli1 protein,CHEMBL2010625,SINGLE PROTEIN
ETS translocation variant 1,CHEMBL2010626,SINGLE PROTEIN
Pirin,CHEMBL2010627,SINGLE PROTEIN
DNA polymerase nu,CHEMBL2010628,SINGLE PROTEIN
Atypical chemokine receptor 3,CHEMBL2010631,SINGLE PROTEIN
ATP-dependent RNA helicase DDX1,CHEMBL2010634,SINGLE PROTEIN
Ubiquitin-like modifier-activating enzyme 5,CHEMBL2016429,SINGLE PROTEIN
NEDD8-activating enzyme E1 catalytic subunit,CHEMBL2016430,SINGLE PROTEIN
NEDD8-activating enzyme E1 regulatory subunit,CHEMBL2016431,SINGLE PROTEIN
von Willebrand factor,CHEMBL2021748,SINGLE PROTEIN
Sphingolipid delta(4)-desaturase DES1,CHEMBL2021749,SINGLE PROTEIN
Kinesin-like protein KIF7,CHEMBL2021751,SINGLE PROTEIN
Kinesin-like protein KIF20B,CHEMBL2021752,SINGLE PROTEIN
Kinesin-like protein KIF20A,CHEMBL2021753,SINGLE PROTEIN
Neutral ceramidase,CHEMBL2021754,SINGLE PROTEIN
IGF-like family receptor 1,CHEMBL2029192,SINGLE PROTEIN
Kinesin heavy chain isoform 5C,CHEMBL2029194,SINGLE PROTEIN
Rap guanine nucleotide exchange factor 3,CHEMBL2029197,SINGLE PROTEIN
Rap guanine nucleotide exchange factor 4,CHEMBL2029198,SINGLE PROTEIN
Regulator of G-protein signaling 8,CHEMBL2034803,SINGLE PROTEIN
Taste receptor type 2 member 31,CHEMBL2034804,SINGLE PROTEIN
DNA repair protein RAD51 homolog 1,CHEMBL2034807,SINGLE PROTEIN
C-type lectin domain family 7 member A,CHEMBL2034810,SINGLE PROTEIN
Lupus La protein,CHEMBL2040701,SINGLE PROTEIN
ATP-dependent DNA/RNA helicase DHX36,CHEMBL2040704,SINGLE PROTEIN
Chondroitin sulfate N-acetylgalactosaminyltransferase 1,CHEMBL2040705,SINGLE PROTEIN
ATP-binding cassette sub-family C member 5,CHEMBL2046258,SINGLE PROTEIN
"Kynurenine/alpha-aminoadipate aminotransferase, mitochondrial",CHEMBL2046259,SINGLE PROTEIN
Kynurenine--oxoglutarate transaminase 3,CHEMBL2046260,SINGLE PROTEIN
Anoctamin-1,CHEMBL2046267,SINGLE PROTEIN
Eukaryotic initiation factor 4A-I,CHEMBL2052028,SINGLE PROTEIN
Peptidyl-prolyl cis-trans isomerase FKBP5,CHEMBL2052031,SINGLE PROTEIN
"Phosphatidylinositol 3,4,5-trisphosphate 3-phosphatase and dual-specificity protein phosphatase PTEN",CHEMBL2052032,SINGLE PROTEIN
Phosphatidylglycerophosphatase and protein-tyrosine phosphatase 1,CHEMBL2052033,SINGLE PROTEIN
"Solute carrier family 2, facilitated glucose transporter member 9",CHEMBL2052034,SINGLE PROTEIN
Long-chain fatty acid transport protein 1,CHEMBL2052038,SINGLE PROTEIN
Natural resistance-associated macrophage protein 1,CHEMBL2052040,SINGLE PROTEIN
Heat shock-related 70 kDa protein 2,CHEMBL2062348,SINGLE PROTEIN
RuvB-like 2,CHEMBL2062349,SINGLE PROTEIN
"ATP synthase subunit beta, mitochondrial",CHEMBL2062350,SINGLE PROTEIN
"ATP synthase subunit alpha, mitochondrial",CHEMBL2062351,SINGLE PROTEIN
Eukaryotic translation initiation factor 3 subunit F,CHEMBL2062352,SINGLE PROTEIN
"Actin, cytoplasmic 1",CHEMBL2062353,SINGLE PROTEIN
Biotin--protein ligase,CHEMBL2062354,SINGLE PROTEIN
Pro-adrenomedullin,CHEMBL2062356,SINGLE PROTEIN
Max-like protein X,CHEMBL2062357,SINGLE PROTEIN
Kelch-like ECH-associated protein 1,CHEMBL2069156,SINGLE PROTEIN
Extracellular superoxide dismutase [Cu-Zn],CHEMBL2069159,SINGLE PROTEIN
Probable G-protein coupled receptor 142,CHEMBL2069161,SINGLE PROTEIN
Dual specificity testis-specific protein kinase 2,CHEMBL2069163,SINGLE PROTEIN
Lysine-specific demethylase 6A,CHEMBL2069164,SINGLE PROTEIN
ATP-binding cassette sub-family C member 6,CHEMBL2073661,SINGLE PROTEIN
Monocarboxylate transporter 4,CHEMBL2073663,SINGLE PROTEIN
Solute carrier family 22 member 4,CHEMBL2073668,SINGLE PROTEIN
Multidrug resistance associated protein,CHEMBL2073669,SINGLE PROTEIN
Solute carrier family 22 member 3,CHEMBL2073673,SINGLE PROTEIN
Solute carrier family 22 member 11,CHEMBL2073677,SINGLE PROTEIN
Solute carrier organic anion transporter family member 4A1,CHEMBL2073679,SINGLE PROTEIN
Solute carrier organic anion transporter family member 3A1,CHEMBL2073685,SINGLE PROTEIN
ATP-binding cassette sub-family C member 10,CHEMBL2073687,SINGLE PROTEIN
Solute carrier organic anion transporter family member 4C1,CHEMBL2073690,SINGLE PROTEIN
Organic cation/carnitine transporter 2,CHEMBL2073693,SINGLE PROTEIN
Solute carrier organic anion transporter family member 1C1,CHEMBL2073697,SINGLE PROTEIN
ATP-binding cassette sub-family C member 11,CHEMBL2073702,SINGLE PROTEIN
Solute carrier organic anion transporter family member 2A1,CHEMBL2073703,SINGLE PROTEIN
Monocarboxylate transporter 2,CHEMBL2073704,SINGLE PROTEIN
SLC16A10 protein,CHEMBL2073719,SINGLE PROTEIN
Organic anion transporter 7,CHEMBL2073721,SINGLE PROTEIN
Solute carrier family 22 member 16,CHEMBL2073722,SINGLE PROTEIN
Organic solute transporter subunit alpha,CHEMBL2073724,SINGLE PROTEIN
GTPase NRas,CHEMBL2079845,SINGLE PROTEIN
Son of sevenless homolog 1,CHEMBL2079846,SINGLE PROTEIN
Serine protease hepsin,CHEMBL2079849,SINGLE PROTEIN
Exopolyphosphatase PRUNE1,CHEMBL2079850,SINGLE PROTEIN
Protein-glutamine gamma-glutamyltransferase 6,CHEMBL2079852,SINGLE PROTEIN
Menin/Histone-lysine N-methyltransferase MLL,CHEMBL2093861,PROTEIN-PROTEIN INTERACTION
Runt-related transcription factor 1/Core-binding factor subunit beta,CHEMBL2093862,PROTEIN-PROTEIN INTERACTION
Phosphodiesterase 4,CHEMBL2093863,PROTEIN FAMILY
Histone deacetylase,CHEMBL2093865,PROTEIN FAMILY
Estrogen receptor,CHEMBL2093866,PROTEIN FAMILY
Protein kinase C (PKC),CHEMBL2093867,PROTEIN FAMILY
Integrin alpha-IIb/beta-3,CHEMBL2093869,PROTEIN COMPLEX
GABA-A receptor; anion channel,CHEMBL2093872,PROTEIN COMPLEX GROUP
Protein farnesyltransferase,CHEMBL2094108,PROTEIN COMPLEX
Muscarinic acetylcholine receptor,CHEMBL2094109,PROTEIN FAMILY
MAP kinase p38,CHEMBL2094115,PROTEIN FAMILY
Adrenergic receptor beta,CHEMBL2094118,PROTEIN FAMILY
GABA-A receptor; alpha-3/beta-3/gamma-2,CHEMBL2094120,PROTEIN COMPLEX
GABA-A receptor; alpha-1/beta-3/gamma-2,CHEMBL2094121,PROTEIN COMPLEX
GABA-A receptor; alpha-5/beta-3/gamma-2,CHEMBL2094122,PROTEIN COMPLEX
Glutamate [NMDA] receptor,CHEMBL2094124,PROTEIN COMPLEX GROUP
Phosphodiesterase 3,CHEMBL2094125,PROTEIN FAMILY
Cyclin-dependent kinase 2/cyclin E,CHEMBL2094126,PROTEIN COMPLEX
Cyclin-dependent kinase 1/cyclin B,CHEMBL2094127,PROTEIN COMPLEX
Cyclin-dependent kinase 2/cyclin A,CHEMBL2094128,PROTEIN COMPLEX
GABA-A receptor; alpha-2/beta-3/gamma-2,CHEMBL2094130,PROTEIN COMPLEX
Serotonin 3 (5-HT3) receptor,CHEMBL2094132,PROTEIN COMPLEX GROUP
Gamma-secretase,CHEMBL2094135,PROTEIN COMPLEX
cAMP-dependent protein kinase (PKA),CHEMBL2094138,PROTEIN FAMILY
Adrenergic receptor alpha-1,CHEMBL2094251,PROTEIN FAMILY
Cyclooxygenase,CHEMBL2094253,PROTEIN FAMILY
Cysteinyl leukotriene receptor,CHEMBL2094254,PROTEIN FAMILY
DNA topoisomerase II,CHEMBL2094255,PROTEIN FAMILY
Angiotensin II receptor,CHEMBL2094256,PROTEIN FAMILY
Adenosine A2 receptor,CHEMBL2094257,PROTEIN FAMILY
Nuclear factor NF-kappa-B complex,CHEMBL2094258,PROTEIN COMPLEX GROUP
Melatonin receptor,CHEMBL2094268,PROTEIN FAMILY
Opioid receptors; mu & delta,CHEMBL2095149,SELECTIVITY GROUP
Phosphodiesterase 1,CHEMBL2095150,PROTEIN FAMILY
Opioid receptors; delta & kappa,CHEMBL2095151,SELECTIVITY GROUP
Sulfonylurea receptors; K-ATP channels,CHEMBL2095152,PROTEIN COMPLEX GROUP
Phosphodiesterase; PDE3 & PDE4,CHEMBL2095153,SELECTIVITY GROUP
Opioid receptors; mu & kappa,CHEMBL2095156,SELECTIVITY GROUP
Adrenergic receptor alpha-2,CHEMBL2095158,PROTEIN FAMILY
Leukotriene B4 receptor,CHEMBL2095160,PROTEIN FAMILY
Peroxisome proliferator-activated receptor gamma/Nuclear receptor coactivator 3,CHEMBL2095161,PROTEIN-PROTEIN INTERACTION
Peroxisome proliferator-activated receptor gamma/Nuclear receptor coactivator 1,CHEMBL2095162,PROTEIN-PROTEIN INTERACTION
Peroxisome proliferator-activated receptor gamma/Nuclear receptor coactivator 2,CHEMBL2095163,PROTEIN-PROTEIN INTERACTION
Geranylgeranyl transferase type I,CHEMBL2095164,PROTEIN COMPLEX
Heat shock protein HSP90,CHEMBL2095165,PROTEIN FAMILY
Hemoglobin HbA,CHEMBL2095168,PROTEIN COMPLEX
Dopamine receptors; D2 & D3,CHEMBL2095169,SELECTIVITY GROUP
GABA-A receptor; alpha-1/beta-2/gamma-2,CHEMBL2095172,PROTEIN COMPLEX
Potassium-transporting ATPase,CHEMBL2095173,PROTEIN COMPLEX
SUMO-activating enzyme,CHEMBL2095174,PROTEIN COMPLEX
Carbonic anhydrase,CHEMBL2095180,PROTEIN FAMILY
Opioid receptors; mu/kappa/delta,CHEMBL2095181,PROTEIN FAMILY
Tubulin,CHEMBL2095182,PROTEIN COMPLEX GROUP
Integrin alpha-4/beta-7,CHEMBL2095184,PROTEIN COMPLEX
Cholecystokinin receptor,CHEMBL2095185,PROTEIN FAMILY
Sodium/potassium-transporting ATPase,CHEMBL2095186,PROTEIN COMPLEX GROUP
Muscarinic acetylcholine receptors; M2 & M3,CHEMBL2095187,SELECTIVITY GROUP
Glycogen synthase kinase-3,CHEMBL2095188,PROTEIN FAMILY
Platelet-derived growth factor receptor,CHEMBL2095189,PROTEIN COMPLEX
GABA-A receptor; alpha-6/beta-3/gamma-2,CHEMBL2095190,PROTEIN COMPLEX
Casein kinase II,CHEMBL2095191,PROTEIN COMPLEX GROUP
Tryptase,CHEMBL2095193,PROTEIN FAMILY
Coagulation factor VII/tissue factor,CHEMBL2095194,PROTEIN COMPLEX
Adenosine receptors; A1 & A3,CHEMBL2095195,SELECTIVITY GROUP
"Sulfonylurea receptor 2, Kir6.2",CHEMBL2095198,PROTEIN COMPLEX
Serotonin 2 (5-HT2) receptor,CHEMBL2095200,PROTEIN FAMILY
Monoamine transporters; serotonin & dopamine,CHEMBL2095201,SELECTIVITY GROUP
"Troponin, cardiac muscle",CHEMBL2095202,PROTEIN COMPLEX
Adrenergic receptor alpha,CHEMBL2095203,PROTEIN FAMILY
Trypsin,CHEMBL2095204,PROTEIN FAMILY
Monoamine oxidase,CHEMBL2095205,PROTEIN FAMILY
Adenosine receptors; A2a & A3,CHEMBL2095213,SELECTIVITY GROUP
Ribonucleoside-diphosphate reductase RR1,CHEMBL2095215,PROTEIN COMPLEX GROUP
Collagenase,CHEMBL2095216,PROTEIN FAMILY
Fibroblast growth factor receptor,CHEMBL2095217,PROTEIN FAMILY
Muscarinic acetylcholine receptors; M1 & M2,CHEMBL2095219,SELECTIVITY GROUP
Phosphodiesterases; PDE5 & PDE6,CHEMBL2095220,SELECTIVITY GROUP
Integrin alpha-5/beta-1,CHEMBL2095226,PROTEIN COMPLEX
Vascular endothelial growth factor receptor,CHEMBL2095227,PROTEIN FAMILY
Voltage-gated L-type calcium channel,CHEMBL2095229,PROTEIN FAMILY
Serotonin 1 receptors; 5-HT1B & 5-HT1D,CHEMBL2095230,SELECTIVITY GROUP
Cholinesterases; ACHE & BCHE,CHEMBL2095233,SELECTIVITY GROUP
Adenosine receptors; A2b & A3,CHEMBL2095234,SELECTIVITY GROUP
Dopamine receptors; D2 & D4,CHEMBL2095396,SELECTIVITY GROUP
Cyclin-dependent kinase 4/cyclin D,CHEMBL2095942,PROTEIN COMPLEX GROUP
Bcr/Abl fusion protein,CHEMBL2096618,CHIMERIC PROTEIN
"Phosphatidylinositol 4-kinase, PI4K",CHEMBL2096619,PROTEIN FAMILY
"Protein kinase C, PKC; classical/novel",CHEMBL2096620,PROTEIN FAMILY
Nitric oxide sythases; iNOS & nNOS,CHEMBL2096621,SELECTIVITY GROUP
"Intercellular adhesion molecule (ICAM-1), Integrin alpha-L/beta-2",CHEMBL2096661,PROTEIN COMPLEX
Serotonin 2 receptors; 5-HT2a & 5-HT2c,CHEMBL2096662,SELECTIVITY GROUP
Pyruvate dehydrogenase kinase,CHEMBL2096665,PROTEIN FAMILY
"c-Jun N-terminal kinase, JNK",CHEMBL2096667,PROTEIN FAMILY
Alcohol dehydrogenase,CHEMBL2096668,PROTEIN FAMILY
Glutamate receptor ionotropic AMPA,CHEMBL2096670,PROTEIN COMPLEX GROUP
Integrin alpha-V/beta-5,CHEMBL2096675,PROTEIN COMPLEX
Adrenergic receptors; alpha-1 A & B,CHEMBL2096676,SELECTIVITY GROUP
Phosphoglycerate kinase,CHEMBL2096677,PROTEIN FAMILY
"Endothelin receptor, ET-A/ET-B",CHEMBL2096678,PROTEIN FAMILY
Adenosine receptors; A1 & A2,CHEMBL2096679,SELECTIVITY GROUP
"Sodium channel alpha subunits; brain (Types I, II, III)",CHEMBL2096682,PROTEIN FAMILY
Serotonin (5-HT) receptor,CHEMBL2096904,PROTEIN FAMILY
Dopamine receptor,CHEMBL2096905,PROTEIN FAMILY
Carbonic anhydrases; II & IX,CHEMBL2096906,SELECTIVITY GROUP
"AMP-activated protein kinase, AMPK",CHEMBL2096907,PROTEIN COMPLEX GROUP
Adenosine receptors; A1 & A2b,CHEMBL2096908,SELECTIVITY GROUP
"Interleukin-8 receptors, CXCR1/CXCR2",CHEMBL2096909,PROTEIN FAMILY
"Sulfonylurea receptor 1, Kir6.2",CHEMBL2096972,PROTEIN COMPLEX
Peptide N-myristoyltransferase,CHEMBL2096973,PROTEIN FAMILY
Adrenergic receptor beta; ADRB1 & ADRB2,CHEMBL2096974,SELECTIVITY GROUP
Peroxisome proliferator-activated receptor gamma/Nuclear receptor corepressor 2,CHEMBL2096976,PROTEIN-PROTEIN INTERACTION
Thioredoxin reductase,CHEMBL2096978,PROTEIN FAMILY
Cannabinoid receptor,CHEMBL2096981,PROTEIN FAMILY
Adenosine receptors; A1 & A2a,CHEMBL2096982,SELECTIVITY GROUP
Thrombin & trypsin,CHEMBL2096988,SELECTIVITY GROUP
Angiotensin-converting enzyme,CHEMBL2096989,PROTEIN FAMILY
Monoamine transporters; Norepinephrine & dopamine,CHEMBL2096990,SELECTIVITY GROUP
Protein farnesyl/geranylgeranyl transferase,CHEMBL2096991,PROTEIN COMPLEX GROUP
"Phosphodiesterase, PDE1/PDE5",CHEMBL2097161,PROTEIN FAMILY
Phosphodiesterase 6,CHEMBL2097163,PROTEIN FAMILY
CaM kinase II,CHEMBL2097164,PROTEIN FAMILY
Dopamine receptors; D3 & D4,CHEMBL2097165,SELECTIVITY GROUP
Adenylate cyclase,CHEMBL2097167,PROTEIN FAMILY
Adrenergic receptor beta; ADRB1 & ADRB3,CHEMBL2097169,SELECTIVITY GROUP
Voltage-gated N-type calcium channel alpha-1B subunit/Amyloid beta A4 precursor protein-binding family A member 1,CHEMBL2097170,PROTEIN-PROTEIN INTERACTION
"Amiloride-sensitive sodium channel, ENaC",CHEMBL2107836,PROTEIN COMPLEX
"Calcitonin-gene-related peptide receptor, CALCRL/RAMP1",CHEMBL2107838,PROTEIN COMPLEX
Neuronal acetylcholine receptor; alpha2/beta4,CHEMBL2109230,PROTEIN COMPLEX
Adrenomedullin receptor AM1; CALCRL/RAMP2,CHEMBL2109232,PROTEIN COMPLEX
Neuronal acetylcholine receptor; alpha3/alpha6/beta2/beta3,CHEMBL2109233,PROTEIN COMPLEX
Neuronal acetylcholine receptor; alpha3/beta2,CHEMBL2109234,PROTEIN COMPLEX
Neuronal acetylcholine receptor; alpha2/beta2,CHEMBL2109236,PROTEIN COMPLEX
Neuronal acetylcholine receptor; alpha6/beta2,CHEMBL2109237,PROTEIN COMPLEX
Neuronal acetylcholine receptor; alpha9/alpha10,CHEMBL2109238,PROTEIN COMPLEX
Glutamate receptor ionotropic kainate,CHEMBL2109241,PROTEIN COMPLEX GROUP
GABA-C receptor,CHEMBL2109242,PROTEIN COMPLEX GROUP
GABA-A receptor; benzodiazepine site,CHEMBL2109243,PROTEIN COMPLEX GROUP
GABA-A receptor; agonist GABA site,CHEMBL2109244,PROTEIN COMPLEX GROUP
"Amylin receptor AMY1, CALCR/RAMP1",CHEMBL2111189,PROTEIN COMPLEX
Amylin receptor AMY3; CALCR/RAMP3,CHEMBL2111190,PROTEIN COMPLEX
"Adrenomedullin receptor, AM2; CALCRL/RAMP3",CHEMBL2111191,PROTEIN COMPLEX
Cyclin-dependent kinase 7/ cyclin H,CHEMBL2111288,PROTEIN COMPLEX
Dual specificity mitogen-activated protein kinase kinase; MEK1/2,CHEMBL2111289,PROTEIN FAMILY
Vascular endothelial growth factor receptor 2 and 3 (KDR and Flt-4),CHEMBL2111409,SELECTIVITY GROUP
Phosphodiesterase 7,CHEMBL2111411,PROTEIN FAMILY
Coagulation factor VII and X,CHEMBL2111412,SELECTIVITY GROUP
GABA A receptor alpha-2/beta-2/gamma-2,CHEMBL2111413,PROTEIN COMPLEX
Tyrosine-protein kinase ABL,CHEMBL2111414,PROTEIN FAMILY
Integrin alpha-V/beta-6,CHEMBL2111416,PROTEIN COMPLEX
Muscarinic acetylcholine receptor M1/M5 chimeric protein,CHEMBL2111417,CHIMERIC PROTEIN
Muscarinic acetylcholine receptor M1 and M3,CHEMBL2111418,SELECTIVITY GROUP
Coagulation factor X and plasma kallikrein,CHEMBL2111419,SELECTIVITY GROUP
Transcription factor AP1,CHEMBL2111421,PROTEIN COMPLEX
Matrix metalloproteinase (1 and 13),CHEMBL2111422,SELECTIVITY GROUP
Melanocortin receptor (M1 and M4),CHEMBL2111423,SELECTIVITY GROUP
Coagulation factor IX and X,CHEMBL2111424,SELECTIVITY GROUP
Fibronectin receptor (Integrin alpha-5/beta-1 and alpha-V/beta-3),CHEMBL2111425,PROTEIN COMPLEX GROUP
ETS-related transcription factor Elf-3/Vitamin D3 receptor-interacting protein (ESX/MED23),CHEMBL2111426,PROTEIN-PROTEIN INTERACTION
VEGF-receptor 2 and stem cell growth factor receptor (KDR and KIT),CHEMBL2111428,SELECTIVITY GROUP
Histone deacetylase (HDAC1 and HDAC2),CHEMBL2111429,PROTEIN FAMILY
MIF/CD74 (Macrophage migration inhibitory factor and HLA-DR antigens-associated invariant chain),CHEMBL2111430,PROTEIN-PROTEIN INTERACTION
Epidermal growth factor receptor and ErbB2 (HER1 and HER2),CHEMBL2111431,PROTEIN FAMILY
PI3-kinase p110-delta/p85-alpha,CHEMBL2111432,PROTEIN COMPLEX
VEGF-receptor 2 and Fibroblast growth factor receptor 2,CHEMBL2111434,SELECTIVITY GROUP
Annexin A2/S100-A10,CHEMBL2111435,PROTEIN-PROTEIN INTERACTION
Somatostatin receptor,CHEMBL2111436,PROTEIN FAMILY
Melanin-concentrating hormone receptor,CHEMBL2111437,PROTEIN FAMILY
Neurotensin receptor,CHEMBL2111438,PROTEIN FAMILY
VEGF-receptor 2 and Fibroblast growth factor receptor 1,CHEMBL2111439,PROTEIN FAMILY
VEGF-receptor 2 and PDGF-receptor beta (KDR and PDGFR beta),CHEMBL2111440,SELECTIVITY GROUP
Cathepsin (H and K),CHEMBL2111441,SELECTIVITY GROUP
Integrin alpha-V/beta-3 and alpha-IIb/beta 3,CHEMBL2111443,SELECTIVITY GROUP
CDK3/cyclin E,CHEMBL2111444,PROTEIN COMPLEX GROUP
Muscarinic acetylcholine receptor M2 and M4,CHEMBL2111445,SELECTIVITY GROUP
CDK6/cyclin D3,CHEMBL2111448,PROTEIN COMPLEX
Coagulation factor X/antithrombin III,CHEMBL2111449,PROTEIN COMPLEX
"Inositol 1,4,5-trisphosphate receptor",CHEMBL2111451,PROTEIN FAMILY
CDK6/cyclin D1,CHEMBL2111455,PROTEIN COMPLEX
Vasopressin V1 receptor,CHEMBL2111456,PROTEIN FAMILY
Carbonic anhydrase V,CHEMBL2111457,PROTEIN FAMILY
Casein kinase I,CHEMBL2111458,PROTEIN FAMILY
Rho-associated protein kinase,CHEMBL2111459,PROTEIN FAMILY
Dopamine D2 receptor and serotonin 1a receptor,CHEMBL2111460,SELECTIVITY GROUP
Integrin alpha-2/beta-3,CHEMBL2111461,PROTEIN COMPLEX
Thyroid hormone receptor,CHEMBL2111462,PROTEIN COMPLEX
GABA-B receptor,CHEMBL2111463,PROTEIN COMPLEX
Serotonin receptor (2b and 2c),CHEMBL2111466,SELECTIVITY GROUP
Alpha adrenergic receptor (1a and 1d),CHEMBL2111467,SELECTIVITY GROUP
Dopamine D2 receptor and serotonin 2a receptor,CHEMBL2111468,SELECTIVITY GROUP
Dipeptidyl peptidase II and dipeptidyl peptidase IV (DPP2 and DPP4),CHEMBL2111469,SELECTIVITY GROUP
Phosphodiesterase 2 and 5 (PDE2 and PDE5),CHEMBL2111470,SELECTIVITY GROUP
Toll-like receptor (TLR7/TLR9),CHEMBL2111471,PROTEIN FAMILY
Cytochrome P450 3A4/3A5,CHEMBL2111472,PROTEIN FAMILY
Thrombin and coagulation factor VII,CHEMBL2111477,SELECTIVITY GROUP
Vascular endothelial growth factor receptor 1 and 2 (Flt-1 and KDR),CHEMBL2111480,SELECTIVITY GROUP
Matrix metalloproteinase (2 and 3),CHEMBL2111321,SELECTIVITY GROUP
Melanocortin receptor (M3 and M4),CHEMBL2111323,SELECTIVITY GROUP
Phosphorylase kinase,CHEMBL2111324,PROTEIN COMPLEX GROUP
PPAR alpha/gamma,CHEMBL2111325,SELECTIVITY GROUP
Cyclin-dependent kinase 2 and 4 (CDK2 and CDK4),CHEMBL2111326,SELECTIVITY GROUP
Inhibitor of NF-kappa-B kinase (IKK),CHEMBL2111328,PROTEIN COMPLEX
Adenosine receptor,CHEMBL2111329,PROTEIN FAMILY
Ribosomal protein S6 kinase (P70S6K),CHEMBL2111330,PROTEIN COMPLEX
Serotonin 3 (5-HT3) receptor,CHEMBL2111332,PROTEIN COMPLEX
VEGF-receptor 2 and tyrosine-protein kinase SRC,CHEMBL2111336,SELECTIVITY GROUP
Atrial natriuretic peptide receptor,CHEMBL2111337,PROTEIN FAMILY
GABA A receptor alpha-3/beta-2/gamma-2,CHEMBL2111339,PROTEIN COMPLEX
Phosphodiesterase 4 and 5 (PDE4 and PDE5),CHEMBL2111340,SELECTIVITY GROUP
Dopamine D1 and D2 receptor,CHEMBL2111341,SELECTIVITY GROUP
AMP-activated protein kinase (AMPK) alpha-1/beta-1/gamma-1,CHEMBL2111345,PROTEIN COMPLEX
Serotonin and norepinephrine transporters (SERT/NET),CHEMBL2111346,SELECTIVITY GROUP
Soluble guanylate cyclase,CHEMBL2111348,PROTEIN COMPLEX GROUP
Nitric oxide synthase (inducible and endothelial),CHEMBL2111350,SELECTIVITY GROUP
PI3-kinase p110-alpha/p85-alpha,CHEMBL2111367,PROTEIN COMPLEX
Cathepsin (S and K),CHEMBL2111368,SELECTIVITY GROUP
Inosine-5'-monophosphate dehydrogenase (IMPDH),CHEMBL2111369,PROTEIN FAMILY
GABA A receptor alpha-6/beta-2/gamma-2,CHEMBL2111370,PROTEIN COMPLEX
PPAR delta/gamma,CHEMBL2111371,SELECTIVITY GROUP
Vascular endothelial growth factor receptor 2 and tyrosine-protein kinase TIE-2 (KDR and TIE2),CHEMBL2111375,SELECTIVITY GROUP
CDC7/DBF4 (Cell division cycle 7-related protein kinase/Activator of S phase kinase),CHEMBL2111377,PROTEIN COMPLEX
Histamine receptor (H3 and H4),CHEMBL2111378,SELECTIVITY GROUP
Thrombin and urokinase-type plasminogen activator,CHEMBL2111379,SELECTIVITY GROUP
Cathepsin (L and K),CHEMBL2111380,SELECTIVITY GROUP
Nicotinic acetylcholine receptor alpha3/betaX,CHEMBL2111384,PROTEIN COMPLEX GROUP
NPM/ALK (Nucleophosmin/ALK tyrosine kinase receptor),CHEMBL2111387,CHIMERIC PROTEIN
Beta-2 adrenergic receptor and beta-3 adrenergic receptor,CHEMBL2111388,SELECTIVITY GROUP
CDK9/cyclin T1,CHEMBL2111389,PROTEIN COMPLEX
Beta-secretase (BACE),CHEMBL2111390,PROTEIN FAMILY
GABA A receptor alpha-1/beta-1/gamma-2,CHEMBL2111392,PROTEIN COMPLEX
RXR alpha/PPAR gamma,CHEMBL2111394,PROTEIN COMPLEX
Cathepsin (B and K),CHEMBL2111396,SELECTIVITY GROUP
Melanocortin receptor (M4 and M5),CHEMBL2111397,SELECTIVITY GROUP
Phosphodiesterase 3 and 5 (PDE3 and PDE5),CHEMBL2111400,SELECTIVITY GROUP
Thrombin and coagulation factor X,CHEMBL2111401,SELECTIVITY GROUP
5-lipoxygenase/FLAP,CHEMBL2111402,PROTEIN COMPLEX
Nitric-oxide synthase (endothelial and brain),CHEMBL2111405,SELECTIVITY GROUP
Integrin alpha-V/beta-1,CHEMBL2111407,PROTEIN COMPLEX
Serine/threonine-protein kinase RAF and Dual specificity mitogen-activated protein kinase kinase 1 (Raf/MEK),CHEMBL2111351,PROTEIN FAMILY
Muscarinic acetylcholine receptor M2 and M5,CHEMBL2111352,SELECTIVITY GROUP
Serine/threonine-protein kinase AKT,CHEMBL2111353,PROTEIN FAMILY
Calpain 1,CHEMBL2111357,PROTEIN COMPLEX
Cathepsin (V and K),CHEMBL2111361,SELECTIVITY GROUP
Integrin alpha-M/beta-2,CHEMBL2111362,PROTEIN COMPLEX
Histone deacetylase 3/Nuclear receptor corepressor 2 (HDAC3/NCoR2),CHEMBL2111363,PROTEIN COMPLEX
GABA A receptor alpha-4/beta-3/gamma-2,CHEMBL2111366,PROTEIN COMPLEX
Small ubiquitin-related modifier 1,CHEMBL2146296,SINGLE PROTEIN
DNA repair and recombination protein RAD54-like,CHEMBL2146297,SINGLE PROTEIN
Xylosyl- and glucuronyltransferase LARGE1,CHEMBL2146300,SINGLE PROTEIN
Small ubiquitin-related modifier 2,CHEMBL2146301,SINGLE PROTEIN
"Glutaminase kidney isoform, mitochondrial",CHEMBL2146302,SINGLE PROTEIN
Glycoprotein hormones alpha chain,CHEMBL2146305,SINGLE PROTEIN
Rac GTPase-activating protein 1,CHEMBL2146306,SINGLE PROTEIN
Protein disulfide-isomerase A6,CHEMBL2146308,SINGLE PROTEIN
"Arf-GAP with SH3 domain, ANK repeat and PH domain-containing protein 1",CHEMBL2146311,SINGLE PROTEIN
Bifunctional 3'-5' exonuclease/ATP-dependent helicase WRN,CHEMBL2146312,SINGLE PROTEIN
PTPsigma-(Brain),CHEMBL2146342,SINGLE PROTEIN
Dual specificity protein phosphatase 4,CHEMBL2146343,SINGLE PROTEIN
Neurogenic locus notch homolog protein 1,CHEMBL2146346,SINGLE PROTEIN
Inward rectifier potassium channel 4,CHEMBL2146347,SINGLE PROTEIN
ATP-sensitive inward rectifier potassium channel 10,CHEMBL2146348,SINGLE PROTEIN
Inward rectifier potassium channel 13,CHEMBL2146349,SINGLE PROTEIN
Protein CIP2A,CHEMBL2146355,SINGLE PROTEIN
SRC kinase signaling inhibitor 1,CHEMBL2150836,SINGLE PROTEIN
ATPase family AAA domain-containing protein 2,CHEMBL2150837,SINGLE PROTEIN
Succinate receptor 1,CHEMBL2150838,SINGLE PROTEIN
2-oxoglutarate receptor 1,CHEMBL2150840,SINGLE PROTEIN
Methionine synthase,CHEMBL2150844,SINGLE PROTEIN
Ubiquitin carboxyl-terminal hydrolase 7,CHEMBL2157850,SINGLE PROTEIN
Ubiquitin carboxyl-terminal hydrolase 47,CHEMBL2157851,SINGLE PROTEIN
Ubiquitin carboxyl-terminal hydrolase 21,CHEMBL2157852,SINGLE PROTEIN
Ubiquitin carboxyl-terminal hydrolase 28,CHEMBL2157853,SINGLE PROTEIN
Ubiquitin carboxyl-terminal hydrolase 8,CHEMBL2157854,SINGLE PROTEIN
Fanconi anemia group F protein,CHEMBL2157856,SINGLE PROTEIN
Fanconi anemia group D2 protein,CHEMBL2157857,SINGLE PROTEIN
Dual specificity protein phosphatase 2,CHEMBL2157858,SINGLE PROTEIN
43 kDa receptor-associated protein of the synapse,CHEMBL2163166,SINGLE PROTEIN
S-methylmethionine--homocysteine S-methyltransferase BHMT2,CHEMBL2163167,SINGLE PROTEIN
Gamma-butyrobetaine dioxygenase,CHEMBL2163175,SINGLE PROTEIN
Lysine-specific demethylase 5C,CHEMBL2163176,SINGLE PROTEIN
Lysine-specific demethylase 7A,CHEMBL2163177,SINGLE PROTEIN
Antithrombin,CHEMBL2163180,SINGLE PROTEIN
NAD-dependent protein deacylase sirtuin-6,CHEMBL2163182,SINGLE PROTEIN
"NAD-dependent protein deacylase sirtuin-5, mitochondrial",CHEMBL2163183,SINGLE PROTEIN
NAD-dependent protein deacetylase sirtuin-7,CHEMBL2163184,SINGLE PROTEIN
"NAD-dependent protein lipoamidase sirtuin-4, mitochondrial",CHEMBL2163185,SINGLE PROTEIN
Glutathione peroxidase 1,CHEMBL2163186,SINGLE PROTEIN
N-lysine methyltransferase SMYD2,CHEMBL2169716,SINGLE PROTEIN
Pancreatic lipase-related protein 2,CHEMBL2169728,SINGLE PROTEIN
NQO1 protein,CHEMBL2169730,SINGLE PROTEIN
NADPH--cytochrome P450 reductase,CHEMBL2169731,SINGLE PROTEIN
2-Hydroxyacid oxidase 2,CHEMBL2169732,SINGLE PROTEIN
7-dehydrocholesterol reductase,CHEMBL2169735,SINGLE PROTEIN
Tyrosyl-DNA phosphodiesterase 2,CHEMBL2169736,SINGLE PROTEIN
Spermine oxidase,CHEMBL2176769,SINGLE PROTEIN
Complement factor D,CHEMBL2176771,SINGLE PROTEIN
E3 ubiquitin-protein ligase TRIM33,CHEMBL2176772,SINGLE PROTEIN
PH-interacting protein,CHEMBL2176773,SINGLE PROTEIN
Bromodomain-containing protein 1,CHEMBL2176774,SINGLE PROTEIN
ATPase family AAA domain-containing protein 2B,CHEMBL2176775,SINGLE PROTEIN
Sentrin-specific protease 2,CHEMBL2176776,SINGLE PROTEIN
Protein mono-ADP-ribosyltransferase PARP14,CHEMBL2176777,SINGLE PROTEIN
Protein mono-ADP-ribosyltransferase PARP15,CHEMBL2176778,SINGLE PROTEIN
Toll-like receptor 5,CHEMBL2176839,SINGLE PROTEIN
Advanced glycosylation end product-specific receptor,CHEMBL2176846,SINGLE PROTEIN
C-type lectin domain family 4 member K,CHEMBL2176853,SINGLE PROTEIN
Macrophage mannose receptor 1,CHEMBL2176854,SINGLE PROTEIN
C-type lectin domain family 4 member C,CHEMBL2176855,SINGLE PROTEIN
C-type lectin domain family 6 member A,CHEMBL2176856,SINGLE PROTEIN
Pulmonary surfactant-associated protein D,CHEMBL2176857,SINGLE PROTEIN
C-type lectin domain family 4 member M,CHEMBL2176858,SINGLE PROTEIN
Histone-lysine N-methyltransferase EZH2,CHEMBL2189110,SINGLE PROTEIN
Histone-lysine N-methyltransferase SETMAR,CHEMBL2189111,SINGLE PROTEIN
Histone-lysine N-methyltransferase 2B,CHEMBL2189112,SINGLE PROTEIN
Histone-lysine N-methyltransferase 2C,CHEMBL2189113,SINGLE PROTEIN
Histone-lysine N-methyltransferase 2D,CHEMBL2189114,SINGLE PROTEIN
Histone-lysine N-methyltransferase EZH1,CHEMBL2189116,SINGLE PROTEIN
Polycomb protein EED,CHEMBL2189117,SINGLE PROTEIN
Polycomb protein SUZ12,CHEMBL2189118,SINGLE PROTEIN
Histone-binding protein RBBP4,CHEMBL2189120,SINGLE PROTEIN
GTPase KRas,CHEMBL2189121,SINGLE PROTEIN
DnaJ homolog subfamily A member 1,CHEMBL2189122,SINGLE PROTEIN
Arylsulfatase G,CHEMBL2189124,SINGLE PROTEIN
Testis-expressed protein 30,CHEMBL2189125,SINGLE PROTEIN
Calcium-independent phospholipase A2-gamma,CHEMBL2189126,SINGLE PROTEIN
Monoacylglycerol lipase ABHD6,CHEMBL2189127,SINGLE PROTEIN
Prolyl endopeptidase-like,CHEMBL2189128,SINGLE PROTEIN
Patatin-like phospholipase domain-containing protein 6,CHEMBL2189129,SINGLE PROTEIN
S-formylglutathione hydrolase,CHEMBL2189130,SINGLE PROTEIN
Retinoid-inducible serine carboxypeptidase,CHEMBL2189131,SINGLE PROTEIN
Alpha/beta hydrolase domain-containing protein 17B,CHEMBL2189132,SINGLE PROTEIN
Lysophospholipase-like protein 1,CHEMBL2189133,SINGLE PROTEIN
sn-1-specific diacylglycerol lipase ABHD11,CHEMBL2189134,SINGLE PROTEIN
"Acyl-coenzyme A thioesterase 2, mitochondrial",CHEMBL2189135,SINGLE PROTEIN
Acyl-coenzyme A thioesterase 1,CHEMBL2189136,SINGLE PROTEIN
Lysosomal thioesterase PPT2,CHEMBL2189137,SINGLE PROTEIN
"Aspartate aminotransferase, cytoplasmic",CHEMBL2189139,SINGLE PROTEIN
Phosphoinositide 3-kinase regulatory subunit 4,CHEMBL2189144,SINGLE PROTEIN
Myosin-9,CHEMBL2189151,SINGLE PROTEIN
"Thioredoxin, mitochondrial",CHEMBL2189153,SINGLE PROTEIN
Cytochrome c,CHEMBL2189163,SINGLE PROTEIN
A-type potassium channel modulatory protein KCNIP2,CHEMBL2189164,SINGLE PROTEIN
"Carnitine O-palmitoyltransferase 1, muscle isoform",CHEMBL2216739,SINGLE PROTEIN
Mitochondrial carnitine/acylcarnitine carrier protein,CHEMBL2216740,SINGLE PROTEIN
Hypoxia up-regulated protein 1,CHEMBL2216741,SINGLE PROTEIN
Heterogeneous nuclear ribonucleoproteins C1/C2,CHEMBL2216742,SINGLE PROTEIN
Leucine-rich repeat-containing protein 59,CHEMBL2216743,SINGLE PROTEIN
Vacuolar protein sorting-associated protein 35,CHEMBL2216744,SINGLE PROTEIN
FKBP12A/mTOR,CHEMBL2221341,PROTEIN COMPLEX
Complex of retinoic acid binding (CRABPII) and inhibitor of apoptosis (cIAP1) proteins,CHEMBL2221342,PROTEIN COMPLEX
Tumour suppressor protein p53/Mdm4,CHEMBL2221344,PROTEIN-PROTEIN INTERACTION
"Hypoxia inducible factors; HIF-1-alpha, HIF-2-alpha",CHEMBL2221345,PROTEIN FAMILY
"Neuronal acetylcholine receptors; alpha-3/beta-4, alpha-5, beta-2",CHEMBL2221346,PROTEIN COMPLEX GROUP
"Voltage-gated potassium channel, IKs; KCNQ1(Kv7.1)/KCNE1(MinK)",CHEMBL2221347,PROTEIN COMPLEX
"Voltage-gated potassium channel, KQT; KCNQ2(Kv7.2)/KCNQ3(Kv7.3)",CHEMBL2221348,PROTEIN COMPLEX
Dual specificity protein phosphatase 26,CHEMBL2295562,SINGLE PROTEIN
"3-phosphoinositide dependent protein kinase-2, PDK2",CHEMBL2311041,UNKNOWN
DNA,CHEMBL2311221,NUCLEIC-ACID
RNA,CHEMBL2311222,NUCLEIC-ACID
Cell division control protein 6 homolog,CHEMBL2311228,SINGLE PROTEIN
Vacuolar protein sorting-associated protein 4B,CHEMBL2311229,SINGLE PROTEIN
ATPase family gene 2 protein homolog A,CHEMBL2311230,SINGLE PROTEIN
Vesicle-fusing ATPase,CHEMBL2311231,SINGLE PROTEIN
Endoribonuclease Dicer,CHEMBL2311232,SINGLE PROTEIN
High mobility group protein B1,CHEMBL2311236,SINGLE PROTEIN
Emopamil-binding protein-like,CHEMBL2311238,SINGLE PROTEIN
Laforin,CHEMBL2311242,SINGLE PROTEIN
D-3-phosphoglycerate dehydrogenase,CHEMBL2311243,SINGLE PROTEIN
Cadherin-1,CHEMBL2321609,SINGLE PROTEIN
Potassium channel subfamily K member 3,CHEMBL2321613,SINGLE PROTEIN
Potassium channel subfamily K member 9,CHEMBL2321614,SINGLE PROTEIN
Potassium channel subfamily K member 2,CHEMBL2321615,SINGLE PROTEIN
Protein Red,CHEMBL2321616,SINGLE PROTEIN
Potassium voltage-gated channel subfamily B member 2,CHEMBL2321618,SINGLE PROTEIN
Ubiquitin-like modifier-activating enzyme ATG7,CHEMBL2321621,SINGLE PROTEIN
Ubiquitin-like modifier-activating enzyme 6,CHEMBL2321622,SINGLE PROTEIN
Ubiquitin-like modifier-activating enzyme 7,CHEMBL2321623,SINGLE PROTEIN
Atypical chemokine receptor 1,CHEMBL2321626,SINGLE PROTEIN
C-C chemokine receptor-like 2,CHEMBL2321627,SINGLE PROTEIN
C-C chemokine receptor type 10,CHEMBL2321628,SINGLE PROTEIN
"Protein O-linked-mannose beta-1,2-N-acetylglucosaminyltransferase 1",CHEMBL2321629,SINGLE PROTEIN
"Alpha-1,6-mannosyl-glycoprotein 2-beta-N-acetylglucosaminyltransferase",CHEMBL2321630,SINGLE PROTEIN
"Acetylgalactosaminyl-O-glycosyl-glycoprotein beta-1,3-N-acetylglucosaminyltransferase",CHEMBL2321631,SINGLE PROTEIN
"Beta-1,3-galactosyl-O-glycosyl-glycoprotein beta-1,6-N-acetylglucosaminyltransferase",CHEMBL2321632,SINGLE PROTEIN
Glycoprotein-N-acetylgalactosamine 3-beta-galactosyltransferase 1,CHEMBL2321633,SINGLE PROTEIN
"Beta-1,3-galactosyltransferase 1",CHEMBL2321634,SINGLE PROTEIN
"Beta-1,3-galactosyltransferase 5",CHEMBL2321635,SINGLE PROTEIN
SH2 domain-containing protein 1A,CHEMBL2321636,SINGLE PROTEIN
Kinesin-like protein KIF9,CHEMBL2321637,SINGLE PROTEIN
Histo-blood group ABO system transferase,CHEMBL2321639,SINGLE PROTEIN
"Frataxin, mitochondrial",CHEMBL2321640,SINGLE PROTEIN
Histone-lysine N-methyltransferase SMYD3,CHEMBL2321643,SINGLE PROTEIN
Histone-lysine N-methyltransferase KMT5C,CHEMBL2321644,SINGLE PROTEIN
Histone-lysine N-methyltransferase KMT5B,CHEMBL2321645,SINGLE PROTEIN
Histone-lysine N-methyltransferase SETDB1,CHEMBL2321646,SINGLE PROTEIN
Potassium channel subfamily K member 10,CHEMBL2331041,SINGLE PROTEIN
Potassium channel subfamily K member 18,CHEMBL2331042,SINGLE PROTEIN
Sodium channel alpha subunit,CHEMBL2331043,PROTEIN FAMILY
Myelin transcription factor 1,CHEMBL2331044,SINGLE PROTEIN
Transmembrane protease serine 4,CHEMBL2331048,SINGLE PROTEIN
Disintegrin and metalloproteinase domain-containing protein 15,CHEMBL2331050,SINGLE PROTEIN
Palmitoyl-protein thioesterase 1,CHEMBL2331051,SINGLE PROTEIN
"6-phosphofructo-2-kinase/fructose-2,6-bisphosphatase 3",CHEMBL2331053,SINGLE PROTEIN
26S proteasome non-ATPase regulatory subunit 10,CHEMBL2331054,SINGLE PROTEIN
GRB10-interacting GYF protein 2,CHEMBL2331055,SINGLE PROTEIN
Lysophosphatidic acid receptor 6,CHEMBL2331058,SINGLE PROTEIN
Delta(24)-sterol reductase,CHEMBL2331059,SINGLE PROTEIN
"Phosphatidylinositol 3,4,5-trisphosphate 5-phosphatase 2",CHEMBL2331064,SINGLE PROTEIN
Alpha-ketoglutarate-dependent dioxygenase FTO,CHEMBL2331065,SINGLE PROTEIN
Alkaline ceramidase 2,CHEMBL2331067,SINGLE PROTEIN
Adrenergic receptor,CHEMBL2331074,PROTEIN FAMILY
D2-like dopamine receptor,CHEMBL2331075,PROTEIN FAMILY
Transcription factor MafK,CHEMBL2346484,SINGLE PROTEIN
Nicotinamide N-methyltransferase,CHEMBL2346486,SINGLE PROTEIN
Proliferating cell nuclear antigen,CHEMBL2346488,SINGLE PROTEIN
Kit ligand,CHEMBL2346489,SINGLE PROTEIN
Cyclin-K,CHEMBL2346490,SINGLE PROTEIN
A disintegrin and metalloproteinase with thrombospondin motifs 13,CHEMBL2346492,SINGLE PROTEIN
Frizzled-1,CHEMBL2346493,SINGLE PROTEIN
Protein S100-A4,CHEMBL2362976,SINGLE PROTEIN
DNA repair protein RAD52 homolog,CHEMBL2362978,SINGLE PROTEIN
Probable global transcription activator SNF2L2,CHEMBL2362979,SINGLE PROTEIN
Paired box protein Pax-8,CHEMBL2362980,SINGLE PROTEIN
TAR DNA-binding protein 43,CHEMBL2362981,SINGLE PROTEIN
Fibroblast growth factor 22,CHEMBL2362983,SINGLE PROTEIN
Phospholipid-transporting ATPase ABCA1,CHEMBL2362986,SINGLE PROTEIN
"Carbamoyl-phosphate synthase [ammonia], mitochondrial",CHEMBL2362990,SINGLE PROTEIN
Amidophosphoribosyltransferase,CHEMBL2362992,SINGLE PROTEIN
Voltage-gated T-type calcium channel,CHEMBL2362995,PROTEIN FAMILY
Voltage-gated potassium channel,CHEMBL2362996,PROTEIN FAMILY
Muscle-type nicotinic acetylcholine receptor,CHEMBL2362997,PROTEIN COMPLEX GROUP
Potassium voltage-gated channel subfamily B member 1,CHEMBL2363000,SINGLE PROTEIN
Potassium voltage-gated channel subfamily A member 10,CHEMBL2363001,SINGLE PROTEIN
Voltage-gated potassium channel KCNC2,CHEMBL2363009,SINGLE PROTEIN
Voltage-gated inwardly rectifying potassium channel KCNH6,CHEMBL2363011,SINGLE PROTEIN
Voltage-gated inwardly rectifying potassium channel KCNH3,CHEMBL2363017,SINGLE PROTEIN
Voltage-gated calcium channel,CHEMBL2363032,PROTEIN COMPLEX GROUP
Sphingosine 1-phosphate receptor,CHEMBL2363041,PROTEIN FAMILY
DNA polymerase (alpha/delta/epsilon),CHEMBL2363042,PROTEIN FAMILY
Ephrin receptor,CHEMBL2363043,PROTEIN FAMILY
Alcohol dehydrogenase class I,CHEMBL2363044,PROTEIN COMPLEX GROUP
Epidermal growth factor receptor,CHEMBL2363049,PROTEIN FAMILY
Glycine receptor (alpha-1/beta),CHEMBL2363052,PROTEIN COMPLEX
Glycoproteins,CHEMBL2363054,MACROMOLECULE
Hydroxyapatite,CHEMBL2363055,MACROMOLECULE
Janus Kinase (JAK),CHEMBL2363062,PROTEIN FAMILY
KCNQ (Kv7) potassium channel,CHEMBL2363063,PROTEIN FAMILY
Monoamine transporter,CHEMBL2363064,PROTEIN FAMILY
Mitochondrial complex I (NADH dehydrogenase),CHEMBL2363065,PROTEIN COMPLEX
"3',5'-cyclic phosphodiesterase",CHEMBL2363066,PROTEIN FAMILY
Phosphodiesterase 8,CHEMBL2363067,PROTEIN FAMILY
Prostaglandin E2 receptor,CHEMBL2363068,PROTEIN FAMILY
Retinoic acid receptor,CHEMBL2363069,PROTEIN FAMILY
Retinoid X receptor,CHEMBL2363070,PROTEIN FAMILY
Retinoid receptor,CHEMBL2363071,PROTEIN FAMILY
Retinoid X receptor gamma/retinoic acid receptor alpha,CHEMBL2363072,PROTEIN COMPLEX
SRC,CHEMBL2363074,PROTEIN FAMILY
Steroid 5-alpha-reductase,CHEMBL2363075,PROTEIN FAMILY
Vasopressin receptor,CHEMBL2363078,PROTEIN FAMILY
Cystine,CHEMBL2364039,SMALL MOLECULE
Interleukin-12,CHEMBL2364153,PROTEIN COMPLEX
Interleukin-23,CHEMBL2364154,PROTEIN COMPLEX
Interleukin-6 receptor subunit alpha,CHEMBL2364155,SINGLE PROTEIN
T-lymphocyte activation antigen CD86,CHEMBL2364156,SINGLE PROTEIN
T-lymphocyte activation antigen CD80,CHEMBL2364157,SINGLE PROTEIN
Tumor necrosis factor ligand superfamily member 13B,CHEMBL2364158,SINGLE PROTEIN
Synaptosomal-associated protein 25,CHEMBL2364159,SINGLE PROTEIN
Vesicle-associated membrane protein 2,CHEMBL2364160,SINGLE PROTEIN
Tumor necrosis factor receptor superfamily member 8,CHEMBL2364161,SINGLE PROTEIN
Tumor necrosis factor ligand superfamily member 11,CHEMBL2364162,SINGLE PROTEIN
Complement C5,CHEMBL2364163,SINGLE PROTEIN
Cytotoxic T-lymphocyte protein 4,CHEMBL2364164,SINGLE PROTEIN
Interleukin-2 receptor,CHEMBL2364167,PROTEIN COMPLEX
T cell surface glycoprotein CD3,CHEMBL2364168,PROTEIN COMPLEX
Granulocyte-macrophage colony-stimulating factor receptor,CHEMBL2364169,PROTEIN COMPLEX
Interferon alpha/beta receptor,CHEMBL2364170,PROTEIN COMPLEX
Interferon gamma receptor,CHEMBL2364171,PROTEIN COMPLEX
Integrin alpha-L/beta-2 (LFA-1),CHEMBL2364172,PROTEIN COMPLEX
Amylin receptor AMY2; CALCR/RAMP2,CHEMBL2364173,PROTEIN COMPLEX
Bilirubin,CHEMBL2364174,SMALL MOLECULE
Bile acids,CHEMBL2364175,SMALL MOLECULE
Glucocerebroside,CHEMBL2364176,SMALL MOLECULE
2'-deoxyadenosine,CHEMBL2364177,SMALL MOLECULE
Adenosine,CHEMBL2364178,SMALL MOLECULE
Dermatan sulfate,CHEMBL2364179,OLIGOSACCHARIDE
Starch,CHEMBL2364180,OLIGOSACCHARIDE
Polypeptides,CHEMBL2364181,MACROMOLECULE
Sucrose,CHEMBL2364182,SMALL MOLECULE
Uric acid,CHEMBL2364183,SMALL MOLECULE
Phosphate,CHEMBL2364184,SMALL MOLECULE
Apo-B 100 mRNA,CHEMBL2364185,NUCLEIC-ACID
Laminin,CHEMBL2364187,PROTEIN COMPLEX GROUP
Collagen,CHEMBL2364188,PROTEIN COMPLEX GROUP
Cytochrome P450 3A,CHEMBL2364675,PROTEIN FAMILY
Heparan sulfate,CHEMBL2364677,OLIGOSACCHARIDE
Microsomal triglyceride transfer protein,CHEMBL2364681,PROTEIN COMPLEX
Slowly adapting pulmonary stretch receptor,CHEMBL2364682,UNKNOWN
26S proteasome,CHEMBL2364701,PROTEIN COMPLEX
Asparagine,CHEMBL2364706,SMALL MOLECULE
Calcium-activated chloride channel,CHEMBL2364708,PROTEIN FAMILY
Fibrinogen,CHEMBL2364709,PROTEIN COMPLEX
Fatty acids,CHEMBL2364711,SMALL MOLECULE
Heparin,CHEMBL2364712,OLIGOSACCHARIDE
Glutamine,CHEMBL2366039,SMALL MOLECULE
Globotriosylceramide,CHEMBL2366040,SMALL MOLECULE
ATP,CHEMBL2366048,SMALL MOLECULE
CPC-N,CHEMBL2366061,CELL-LINE
MONO-MAC-6,CHEMBL2366062,CELL-LINE
HCC1599,CHEMBL2366063,CELL-LINE
NB17,CHEMBL2366064,CELL-LINE
KP-N-YS,CHEMBL2366065,CELL-LINE
LP-1,CHEMBL2366066,CELL-LINE
SIMA,CHEMBL2366067,CELL-LINE
ONS-76,CHEMBL2366068,CELL-LINE
ES8,CHEMBL2366069,CELL-LINE
MN-60,CHEMBL2366070,CELL-LINE
no-10,CHEMBL2366071,CELL-LINE
LS-1034,CHEMBL2366072,CELL-LINE
NCI-H1155,CHEMBL2366073,CELL-LINE
GI-ME-N,CHEMBL2366074,CELL-LINE
NCI-H1963,CHEMBL2366075,CELL-LINE
CP50-MEL-B,CHEMBL2366076,CELL-LINE
NCI-H82,CHEMBL2366077,CELL-LINE
RH-1,CHEMBL2366078,CELL-LINE
DSH1,CHEMBL2366079,CELL-LINE
CRO-AP2,CHEMBL2366080,CELL-LINE
SCC-3,CHEMBL2366081,CELL-LINE
NCI-H2081,CHEMBL2366082,CELL-LINE
TT,CHEMBL2366083,CELL-LINE
MEG-01,CHEMBL2366084,CELL-LINE
SKM-1,CHEMBL2366085,CELL-LINE
TE-15,CHEMBL2366086,CELL-LINE
NCI-H747,CHEMBL2366087,CELL-LINE
NCI-H378,CHEMBL2366088,CELL-LINE
TGBC1TKB,CHEMBL2366089,CELL-LINE
LAMA-84,CHEMBL2366090,CELL-LINE
LC4-1,CHEMBL2366091,CELL-LINE
TE-1,CHEMBL2366092,CELL-LINE
TGBC24TKB,CHEMBL2366093,CELL-LINE
IST-MEL1,CHEMBL2366094,CELL-LINE
CP67-MEL,CHEMBL2366095,CELL-LINE
SK-LMS-1,CHEMBL2366096,CELL-LINE
EW-18,CHEMBL2366097,CELL-LINE
U-698-M,CHEMBL2366098,CELL-LINE
LB771-HNC,CHEMBL2366099,CELL-LINE
CAS-1,CHEMBL2366100,CELL-LINE
IST-SL2,CHEMBL2366101,CELL-LINE
NCI-H526,CHEMBL2366102,CELL-LINE
MOLT-13,CHEMBL2366103,CELL-LINE
IST-SL1,CHEMBL2366104,CELL-LINE
NCI-H720,CHEMBL2366105,CELL-LINE
NCI-H716,CHEMBL2366106,CELL-LINE
KP-N-RT-BM-1,CHEMBL2366107,CELL-LINE
SK-PN-DW,CHEMBL2366108,CELL-LINE
BOKU,CHEMBL2366109,CELL-LINE
LB996-RCC,CHEMBL2366110,CELL-LINE
GR-ST,CHEMBL2366111,CELL-LINE
EW-7,CHEMBL2366112,CELL-LINE
D-336MG,CHEMBL2366113,CELL-LINE
YT,CHEMBL2366114,CELL-LINE
8-MG-BA,CHEMBL2366115,CELL-LINE
ETK-1,CHEMBL2366116,CELL-LINE
ECC10,CHEMBL2366117,CELL-LINE
ES4,CHEMBL2366118,CELL-LINE
KURAMOCHI,CHEMBL2366119,CELL-LINE
SK-N-FI,CHEMBL2366120,CELL-LINE
OCUB-M,CHEMBL2366121,CELL-LINE
NCI-H2107,CHEMBL2366122,CELL-LINE
LAN-6,CHEMBL2366123,CELL-LINE
EW-13,CHEMBL2366124,CELL-LINE
MS-1,CHEMBL2366125,CELL-LINE
HCC2157,CHEMBL2366126,CELL-LINE
MHH-PREB-1,CHEMBL2366127,CELL-LINE
CHP-134,CHEMBL2366128,CELL-LINE
HT,CHEMBL2366130,CELL-LINE
BPH-1,CHEMBL2366131,CELL-LINE
LU-165,CHEMBL2366132,CELL-LINE
NKM-1,CHEMBL2366133,CELL-LINE
D-423MG,CHEMBL2366134,CELL-LINE
ES3,CHEMBL2366135,CELL-LINE
LB1047-RCC,CHEMBL2366136,CELL-LINE
CHP-126,CHEMBL2366137,CELL-LINE
MZ7-mel,CHEMBL2366138,CELL-LINE
HCE-T,CHEMBL2366139,CELL-LINE
LB647-SCLC,CHEMBL2366140,CELL-LINE
NOS-1,CHEMBL2366141,CELL-LINE
HAL-01,CHEMBL2366142,CELL-LINE
SW684,CHEMBL2366143,CELL-LINE
TE-6,CHEMBL2366144,CELL-LINE
BV-173,CHEMBL2366145,CELL-LINE
ES1,CHEMBL2366146,CELL-LINE
TE-9,CHEMBL2366147,CELL-LINE
GT3TKB,CHEMBL2366148,CELL-LINE
NCI-H1417,CHEMBL2366149,CELL-LINE
NBsusSR,CHEMBL2366150,CELL-LINE
SK-MG-1,CHEMBL2366151,CELL-LINE
K5,CHEMBL2366152,CELL-LINE
L-540,CHEMBL2366153,CELL-LINE
KGN,CHEMBL2366154,CELL-LINE
KALS-1,CHEMBL2366155,CELL-LINE
KARPAS-299,CHEMBL2366156,CELL-LINE
GDM-1,CHEMBL2366157,CELL-LINE
TI-73,CHEMBL2366158,CELL-LINE
RS4-11,CHEMBL2366159,CELL-LINE
NCI-H2126,CHEMBL2366160,CELL-LINE
D-392MG,CHEMBL2366161,CELL-LINE
EW-22,CHEMBL2366162,CELL-LINE
NCI-H748,CHEMBL2366163,CELL-LINE
YH-13,CHEMBL2366164,CELL-LINE
P30-OHK,CHEMBL2366165,CELL-LINE
TE-11,CHEMBL2366166,CELL-LINE
DMS-153,CHEMBL2366167,CELL-LINE
RL95-2,CHEMBL2366168,CELL-LINE
NCI-H889,CHEMBL2366169,CELL-LINE
Ramos-2G6-4C10,CHEMBL2366170,CELL-LINE
NCI-H1770,CHEMBL2366171,CELL-LINE
LNCaP-Clone-FGC,CHEMBL2366172,CELL-LINE
BL-41,CHEMBL2366173,CELL-LINE
CW-2,CHEMBL2366174,CELL-LINE
RL,CHEMBL2366175,CELL-LINE
COLO-684,CHEMBL2366176,CELL-LINE
CMK,CHEMBL2366177,CELL-LINE
NCI-H1522,CHEMBL2366178,CELL-LINE
GOTO,CHEMBL2366179,CELL-LINE
ECC12,CHEMBL2366180,CELL-LINE
DOHH-2,CHEMBL2366181,CELL-LINE
TE-8,CHEMBL2366182,CELL-LINE
D-263MG,CHEMBL2366183,CELL-LINE
NCI-H719,CHEMBL2366184,CELL-LINE
MHH-NB-11,CHEMBL2366185,CELL-LINE
DEL,CHEMBL2366186,CELL-LINE
RPMI-6666,CHEMBL2366187,CELL-LINE
OS-RC-2,CHEMBL2366188,CELL-LINE
LS-411N,CHEMBL2366189,CELL-LINE
KY821,CHEMBL2366190,CELL-LINE
RCC10RGB,CHEMBL2366191,CELL-LINE
AM-38,CHEMBL2366192,CELL-LINE
WSU-NHL,CHEMBL2366193,CELL-LINE
IST-MES1,CHEMBL2366194,CELL-LINE
ACN,CHEMBL2366195,CELL-LINE
MMAC-SF,CHEMBL2366196,CELL-LINE
NCI-H2291,CHEMBL2366197,CELL-LINE
NOMO-1,CHEMBL2366198,CELL-LINE
DG-75,CHEMBL2366199,CELL-LINE
SU-DHL-1,CHEMBL2366200,CELL-LINE
NCI-H1395,CHEMBL2366201,CELL-LINE
HCC1187,CHEMBL2366202,CELL-LINE
KNS-81-FD,CHEMBL2366203,CELL-LINE
MZ1-PC,CHEMBL2366204,CELL-LINE
NCI-H1436,CHEMBL2366205,CELL-LINE
EW-24,CHEMBL2366206,CELL-LINE
HCE-4,CHEMBL2366207,CELL-LINE
D-542MG,CHEMBL2366208,CELL-LINE
IMR-5,CHEMBL2366209,CELL-LINE
NCI-H1882,CHEMBL2366210,CELL-LINE
MLMA,CHEMBL2366211,CELL-LINE
NB14,CHEMBL2366212,CELL-LINE
NCI-H2171,CHEMBL2366213,CELL-LINE
NCI-H1648,CHEMBL2366214,CELL-LINE
COLO-668,CHEMBL2366215,CELL-LINE
LC-1F,CHEMBL2366216,CELL-LINE
NCI-H2227,CHEMBL2366217,CELL-LINE
TUR,CHEMBL2366218,CELL-LINE
J-RT3-T3-5,CHEMBL2366219,CELL-LINE
OCI-AML2,CHEMBL2366220,CELL-LINE
HCC2218,CHEMBL2366221,CELL-LINE
LB831-BLC,CHEMBL2366222,CELL-LINE
EW-11,CHEMBL2366223,CELL-LINE
COLO-800,CHEMBL2366224,CELL-LINE
NB13,CHEMBL2366225,CELL-LINE
MZ2-MEL,CHEMBL2366226,CELL-LINE
NCI-H1355,CHEMBL2366227,CELL-LINE
KS-1,CHEMBL2366228,CELL-LINE
KINGS-1,CHEMBL2366229,CELL-LINE
Becker,CHEMBL2366230,CELL-LINE
HDLM-2,CHEMBL2366231,CELL-LINE
SK-MM-2,CHEMBL2366232,CELL-LINE
L-428,CHEMBL2366233,CELL-LINE
GCIY,CHEMBL2366234,CELL-LINE
PF-382,CHEMBL2366235,CELL-LINE
LU-134-A,CHEMBL2366236,CELL-LINE
D-247MG,CHEMBL2366237,CELL-LINE
SW982,CHEMBL2366238,CELL-LINE
KLE,CHEMBL2366239,CELL-LINE
EC-GI-10,CHEMBL2366240,CELL-LINE
ARH-77,CHEMBL2366241,CELL-LINE
MDA-MB-134-VI,CHEMBL2366242,CELL-LINE
NB10,CHEMBL2366243,CELL-LINE
KNS-62,CHEMBL2366244,CELL-LINE
TE-5,CHEMBL2366245,CELL-LINE
DU-4475,CHEMBL2366246,CELL-LINE
BB65-RCC,CHEMBL2366247,CELL-LINE
LU-139,CHEMBL2366248,CELL-LINE
Caov-4,CHEMBL2366249,CELL-LINE
KM-H2,CHEMBL2366250,CELL-LINE
SIG-M5,CHEMBL2366251,CELL-LINE
LOUCY,CHEMBL2366252,CELL-LINE
697,CHEMBL2366253,CELL-LINE
TALL-1,CHEMBL2366254,CELL-LINE
EW-12,CHEMBL2366255,CELL-LINE
MC116,CHEMBL2366256,CELL-LINE
KMS-12-PE,CHEMBL2366257,CELL-LINE
EHEB,CHEMBL2366258,CELL-LINE
VA-ES-BJ,CHEMBL2366259,CELL-LINE
LC-2-ad,CHEMBL2366260,CELL-LINE
KNS-42,CHEMBL2366261,CELL-LINE
MFH-ino,CHEMBL2366262,CELL-LINE
NH-12,CHEMBL2366263,CELL-LINE
DJM-1,CHEMBL2366264,CELL-LINE
COLO-320-HSR,CHEMBL2366265,CELL-LINE
NCI-H1304,CHEMBL2366266,CELL-LINE
L-363,CHEMBL2366267,CELL-LINE
TE-441-T,CHEMBL2366268,CELL-LINE
BALL-1,CHEMBL2366269,CELL-LINE
BB30-HNC,CHEMBL2366271,CELL-LINE
GI-1,CHEMBL2366272,CELL-LINE
A3-KAW,CHEMBL2366273,CELL-LINE
MC-CAR,CHEMBL2366274,CELL-LINE
COLO-829,CHEMBL2366275,CELL-LINE
NCI-H187,CHEMBL2366276,CELL-LINE
ATN-1,CHEMBL2366277,CELL-LINE
TE-12,CHEMBL2366278,CELL-LINE
SNU-C2B,CHEMBL2366279,CELL-LINE
KP-N-YN,CHEMBL2366280,CELL-LINE
EM-2,CHEMBL2366281,CELL-LINE
C2BBe1,CHEMBL2366283,CELL-LINE
NB1,CHEMBL2366284,CELL-LINE
NB12,CHEMBL2366285,CELL-LINE
MHH-CALL-2,CHEMBL2366286,CELL-LINE
KE-37,CHEMBL2366287,CELL-LINE
OC-314,CHEMBL2366288,CELL-LINE
NCI-H250,CHEMBL2366289,CELL-LINE
NCI-H1618,CHEMBL2366290,CELL-LINE
HT-144,CHEMBL2366291,CELL-LINE
GB-1,CHEMBL2366292,CELL-LINE
ST486,CHEMBL2366293,CELL-LINE
ALL-PO,CHEMBL2366294,CELL-LINE
BB49-HNC,CHEMBL2366295,CELL-LINE
LB373-MEL-D,CHEMBL2366296,CELL-LINE
ES7,CHEMBL2366297,CELL-LINE
SJSA-1,CHEMBL2366298,CELL-LINE
HC-1,CHEMBL2366299,CELL-LINE
CGTH-W-1,CHEMBL2366300,CELL-LINE
GAK,CHEMBL2366301,CELL-LINE
SW872,CHEMBL2366302,CELL-LINE
BE-13,CHEMBL2366303,CELL-LINE
SNU-C1,CHEMBL2366304,CELL-LINE
KARPAS-45,CHEMBL2366305,CELL-LINE
A101D,CHEMBL2366306,CELL-LINE
EW-3,CHEMBL2366307,CELL-LINE
TE-10,CHEMBL2366308,CELL-LINE
SH-4,CHEMBL2366309,CELL-LINE
HH,CHEMBL2366310,CELL-LINE
LS-513,CHEMBL2366311,CELL-LINE
ES5,CHEMBL2366312,CELL-LINE
C-33-A,CHEMBL2366313,CELL-LINE
SK-MEL-24,CHEMBL2366314,CELL-LINE
U-266,CHEMBL2366315,CELL-LINE
SK-UT-1,CHEMBL2366316,CELL-LINE
BL-70,CHEMBL2366317,CELL-LINE
NB6,CHEMBL2366318,CELL-LINE
NCI-H64,CHEMBL2366319,CELL-LINE
REH,CHEMBL2366320,CELL-LINE
HD-MY-Z,CHEMBL2366322,CELL-LINE
NCI-H2141,CHEMBL2366323,CELL-LINE
TC-YIK,CHEMBL2366324,CELL-LINE
MRK-nu-1,CHEMBL2366325,CELL-LINE
no-11,CHEMBL2366326,CELL-LINE
SBC-1,CHEMBL2366327,CELL-LINE
NB5,CHEMBL2366328,CELL-LINE
COR-L88,CHEMBL2366329,CELL-LINE
LB2241-RCC,CHEMBL2366330,CELL-LINE
DB,CHEMBL2366331,CELL-LINE
NCI-H510A,CHEMBL2366332,CELL-LINE
NCI-H1694,CHEMBL2366333,CELL-LINE
LS-123,CHEMBL2366334,CELL-LINE
LB2518-MEL,CHEMBL2366335,CELL-LINE
D-566MG,CHEMBL2366336,CELL-LINE
QIMR-WIL,CHEMBL2366337,CELL-LINE
EB2,CHEMBL2366338,CELL-LINE
OMC-1,CHEMBL2366339,CELL-LINE
NEC8,CHEMBL2366340,CELL-LINE
RPMI-8866,CHEMBL2366341,CELL-LINE
NCI-H524,CHEMBL2366342,CELL-LINE
D-502MG,CHEMBL2366343,CELL-LINE
CTB-1,CHEMBL2366344,CELL-LINE
NB7,CHEMBL2366345,CELL-LINE
NCI-H1838,CHEMBL2366346,CELL-LINE
KMOE-2,CHEMBL2366347,CELL-LINE
JEG-3,CHEMBL2366348,CELL-LINE
NMC-G1,CHEMBL2366349,CELL-LINE
RH-18,CHEMBL2366350,CELL-LINE
NCI-H1092,CHEMBL2366351,CELL-LINE
COR-L279,CHEMBL2366352,CELL-LINE
OPM-2,CHEMBL2366353,CELL-LINE
K052,CHEMBL2366354,CELL-LINE
A388,CHEMBL2366355,CELL-LINE
A4-Fuk,CHEMBL2366356,CELL-LINE
MPP-89,CHEMBL2366357,CELL-LINE
EW-16,CHEMBL2366358,CELL-LINE
JVM-2,CHEMBL2366359,CELL-LINE
CTV-1,CHEMBL2366360,CELL-LINE
CESS,CHEMBL2366361,CELL-LINE
MOLT-16,CHEMBL2366362,CELL-LINE
CP66-MEL,CHEMBL2366363,CELL-LINE
EW-1,CHEMBL2366364,CELL-LINE
NCI-H209,CHEMBL2366365,CELL-LINE
IA-LM,CHEMBL2366366,CELL-LINE
ECC4,CHEMBL2366367,CELL-LINE
KARPAS-422,CHEMBL2366368,CELL-LINE
EB-3,CHEMBL2366369,CELL-LINE
P31-FUJ,CHEMBL2366370,CELL-LINE
BC-3,CHEMBL2366371,CELL-LINE
JVM-3,CHEMBL2366372,CELL-LINE
ES6,CHEMBL2366373,CELL-LINE
TGBC11TKB,CHEMBL2366374,CELL-LINE
Liver cytosol,CHEMBL2367378,TISSUE
Liver microsome,CHEMBL2367379,TISSUE
Whole blood,CHEMBL2367389,TISSUE
Epidermis,CHEMBL2367393,TISSUE
Epidermal microsome,CHEMBL2367438,TISSUE
Dermis,CHEMBL2367439,TISSUE
Tyrosine-protein kinase transmembrane receptor ROR2,CHEMBL2375201,SINGLE PROTEIN
Lymphocyte antigen 96,CHEMBL2375202,SINGLE PROTEIN
Acyl-CoA wax alcohol acyltransferase 2,CHEMBL2375204,SINGLE PROTEIN
Acyl-CoA wax alcohol acyltransferase 1,CHEMBL2375205,SINGLE PROTEIN
"Beta-1,4-mannosyl-glycoprotein 4-beta-N-acetylglucosaminyltransferase",CHEMBL2375206,SINGLE PROTEIN
"Alpha-1,3-mannosyl-glycoprotein 2-beta-N-acetylglucosaminyltransferase",CHEMBL2375207,SINGLE PROTEIN
Protein mono-ADP-ribosyltransferase PARP6,CHEMBL2380187,SINGLE PROTEIN
Protein mono-ADP-ribosyltransferase TIPARP,CHEMBL2380188,SINGLE PROTEIN
Protein mono-ADP-ribosyltransferase PARP11,CHEMBL2380189,SINGLE PROTEIN
Calcium release-activated calcium channel protein 1,CHEMBL2384891,SINGLE PROTEIN
Monocyte differentiation antigen CD14,CHEMBL2384897,SINGLE PROTEIN
N-arachidonyl glycine receptor,CHEMBL2384898,SINGLE PROTEIN
Microtubule-associated protein 2,CHEMBL2390810,SINGLE PROTEIN
Urea transporter 1,CHEMBL2390814,SINGLE PROTEIN
Dual specificity protein phosphatase 23,CHEMBL2396506,SINGLE PROTEIN
Dual specificity protein phosphatase 15,CHEMBL2396507,SINGLE PROTEIN
Receptor-type tyrosine-protein phosphatase S,CHEMBL2396508,SINGLE PROTEIN
Tyrosine-protein phosphatase non-receptor type 3,CHEMBL2396509,SINGLE PROTEIN
Dual specificity protein phosphatase 10,CHEMBL2396511,SINGLE PROTEIN
Mothers against decapentaplegic homolog 2,CHEMBL2396512,SINGLE PROTEIN
N-acylneuraminate-9-phosphatase,CHEMBL2401602,SINGLE PROTEIN
H(+)/Cl(-) exchange transporter 3,CHEMBL2401603,SINGLE PROTEIN
Transcription factor ETV6,CHEMBL2401606,SINGLE PROTEIN
Cyclin-C,CHEMBL2401607,SINGLE PROTEIN
Myoglobin,CHEMBL2406892,SINGLE PROTEIN
G protein-activated inward rectifier potassium channel 2,CHEMBL2406895,SINGLE PROTEIN
Cytochrome P450 2W1,CHEMBL2406897,SINGLE PROTEIN
Nuclear receptor corepressor 1,CHEMBL2406898,SINGLE PROTEIN
Ubiquitin carboxyl-terminal hydrolase 9X,CHEMBL2406899,SINGLE PROTEIN
Ubiquitin carboxyl-terminal hydrolase 4,CHEMBL2406900,SINGLE PROTEIN
Short transient receptor potential channel 6,CHEMBL2417347,SINGLE PROTEIN
Short transient receptor potential channel 3,CHEMBL2417348,SINGLE PROTEIN
Microtubule-associated serine/threonine-protein kinase 4,CHEMBL2417351,SINGLE PROTEIN
Microtubule-associated serine/threonine-protein kinase 3,CHEMBL2417352,SINGLE PROTEIN
Serine/threonine-protein kinase Nek8,CHEMBL2417353,SINGLE PROTEIN
"Acylglycerol kinase, mitochondrial",CHEMBL2417354,SINGLE PROTEIN
Microtubule-associated serine/threonine-protein kinase 2,CHEMBL2417355,SINGLE PROTEIN
Lysine-specific demethylase 5A,CHEMBL2424504,SINGLE PROTEIN
Peptidyl-prolyl cis-trans isomerase C,CHEMBL2424505,SINGLE PROTEIN
PHD finger protein 23,CHEMBL2424508,SINGLE PROTEIN
TP53-binding protein 1,CHEMBL2424509,SINGLE PROTEIN
E3 ubiquitin-protein ligase UHRF1,CHEMBL2424510,SINGLE PROTEIN
Protein mono-ADP-ribosyltransferase PARP10,CHEMBL2429708,SINGLE PROTEIN
Protein mono-ADP-ribosyltransferase PARP12,CHEMBL2429709,SINGLE PROTEIN
2-acylglycerol O-acyltransferase 2,CHEMBL2439944,SINGLE PROTEIN
AMPK alpha1/beta1/gamma2,CHEMBL3038451,PROTEIN COMPLEX
AMPK alpha1/beta1/gamma3,CHEMBL3038452,PROTEIN COMPLEX
AMPK alpha1/beta2/gamma1,CHEMBL3038453,PROTEIN COMPLEX
AMPK alpha1/alpha2,CHEMBL3038454,PROTEIN COMPLEX
AMPK alpha2/beta1/gamma1,CHEMBL3038455,PROTEIN COMPLEX
AMPK alpha2/beta2/gamma1,CHEMBL3038456,PROTEIN COMPLEX
AMPK alpha2/beta2/gamma3,CHEMBL3038457,PROTEIN COMPLEX
Nicotinic acetylcholine receptor alpha2/beta2,CHEMBL3038458,PROTEIN COMPLEX
Nicotinic acetylcholine receptor alpha2/beta4,CHEMBL3038459,PROTEIN COMPLEX
Nicotinic acetylcholine receptor alpha4/beta2/alpha5,CHEMBL3038461,PROTEIN COMPLEX
AKT/p21CIP1,CHEMBL3038463,PROTEIN COMPLEX
Axin1/beta-catenin,CHEMBL3038464,PROTEIN COMPLEX
cIAP1/cIAP2,CHEMBL3038465,PROTEIN FAMILY
Calpain1/2,CHEMBL3038466,PROTEIN FAMILY
CDK1/Cyclin A,CHEMBL3038467,PROTEIN COMPLEX
CDK1/Cyclin E,CHEMBL3038468,PROTEIN COMPLEX
CDK2/Cyclin A2,CHEMBL3038469,PROTEIN COMPLEX
CDK2/Cyclin A1,CHEMBL3038470,PROTEIN COMPLEX
CDK3/Cyclin E,CHEMBL3038471,PROTEIN COMPLEX
CDK4/Cyclin D3,CHEMBL3038472,PROTEIN COMPLEX
CDK7/Cyclin H/MNAT1,CHEMBL3038473,PROTEIN COMPLEX
CDK8/Cyclin C,CHEMBL3038474,PROTEIN COMPLEX
CDK9/Cyclin K,CHEMBL3038475,PROTEIN COMPLEX
ORAI 1/2/3,CHEMBL3038476,PROTEIN FAMILY
Casein kinase II alpha/beta,CHEMBL3038477,PROTEIN COMPLEX
Dopamine receptor D2L/neurotensin receptor NTS1,CHEMBL3038478,PROTEIN COMPLEX
fMet-Leu-Phe receptor 1/2,CHEMBL3038479,PROTEIN FAMILY
Ionotropic glutamate receptor kainate 2/5,CHEMBL3038480,PROTEIN COMPLEX
Histone deacetylase 1/3/5/8,CHEMBL3038483,PROTEIN FAMILY
Histone deacetylase 3/NCoR1,CHEMBL3038484,PROTEIN COMPLEX
Beta-N-acetyl-D-hexosaminidase-A/B,CHEMBL3038485,PROTEIN FAMILY
IKK epsilon/TBK1,CHEMBL3038486,PROTEIN COMPLEX
Kir3.1/Kir3.4,CHEMBL3038488,PROTEIN COMPLEX
Kir3.1/Kir3.2,CHEMBL3038489,PROTEIN COMPLEX
Kir3.2/Kir3.3,CHEMBL3038490,PROTEIN COMPLEX
JAK3/JAK1,CHEMBL3038491,PROTEIN COMPLEX
JAK2/JAK1,CHEMBL3038492,PROTEIN COMPLEX
Casein kinase I/MDM2,CHEMBL3038493,PROTEIN COMPLEX
Casein kinase I delta/epsilon,CHEMBL3038494,PROTEIN COMPLEX
Calcium-activated potassium channel alpha/beta 1,CHEMBL3038495,PROTEIN COMPLEX
Lysine-specific demethylase 7A/7B,CHEMBL3038496,PROTEIN FAMILY
Keap1/Nrf2,CHEMBL3038498,PROTEIN-PROTEIN INTERACTION
TAK1/TAB1,CHEMBL3038499,PROTEIN COMPLEX
MAST1/MAST2,CHEMBL3038500,PROTEIN FAMILY
JNK2/JNK3,CHEMBL3038502,PROTEIN FAMILY
p38 delta/gamma,CHEMBL3038503,PROTEIN FAMILY
Ionotropic glutamate receptor NMDA 1/2C,CHEMBL3038504,PROTEIN COMPLEX
Ionotropic glutamate receptor NMDA 1/2D,CHEMBL3038505,PROTEIN COMPLEX
PI4KA/PI4KAP2,CHEMBL3038509,PROTEIN COMPLEX
PI3K p110 beta/p85 alpha,CHEMBL3038510,PROTEIN COMPLEX
TCF4/beta-catenin,CHEMBL3038511,PROTEIN COMPLEX
Toll-like receptor 4/MD-2,CHEMBL3038512,PROTEIN COMPLEX
Toll-like receptor 4/MD-2/CD14,CHEMBL3038513,PROTEIN COMPLEX
Tankyrase 1/2,CHEMBL3038515,PROTEIN FAMILY
CDK2/CDK4,CHEMBL3038517,PROTEIN FAMILY
G-protein coupled receptor 151,CHEMBL3085617,SINGLE PROTEIN
Probable G-protein coupled receptor 132,CHEMBL3085618,SINGLE PROTEIN
Transcription activator BRG1,CHEMBL3085620,SINGLE PROTEIN
Nucleosome-remodeling factor subunit BPTF,CHEMBL3085621,SINGLE PROTEIN
Bromodomain-containing protein 7,CHEMBL3085622,SINGLE PROTEIN
Protein mono-ADP-ribosyltransferase PARP8,CHEMBL3091262,SINGLE PROTEIN
G-protein coupled receptor 39,CHEMBL3091266,SINGLE PROTEIN
Nuclear receptor ROR-beta,CHEMBL3091268,SINGLE PROTEIN
Platelet-derived growth factor subunit B,CHEMBL3108633,SINGLE PROTEIN
Clathrin heavy chain 1,CHEMBL3108634,SINGLE PROTEIN
Transcription intermediary factor 1-alpha,CHEMBL3108638,SINGLE PROTEIN
Chromatin remodeling regulator CECR2,CHEMBL3108639,SINGLE PROTEIN
Bromodomain-containing protein 9,CHEMBL3108640,SINGLE PROTEIN
Transcription initiation factor TFIID subunit 1-like,CHEMBL3108641,SINGLE PROTEIN
Bromodomain adjacent to zinc finger domain protein 2A,CHEMBL3108642,SINGLE PROTEIN
Nuclear body protein SP140,CHEMBL3108643,SINGLE PROTEIN
Bromodomain and PHD finger-containing protein 3,CHEMBL3108644,SINGLE PROTEIN
Histone-lysine N-methyltransferase NSD2,CHEMBL3108645,SINGLE PROTEIN
Histone-lysine N-methyltransferase NSD3,CHEMBL3108646,SINGLE PROTEIN
Histone-lysine N-methyltransferase SETD2,CHEMBL3108647,SINGLE PROTEIN
Protein arginine N-methyltransferase 8,CHEMBL3108648,SINGLE PROTEIN
Methylosome protein WDR77,CHEMBL3108649,SINGLE PROTEIN
Set1/Ash2 histone methyltransferase complex subunit ASH2,CHEMBL3108650,SINGLE PROTEIN
Retinoblastoma-binding protein 5,CHEMBL3108651,SINGLE PROTEIN
Serine/threonine-protein kinase Nek10,CHEMBL3108655,SINGLE PROTEIN
GTP-binding protein Rheb,CHEMBL3108656,SINGLE PROTEIN
"3-hydroxyanthranilate 3,4-dioxygenase",CHEMBL3108657,SINGLE PROTEIN
von Hippel-Lindau disease tumor suppressor,CHEMBL3108660,SINGLE PROTEIN
Alpha-ketoglutarate-dependent dioxygenase alkB homolog 3,CHEMBL3112376,SINGLE PROTEIN
Phosphatidylcholine:ceramide cholinephosphotransferase 2,CHEMBL3112379,SINGLE PROTEIN
Retinal dehydrogenase 2,CHEMBL3112384,SINGLE PROTEIN
Choline/ethanolamine kinase,CHEMBL3112385,SINGLE PROTEIN
Growth/differentiation factor 15,CHEMBL3120039,SINGLE PROTEIN
Regulatory-associated protein of mTOR,CHEMBL3120040,SINGLE PROTEIN
"DNA-directed RNA polymerase, mitochondrial",CHEMBL3120041,SINGLE PROTEIN
Protein HEXIM1,CHEMBL3120044,SINGLE PROTEIN
"Presequence protease, mitochondrial",CHEMBL3124731,SINGLE PROTEIN
Interleukin-6 receptor subunit beta,CHEMBL3124734,SINGLE PROTEIN
Heterogeneous nuclear ribonucleoproteins A2/B1,CHEMBL3124741,SINGLE PROTEIN
Peregrin,CHEMBL3132741,SINGLE PROTEIN
PRMT5/MEP50 complex,CHEMBL3137261,PROTEIN COMPLEX
LSD1/CoREST complex,CHEMBL3137262,PROTEIN COMPLEX
HSP90 and hnRNPA2/B1,CHEMBL3137265,SELECTIVITY GROUP
IL6Ralpha/GP130,CHEMBL3137266,PROTEIN-PROTEIN INTERACTION
PKC alpha and beta-2,CHEMBL3137267,PROTEIN FAMILY
Integrin alpha2/beta1,CHEMBL3137268,PROTEIN COMPLEX
Nicotinic acetylcholine receptor alpha3/beta2/alpha5,CHEMBL3137272,PROTEIN COMPLEX
Nicotinic acetylcholine receptor alpha3/beta4/alpha5,CHEMBL3137273,PROTEIN COMPLEX
LIFR/GP130,CHEMBL3137274,PROTEIN-PROTEIN INTERACTION
Integrin alpha1/beta1 complex,CHEMBL3137278,PROTEIN COMPLEX
Soluble guanylate cyclase alpha1/beta1 complex,CHEMBL3137281,PROTEIN COMPLEX
MLL1/ASH2L/RBBP5/WDR5 complex,CHEMBL3137282,PROTEIN COMPLEX
Bcl-xL/BAK,CHEMBL3137283,PROTEIN-PROTEIN INTERACTION
MER intracellular domain/EGFR extracellular domain chimera,CHEMBL3137284,CHIMERIC PROTEIN
Nicotinic acetylcholine receptor alpha6/alpha3/beta4,CHEMBL3137285,PROTEIN COMPLEX
EZH2/SUZ12/EED complex,CHEMBL3137286,PROTEIN COMPLEX
EZH1/SUZ12/EED/AEBP2/RBBP4 complex,CHEMBL3137287,PROTEIN COMPLEX
TLR7 and TLR8,CHEMBL3137288,PROTEIN FAMILY
SUMO E1/E2,CHEMBL3137290,PROTEIN COMPLEX
DNMT3A2/3L complex,CHEMBL3137291,PROTEIN COMPLEX
Platelet-derived growth factor subunit A,CHEMBL3137294,SINGLE PROTEIN
L-aminoadipate-semialdehyde dehydrogenase-phosphopantetheinyl transferase,CHEMBL3137295,SINGLE PROTEIN
Keratan sulfate,CHEMBL3140341,OLIGOSACCHARIDE
Chondroitin-6-sulfate,CHEMBL3140342,OLIGOSACCHARIDE
N-acetylglucosamine-6-phosphate deacetylase,CHEMBL3217376,SINGLE PROTEIN
Microtubule-associated protein 1B,CHEMBL3217382,SINGLE PROTEIN
Transcription initiation factor TFIID subunit 1,CHEMBL3217390,SINGLE PROTEIN
C-C motif chemokine 7,CHEMBL3217391,SINGLE PROTEIN
Lymphoid enhancer-binding factor 1,CHEMBL3217392,SINGLE PROTEIN
Transforming growth factor beta-2 proprotein,CHEMBL3217393,SINGLE PROTEIN
Insulin-like growth factor I,CHEMBL3217394,SINGLE PROTEIN
Angiopoietin-1,CHEMBL3217395,SINGLE PROTEIN
Protein jagged-1,CHEMBL3217396,SINGLE PROTEIN
Glucose-6-phosphate exchanger SLC37A4,CHEMBL3217398,SINGLE PROTEIN
SH2 domain-containing protein 2A,CHEMBL3217401,SINGLE PROTEIN
Rhombotin-2,CHEMBL3217402,SINGLE PROTEIN
Ubiquitin carboxyl-terminal hydrolase 20,CHEMBL3232682,SINGLE PROTEIN
Chromobox protein homolog 8,CHEMBL3232684,SINGLE PROTEIN
E3 SUMO-protein ligase CBX4,CHEMBL3232685,SINGLE PROTEIN
Heat shock 70 kDa protein 6,CHEMBL3232688,SINGLE PROTEIN
CD44 antigen,CHEMBL3232692,SINGLE PROTEIN
Rho guanine nucleotide exchange factor TIAM1,CHEMBL3232697,SINGLE PROTEIN
Epsin-1,CHEMBL3259465,SINGLE PROTEIN
Cytohesin-3,CHEMBL3259466,SINGLE PROTEIN
RuvB-like 1,CHEMBL3259467,SINGLE PROTEIN
Transcription elongation factor B polypeptide 2,CHEMBL3259468,SINGLE PROTEIN
Transcription elongation factor B polypeptide 1,CHEMBL3259469,SINGLE PROTEIN
G-protein coupled receptor 183,CHEMBL3259470,SINGLE PROTEIN
Proto-oncogene vav,CHEMBL3259472,SINGLE PROTEIN
Toll-like receptor 6,CHEMBL3259477,SINGLE PROTEIN
Pyridoxine-5'-phosphate oxidase,CHEMBL3271932,SINGLE PROTEIN
Sphingosine-1-phosphate lyase 1,CHEMBL3286061,SINGLE PROTEIN
Histone-binding protein RBBP7,CHEMBL3286065,SINGLE PROTEIN
DNA-directed RNA polymerase I subunit RPA1,CHEMBL3286067,SINGLE PROTEIN
Proheparin-binding EGF-like growth factor,CHEMBL3286070,SINGLE PROTEIN
Fibroblast growth factor 7,CHEMBL3286071,SINGLE PROTEIN
Fibroblast growth factor 4,CHEMBL3286072,SINGLE PROTEIN
Interferon gamma,CHEMBL3286073,SINGLE PROTEIN
Stromal cell-derived factor 1,CHEMBL3286074,SINGLE PROTEIN
Platelet factor 4,CHEMBL3286075,SINGLE PROTEIN
C-X-C motif chemokine 2,CHEMBL3286076,SINGLE PROTEIN
Eotaxin,CHEMBL3286077,SINGLE PROTEIN
Bone morphogenetic protein 6,CHEMBL3286078,SINGLE PROTEIN
Guanine nucleotide-binding protein G(q) subunit alpha,CHEMBL3286079,SINGLE PROTEIN
G-protein coupled receptor 52,CHEMBL3297639,SINGLE PROTEIN
CREB-binding protein/p53,CHEMBL3301383,PROTEIN-PROTEIN INTERACTION
CCR5/mu opioid receptor complex,CHEMBL3301384,PROTEIN COMPLEX
Cyclin-dependent kinase 4/cyclin D2,CHEMBL3301385,PROTEIN COMPLEX
CDK6/cyclin D2,CHEMBL3301386,PROTEIN COMPLEX
Cannabinoid CB1 receptor/orexin receptor 1 complex,CHEMBL3301387,PROTEIN COMPLEX
EZH2/SUZ12/EED/RBBP7/RBBP4,CHEMBL3301388,PROTEIN COMPLEX
Focal adhesion kinase 1/vascular endothelial growth factor receptor 3,CHEMBL3301389,PROTEIN-PROTEIN INTERACTION
JAK1/JAK2/TYK2,CHEMBL3301390,PROTEIN COMPLEX
JAK1/TYK2,CHEMBL3301391,PROTEIN COMPLEX
JAK2/TYK2,CHEMBL3301392,PROTEIN COMPLEX
P-selectin/P-selectin glycoprotein ligand 1,CHEMBL3301394,PROTEIN-PROTEIN INTERACTION
c-Myc/Max,CHEMBL3301395,PROTEIN COMPLEX
Ras-related C3 botulinum toxin substrate 1/T-lymphoma invasion and metastasis-inducing protein 1,CHEMBL3301397,PROTEIN-PROTEIN INTERACTION
Ribonucleotide reductase,CHEMBL3301398,PROTEIN COMPLEX
TLR2/TLR6,CHEMBL3301399,PROTEIN COMPLEX
Von Hippel-Lindau disease tumor suppressor/Elongin B/Elongin C,CHEMBL3301400,PROTEIN COMPLEX
Programmed cell death protein 1,CHEMBL3307223,SINGLE PROTEIN
Orexin receptor,CHEMBL3307226,PROTEIN FAMILY
"Complement component 3a receptor 1, isoform CRA_a",CHEMBL3308978,SINGLE PROTEIN
CDC42BPA protein,CHEMBL3308982,SINGLE PROTEIN
Kinesin-like protein KIF6,CHEMBL3308907,SINGLE PROTEIN
DNA replication licensing factor MCM2,CHEMBL3308910,SINGLE PROTEIN
Early activation antigen CD69,CHEMBL3308911,SINGLE PROTEIN
Platelet glycoprotein VI,CHEMBL3308912,SINGLE PROTEIN
Guanine nucleotide-binding protein subunit alpha-12,CHEMBL3308913,SINGLE PROTEIN
Kinesin-like protein KIF1A,CHEMBL3308914,SINGLE PROTEIN
Alpha-tocopherol transfer protein,CHEMBL3308919,SINGLE PROTEIN
Monocarboxylate transporter 3,CHEMBL3308921,SINGLE PROTEIN
Proteasome subunit beta type-3,CHEMBL3308923,SINGLE PROTEIN
Valacyclovir hydrolase,CHEMBL3308924,SINGLE PROTEIN
CDC42 small effector protein 1,CHEMBL3308925,SINGLE PROTEIN
Eukaryotic translation initiation factor 4B,CHEMBL3308928,SINGLE PROTEIN
Double-strand break repair protein MRE11,CHEMBL3308929,SINGLE PROTEIN
G-protein coupled receptor 135,CHEMBL3309102,SINGLE PROTEIN
Taste receptor type 2 member 14,CHEMBL3309105,SINGLE PROTEIN
Taste receptor type 2 member 16,CHEMBL3309106,SINGLE PROTEIN
Taste receptor type 2 member 4,CHEMBL3309107,SINGLE PROTEIN
Taste receptor type 2 member 41,CHEMBL3309108,SINGLE PROTEIN
Taste receptor type 2 member 60,CHEMBL3309109,SINGLE PROTEIN
Taste receptor type 2 member 9,CHEMBL3309110,SINGLE PROTEIN
Activator of 90 kDa heat shock protein ATPase homolog 1,CHEMBL3309113,SINGLE PROTEIN
Cell cycle checkpoint protein RAD1,CHEMBL3309116,SINGLE PROTEIN
Lysine-specific demethylase 4B,CHEMBL3313832,SINGLE PROTEIN
Ectonucleoside triphosphate diphosphohydrolase 4,CHEMBL3313834,SINGLE PROTEIN
S-adenosylmethionine synthase isoform type-2,CHEMBL3313835,SINGLE PROTEIN
RNA polymerase II subunit A C-terminal domain phosphatase SSU72,CHEMBL3317331,SINGLE PROTEIN
Tyrosine-protein phosphatase non-receptor type 14,CHEMBL3317332,SINGLE PROTEIN
Ubiquitin-like domain-containing CTD phosphatase 1,CHEMBL3317333,SINGLE PROTEIN
Proteasome subunit beta type-10,CHEMBL3317334,SINGLE PROTEIN
Sodium-dependent proline transporter,CHEMBL3317335,SINGLE PROTEIN
Voltage-dependent L-type calcium channel subunit beta-2,CHEMBL3317336,SINGLE PROTEIN
P2Y purinoceptor 13,CHEMBL3321651,SINGLE PROTEIN
"N-acetyllactosaminide beta-1,3-N-acetylglucosaminyltransferase 3",CHEMBL3325305,SINGLE PROTEIN
"Peptidyl-prolyl cis-trans isomerase F, mitochondrial",CHEMBL3325306,SINGLE PROTEIN
SPRY domain-containing SOCS box protein 2,CHEMBL3325308,SINGLE PROTEIN
14-3-3 protein epsilon,CHEMBL3329082,SINGLE PROTEIN
Transcriptional coactivator YAP1,CHEMBL3334415,SINGLE PROTEIN
Transcriptional enhancer factor TEF-1,CHEMBL3334416,SINGLE PROTEIN
Phosphoglycerate mutase 1,CHEMBL3334418,SINGLE PROTEIN
Tau-tubulin kinase 2,CHEMBL3337327,SINGLE PROTEIN
"Serine/threonine-protein kinase PINK1, mitochondrial",CHEMBL3337330,SINGLE PROTEIN
Melatonin-related receptor,CHEMBL3341577,SINGLE PROTEIN
Prostaglandin E synthase 3,CHEMBL3341580,SINGLE PROTEIN
Cytochrome P450 3A7,CHEMBL3341582,SINGLE PROTEIN
Proteasome subunit beta type-7,CHEMBL3347256,SINGLE PROTEIN
"Threonine--tRNA ligase, mitochondrial",CHEMBL3351186,SINGLE PROTEIN
Sodium-dependent neutral amino acid transporter B(0)AT2,CHEMBL3351189,SINGLE PROTEIN
Hepatocyte growth factor activator,CHEMBL3351190,SINGLE PROTEIN
Bromodomain and WD repeat-containing protein 1,CHEMBL3351192,SINGLE PROTEIN
Coagulation factor XIII B chain,CHEMBL3351193,SINGLE PROTEIN
Alkaline ceramidase 1,CHEMBL3351194,SINGLE PROTEIN
Tyrosine-protein phosphatase non-receptor type 18,CHEMBL3351197,SINGLE PROTEIN
Protein phosphatase Slingshot homolog 2,CHEMBL3351198,SINGLE PROTEIN
Protein phosphatase 1G,CHEMBL3351199,SINGLE PROTEIN
Kinesin-like protein KIFC1,CHEMBL3351200,SINGLE PROTEIN
Uncharacterized protein CSNK1G2-AS1,CHEMBL3351201,SINGLE PROTEIN
RNA-binding protein EWS,CHEMBL3351202,SINGLE PROTEIN
WD repeat-containing protein 48,CHEMBL3351203,SINGLE PROTEIN
Voltage-dependent L-type calcium channel subunit beta-3,CHEMBL3351206,SINGLE PROTEIN
DNA damage-inducible transcript 3 protein,CHEMBL3351207,SINGLE PROTEIN
LanC-like protein 2,CHEMBL3351212,SINGLE PROTEIN
Eukaryotic translation initiation factor 4E-binding protein 1,CHEMBL3351214,SINGLE PROTEIN
Small ribosomal subunit protein eS6,CHEMBL3351215,SINGLE PROTEIN
5-hydroxymethyl-dUMP N-hydrolase,CHEMBL3351218,SINGLE PROTEIN
Deoxyribonuclease-1,CHEMBL3351219,SINGLE PROTEIN
"PARP 1, 2 and 3",CHEMBL3390820,PROTEIN FAMILY
B-lymphocyte antigen CD19,CHEMBL3390821,SINGLE PROTEIN
Interleukin-17A,CHEMBL3390822,SINGLE PROTEIN
Disialoganglioside GD2,CHEMBL3390823,SMALL MOLECULE
Cell membrane,CHEMBL3390826,SUBCELLULAR
Betaine-homocysteine S-methyltransferase,CHEMBL3391661,PROTEIN FAMILY
"Glycerol-3-phosphate dehydrogenase, mitochondrial",CHEMBL3391681,SINGLE PROTEIN
Adiponectin receptor protein 1,CHEMBL3392946,SINGLE PROTEIN
Adiponectin receptor protein 2,CHEMBL3392947,SINGLE PROTEIN
Ferroportin,CHEMBL3392948,SINGLE PROTEIN
Angiomotin,CHEMBL3392949,SINGLE PROTEIN
Histone chaperone ASF1A,CHEMBL3392950,SINGLE PROTEIN
DNA-3-methyladenine glycosylase,CHEMBL3396943,SINGLE PROTEIN
N-glycosylase/DNA lyase,CHEMBL3396944,SINGLE PROTEIN
G protein-coupled receptor 88,CHEMBL3399910,SINGLE PROTEIN
Cystathionine beta-synthase,CHEMBL3399911,SINGLE PROTEIN
"StAR-related lipid transfer protein 7, mitochondrial",CHEMBL3399912,SINGLE PROTEIN
Ceramide transfer protein,CHEMBL3399913,SINGLE PROTEIN
Krueppel-like factor 10,CHEMBL3407312,SINGLE PROTEIN
Krueppel-like factor 1,CHEMBL3407313,SINGLE PROTEIN
Ubiquitin carboxyl-terminal hydrolase isozyme L5,CHEMBL3407316,SINGLE PROTEIN
Ubl carboxyl-terminal hydrolase 18,CHEMBL3407317,SINGLE PROTEIN
Neurogenic locus notch homolog protein 3,CHEMBL3407319,SINGLE PROTEIN
Neurogenic locus notch homolog protein 2,CHEMBL3407320,SINGLE PROTEIN
Neurogenic locus notch homolog protein 4,CHEMBL3407321,SINGLE PROTEIN
Ubiquitin carboxyl-terminal hydrolase 10,CHEMBL3407323,SINGLE PROTEIN
Ubiquitin carboxyl-terminal hydrolase 13,CHEMBL3407324,SINGLE PROTEIN
Growth/differentiation factor 8,CHEMBL3407325,SINGLE PROTEIN
Pantothenate kinase 1,CHEMBL3407326,SINGLE PROTEIN
"Pantothenate kinase 2, mitochondrial",CHEMBL3407327,SINGLE PROTEIN
Pantothenate kinase 3,CHEMBL3407328,SINGLE PROTEIN
PH domain leucine-rich repeat-containing protein phosphatase 1,CHEMBL3414405,SINGLE PROTEIN
Macrophage-expressed gene 1 protein,CHEMBL3414409,SINGLE PROTEIN
Testis-specific serine/threonine-protein kinase 3,CHEMBL3414416,SINGLE PROTEIN
"Delta-1-pyrroline-5-carboxylate dehydrogenase, mitochondrial",CHEMBL3414418,SINGLE PROTEIN
Oxidized low-density lipoprotein receptor 1,CHEMBL3421522,SINGLE PROTEIN
"6-phosphofructo-2-kinase/fructose-2,6-bisphosphatase 1",CHEMBL3421524,SINGLE PROTEIN
"6-phosphofructo-2-kinase/fructose-2,6-bisphosphatase 2",CHEMBL3421525,SINGLE PROTEIN
Serine/threonine-protein phosphatase 5,CHEMBL3425389,SINGLE PROTEIN
Receptor-type tyrosine-protein phosphatase R,CHEMBL3425390,SINGLE PROTEIN
Serine/threonine-protein kinase VRK3,CHEMBL3430761,SINGLE PROTEIN
Flavin-containing monooxygenase 3,CHEMBL3430864,SINGLE PROTEIN
Prostaglandin-H2 D-isomerase,CHEMBL3430865,SINGLE PROTEIN
UDP-galactose translocator,CHEMBL3430867,SINGLE PROTEIN
Flavin-containing monooxygenase 5,CHEMBL3430871,SINGLE PROTEIN
Flavin-containing monooxygenase 1,CHEMBL3430872,SINGLE PROTEIN
"N-alpha-acetyltransferase 16, NatA auxiliary subunit",CHEMBL3430873,SINGLE PROTEIN
Beta-ureidopropionase,CHEMBL3430874,SINGLE PROTEIN
Multidrug resistance protein 1/Multidrug resistance associated protein 1,CHEMBL3430875,SELECTIVITY GROUP
Proto-oncogene tyrosine-protein kinase receptor Ret /Nuclear receptor coactivator 4 fusion protein,CHEMBL3430877,CHIMERIC PROTEIN
Retinoic acid receptor RXR-alpha/oxysterols receptor LXR-beta,CHEMBL3430878,PROTEIN COMPLEX
Retinoic acid receptor RXR-alpha/oxysterols receptor LXR-alpha,CHEMBL3430879,PROTEIN COMPLEX
"Rod cGMP-specific 3',5'-cyclic phosphodiesterase alpha/beta",CHEMBL3430880,PROTEIN COMPLEX
PI3-kinase subunit gamma/Phosphoinositide 3-kinase regulatory subunit 5,CHEMBL3430881,PROTEIN COMPLEX
GAR transformylase/AICAR transformylase,CHEMBL3430882,PROTEIN FAMILY
Retinoic acid receptor alpha/Retinoid X receptor alpha,CHEMBL3430883,PROTEIN COMPLEX
Sphingosine 1-phosphate receptor Edg-5/Sphingosine 1-phosphate receptor Edg-3,CHEMBL3430884,PROTEIN COMPLEX
Ubiquitin carboxyl-terminal hydrolase 1/WD repeat-containing protein 48,CHEMBL3430885,PROTEIN COMPLEX
Induced myeloid leukemia cell differentiation protein Mcl-1/BH3-interacting domain death agonist,CHEMBL3430886,PROTEIN-PROTEIN INTERACTION
Induced myeloid leukemia cell differentiation protein Mcl-1/Bcl-2-like protein 11,CHEMBL3430887,PROTEIN-PROTEIN INTERACTION
Kinesin-1 heavy chain/ Tyrosine-protein kinase receptor RET,CHEMBL3430888,CHIMERIC PROTEIN
Lysine-specific demethylase 4A/Lysine-specific demethylase 4B,CHEMBL3430889,PROTEIN COMPLEX
Voltage-gated potassium channel subunit Kv7.1/Misshapen-like kinase 1,CHEMBL3430890,PROTEIN COMPLEX
Integrin alpha-V/beta-8,CHEMBL3430892,PROTEIN COMPLEX
Integrin alpha-V/alpha-5,CHEMBL3430893,PROTEIN COMPLEX
Integrin alpha-10/Integrin beta-1,CHEMBL3430895,PROTEIN COMPLEX
Histone deacetylase 1/2/3/6,CHEMBL3430896,PROTEIN FAMILY
Histone deacetylase 1/2/3,CHEMBL3430897,PROTEIN FAMILY
Gamma-aminobutyric acid receptor subunit alpha-4/beta3/delta,CHEMBL3430899,PROTEIN COMPLEX
Interferon-induced guanylate-binding protein 1/Serine/threonine-protein kinase pim-1,CHEMBL3430900,PROTEIN-PROTEIN INTERACTION
Voltage-dependent N-type calcium channel subunit alpha-1B/Voltage-dependent calcium channel subunit alpha-2/delta-1/Voltage-dependent L-type calcium channel subunit beta-3,CHEMBL3430901,PROTEIN COMPLEX
DNA polymerase subunit gamma-1/gamma-2,CHEMBL3430903,PROTEIN FAMILY
Coiled-coil domain-containing protein 6/Tyrosine-protein kinase receptor RET,CHEMBL3430904,CHIMERIC PROTEIN
Caspase-3/Caspase-7,CHEMBL3430905,PROTEIN FAMILY
Aurora kinase B/Inner centromere protein,CHEMBL3430907,PROTEIN COMPLEX
Aurora kinase B/Receptor-type tyrosine-protein kinase,CHEMBL3430908,SELECTIVITY GROUP
Transcriptional coactivator YAP1/Transcriptional enhancer factor TEF-1,CHEMBL3430909,PROTEIN-PROTEIN INTERACTION
Serine/threonine-protein kinase Aurora,CHEMBL3430911,PROTEIN FAMILY
Cytochrome P450 4F3,CHEMBL3508692,SINGLE PROTEIN
"POU domain, class 2, transcription factor 2",CHEMBL3509582,SINGLE PROTEIN
Arylacetamide deacetylase,CHEMBL3509584,SINGLE PROTEIN
Lathosterol oxidase,CHEMBL3509588,SINGLE PROTEIN
Cytochrome P450 4F12,CHEMBL3509589,SINGLE PROTEIN
Thialysine N-epsilon-acetyltransferase,CHEMBL3509592,SINGLE PROTEIN
Equilibrative nucleoside transporter 4,CHEMBL3509593,SINGLE PROTEIN
"POU domain, class 2, transcription factor 1",CHEMBL3509601,SINGLE PROTEIN
"Methionine-R-sulfoxide reductase B2, mitochondrial",CHEMBL3509603,SINGLE PROTEIN
Methionine-R-sulfoxide reductase B3,CHEMBL3509604,SINGLE PROTEIN
Equilibrative nucleoside transporter 2,CHEMBL3509606,SINGLE PROTEIN
11-beta-hydroxysteroid dehydrogenase,CHEMBL3542430,PROTEIN FAMILY
Deiodinase,CHEMBL3542431,PROTEIN FAMILY
Flavin-containing monooxygenase,CHEMBL3542432,PROTEIN FAMILY
Phenol sulfotransferase,CHEMBL3542433,PROTEIN FAMILY
Aldehyde dehydrogenase,CHEMBL3542434,PROTEIN FAMILY
UDP-glucuronosyltransferase 1A3,CHEMBL3542435,SINGLE PROTEIN
Cytochrome P450 2A13,CHEMBL3542436,SINGLE PROTEIN
Putative cytochrome P450 2D7,CHEMBL3542437,SINGLE PROTEIN
Uridine-cytidine kinase,CHEMBL3542438,PROTEIN FAMILY
Cytochrome P450 1A,CHEMBL3544905,PROTEIN FAMILY
SLAM family member 7,CHEMBL3559386,SINGLE PROTEIN
Serine/threonine-protein kinase PIM,CHEMBL3559682,PROTEIN FAMILY
Peroxisome proliferator-activated receptor,CHEMBL3559683,PROTEIN FAMILY
Neurotrophic tyrosine kinase receptor,CHEMBL3559684,PROTEIN FAMILY
RAF serine/threonine protein kinase,CHEMBL3559685,PROTEIN FAMILY
Frizzled-2,CHEMBL3559686,SINGLE PROTEIN
Frizzled-5,CHEMBL3559687,SINGLE PROTEIN
Frizzled-7,CHEMBL3559688,SINGLE PROTEIN
Frizzled-8,CHEMBL3559689,SINGLE PROTEIN
Cyclin-dependent kinase 20,CHEMBL3559690,SINGLE PROTEIN
Cyclin-dependent kinase,CHEMBL3559691,PROTEIN FAMILY
Cyclin-dependent kinase 12,CHEMBL3559692,SINGLE PROTEIN
Proto-oncogene Mas,CHEMBL3559701,SINGLE PROTEIN
Phosphatidylinositol 3-kinase regulatory subunit gamma,CHEMBL3559702,SINGLE PROTEIN
PI3-kinase class I,CHEMBL3559703,PROTEIN COMPLEX GROUP
Taste receptor type 2 member 10,CHEMBL3559704,SINGLE PROTEIN
Taste receptor type 2 member 20,CHEMBL3559705,SINGLE PROTEIN
Taste receptor type 2 member 50,CHEMBL3559706,SINGLE PROTEIN
Adhesion G protein-coupled receptor G3,CHEMBL3559707,SINGLE PROTEIN
Transient receptor potential cation channel subfamily M member 3,CHEMBL3559708,SINGLE PROTEIN
Neutral amino acid transporter B(0),CHEMBL3562162,SINGLE PROTEIN
Probable G-protein coupled receptor 34,CHEMBL3562165,SINGLE PROTEIN
Putative P2Y purinoceptor 10,CHEMBL3562166,SINGLE PROTEIN
Probable G-protein coupled receptor 174,CHEMBL3562167,SINGLE PROTEIN
Protein arginine N-methyltransferase 7,CHEMBL3562175,SINGLE PROTEIN
Mucin-16,CHEMBL3580482,SINGLE PROTEIN
Interleukin-5 receptor subunit alpha,CHEMBL3580483,SINGLE PROTEIN
Interleukin-12 subunit beta,CHEMBL3580484,SINGLE PROTEIN
Interleukin-17 receptor A,CHEMBL3580485,SINGLE PROTEIN
Interleukin-13,CHEMBL3580486,SINGLE PROTEIN
Sclerostin,CHEMBL3580487,SINGLE PROTEIN
Vascular endothelial growth factor B,CHEMBL3580488,SINGLE PROTEIN
Angiopoietin-2,CHEMBL3580489,SINGLE PROTEIN
Interleukin-4 receptor subunit alpha,CHEMBL3580490,SINGLE PROTEIN
CD40 ligand,CHEMBL3580491,SINGLE PROTEIN
Basigin,CHEMBL3580492,SINGLE PROTEIN
Epithelial cell adhesion molecule,CHEMBL3580493,SINGLE PROTEIN
Mucin-1,CHEMBL3580494,SINGLE PROTEIN
Interleukin-1 alpha,CHEMBL3580496,SINGLE PROTEIN
T-cell receptor,CHEMBL3580506,PROTEIN COMPLEX
Ganglioside GD3,CHEMBL3580507,LIPID
Programmed cell death 1 ligand 1,CHEMBL3580522,SINGLE PROTEIN
Prosaposin,CHEMBL3580523,SINGLE PROTEIN
"POU domain, class 5, transcription factor 1",CHEMBL3580526,SINGLE PROTEIN
Homeobox protein NANOG,CHEMBL3580527,SINGLE PROTEIN
TNF receptor-associated factor 6,CHEMBL3588728,SINGLE PROTEIN
Ghrelin O-acyltransferase,CHEMBL3588729,SINGLE PROTEIN
Tyrosine-protein kinase BAZ1B,CHEMBL3588730,SINGLE PROTEIN
Bromodomain-containing protein 8,CHEMBL3588731,SINGLE PROTEIN
Inhibin beta A chain,CHEMBL3588735,SINGLE PROTEIN
Histone-lysine N-methyltransferase PRDM9,CHEMBL3588737,SINGLE PROTEIN
"Histone-lysine N-methyltransferase, H3 lysine-36 specific",CHEMBL3588738,SINGLE PROTEIN
Histone-lysine N-methyltransferase ASH1L,CHEMBL3588739,SINGLE PROTEIN
RNA 5'-monophosphate methyltransferase,CHEMBL3588740,SINGLE PROTEIN
Protein N-lysine methyltransferase METTL21A,CHEMBL3588741,SINGLE PROTEIN
Protein N-lysine methyltransferase METTL21D,CHEMBL3588742,SINGLE PROTEIN
"CMP-N-acetylneuraminate-beta-galactosamide-alpha-2,3-sialyltransferase 1",CHEMBL3596074,SINGLE PROTEIN
"Beta-galactoside alpha-2,6-sialyltransferase 1",CHEMBL3596075,SINGLE PROTEIN
"CMP-N-acetylneuraminate-beta-1,4-galactoside alpha-2,3-sialyltransferase",CHEMBL3596076,SINGLE PROTEIN
"Alpha-(1,3)-fucosyltransferase 7",CHEMBL3596077,SINGLE PROTEIN
Angiotensinogen,CHEMBL3596085,SINGLE PROTEIN
Neuropeptide S,CHEMBL3596086,SINGLE PROTEIN
"Alpha-(1,6)-fucosyltransferase",CHEMBL3596087,SINGLE PROTEIN
Sialic acid-binding Ig-like lectin 7,CHEMBL3603730,SINGLE PROTEIN
Phosphatidylcholine:ceramide cholinephosphotransferase 1,CHEMBL3611965,SINGLE PROTEIN
"Branched-chain-amino-acid aminotransferase, mitochondrial",CHEMBL3616354,SINGLE PROTEIN
Early growth response protein 1,CHEMBL3616355,SINGLE PROTEIN
CCR4-NOT transcription complex subunit 7,CHEMBL3616361,SINGLE PROTEIN
Poly(A)-specific ribonuclease PARN,CHEMBL3616362,SINGLE PROTEIN
CCR4-NOT transcription complex subunit 6,CHEMBL3616363,SINGLE PROTEIN
Alpha-crystallin B chain,CHEMBL3621022,SINGLE PROTEIN
E3 ubiquitin-protein ligase NEDD4,CHEMBL3621023,SINGLE PROTEIN
Kappa-casein,CHEMBL3621024,SINGLE PROTEIN
Growth factor receptor-bound protein 10,CHEMBL3621028,SINGLE PROTEIN
Extended synaptotagmin-1,CHEMBL3621033,SINGLE PROTEIN
"Bifunctional methylenetetrahydrofolate dehydrogenase/cyclohydrolase, mitochondrial",CHEMBL3621036,SINGLE PROTEIN
RNA demethylase ALKBH5,CHEMBL3621037,SINGLE PROTEIN
MYND-type zinc finger-containing chromatin reader ZMYND8,CHEMBL3627580,SINGLE PROTEIN
Serine/threonine-protein kinase N3,CHEMBL3627581,SINGLE PROTEIN
Testis-specific serine/threonine-protein kinase 6,CHEMBL3627582,SINGLE PROTEIN
Kinase suppressor of Ras 2,CHEMBL3627583,SINGLE PROTEIN
Mitogen-activated protein kinase kinase kinase 21,CHEMBL3627584,SINGLE PROTEIN
Inactive tyrosine-protein kinase PEAK1,CHEMBL3627585,SINGLE PROTEIN
"Peroxiredoxin-5, mitochondrial",CHEMBL3627586,SINGLE PROTEIN
"Indoleamine 2,3-dioxygenase 2",CHEMBL3627587,SINGLE PROTEIN
Calcium/calmodulin-dependent protein kinase type 1B,CHEMBL3627592,SINGLE PROTEIN
Catalase,CHEMBL3627594,SINGLE PROTEIN
Mucosa-associated lymphoid tissue lymphoma translocation protein 1,CHEMBL3632452,SINGLE PROTEIN
Kinesin-like protein KIF15,CHEMBL3632454,SINGLE PROTEIN
Probable G-protein coupled receptor 139,CHEMBL3632455,SINGLE PROTEIN
Cyclin-dependent kinases regulatory subunit 1,CHEMBL3632457,SINGLE PROTEIN
S-phase kinase-associated protein 2,CHEMBL3632458,SINGLE PROTEIN
G-protein coupled receptor 4,CHEMBL3638324,SINGLE PROTEIN
DGAT1 protein,CHEMBL3638325,SINGLE PROTEIN
Rho GDP-dissociation inhibitor 1,CHEMBL3638327,SINGLE PROTEIN
Opioid growth factor receptor-like protein 1,CHEMBL3638334,SINGLE PROTEIN
Acetyl-coenzyme A transporter 1,CHEMBL3638338,SINGLE PROTEIN
Gamma-secretase-activating protein,CHEMBL3638343,SINGLE PROTEIN
Methyl-CpG-binding protein 2,CHEMBL3638346,SINGLE PROTEIN
Protein-arginine deiminase type-6,CHEMBL3638347,SINGLE PROTEIN
Glutaminyl-peptide cyclotransferase-like protein,CHEMBL3638349,SINGLE PROTEIN
EF-hand calcium-binding domain-containing protein 4B,CHEMBL3638353,SINGLE PROTEIN
Membrane metallo-endopeptidase-like 1,CHEMBL3638356,SINGLE PROTEIN
Stalled ribosome sensor GCN1,CHEMBL3706558,SINGLE PROTEIN
Mitochondrial amidoxime-reducing component 1,CHEMBL3706559,SINGLE PROTEIN
Heat shock protein 105 kDa,CHEMBL3706560,SINGLE PROTEIN
Liver X receptor,CHEMBL3706564,PROTEIN FAMILY
Liver X receptor (LXR alpha AND LXR beta),CHEMBL3706565,SELECTIVITY GROUP
MGC-803,CHEMBL3706566,CELL-LINE
HEK-293T,CHEMBL3706568,CELL-LINE
MOLM-14,CHEMBL3706570,CELL-LINE
MOLM-13,CHEMBL3706572,CELL-LINE
UMSCC14A,CHEMBL3707164,CELL-LINE
TOV112D,CHEMBL3707166,CELL-LINE
UMSCC1,CHEMBL3707168,CELL-LINE
Voltage-gated potassium channel KCNQ3/KCNQ4,CHEMBL3707192,PROTEIN COMPLEX
Methyl-CpG-binding domain protein 2,CHEMBL3707462,SINGLE PROTEIN
Histone H1.0,CHEMBL3707465,SINGLE PROTEIN
Peptidyl-prolyl cis-trans isomerase G,CHEMBL3707467,SINGLE PROTEIN
Regulator of G-protein signaling 19,CHEMBL3707468,SINGLE PROTEIN
Regulator of G-protein signaling 16,CHEMBL3707469,SINGLE PROTEIN
Tachykinin-3,CHEMBL3707470,SINGLE PROTEIN
Cytosolic purine 5'-nucleotidase,CHEMBL3708197,SINGLE PROTEIN
Oxidized purine nucleoside triphosphate hydrolase,CHEMBL3708265,SINGLE PROTEIN
14-3-3 protein eta,CHEMBL3708585,SINGLE PROTEIN
ADP/ATP translocase 2,CHEMBL3709670,SINGLE PROTEIN
AT-rich interactive domain-containing protein 4A,CHEMBL3709855,SINGLE PROTEIN
Proteasomal ubiquitin receptor ADRM1,CHEMBL3710002,SINGLE PROTEIN
14-3-3 protein beta/alpha,CHEMBL3710403,SINGLE PROTEIN
14-3-3 protein theta,CHEMBL3710408,SINGLE PROTEIN
Angiopoietin-related protein 3,CHEMBL3710485,SINGLE PROTEIN
B-cell CLL/lymphoma 9 protein,CHEMBL3712821,SINGLE PROTEIN
Tumor necrosis factor receptor superfamily member 12A,CHEMBL3712850,SINGLE PROTEIN
Solute carrier family 13 member 2,CHEMBL3712851,SINGLE PROTEIN
B-cell antigen receptor complex-associated protein beta chain,CHEMBL3712852,SINGLE PROTEIN
T-cell differentiation antigen CD6,CHEMBL3712853,SINGLE PROTEIN
Vimentin,CHEMBL3712854,SINGLE PROTEIN
Tenascin,CHEMBL3712856,SINGLE PROTEIN
Tumor necrosis factor receptor superfamily member 9,CHEMBL3712857,SINGLE PROTEIN
Claudin-18,CHEMBL3712859,SINGLE PROTEIN
Transferrin receptor protein 1,CHEMBL3712860,SINGLE PROTEIN
Intercellular adhesion molecule 3,CHEMBL3712862,SINGLE PROTEIN
Cell surface glycoprotein MUC18,CHEMBL3712863,SINGLE PROTEIN
Alpha-fetoprotein,CHEMBL3712864,SINGLE PROTEIN
17-beta-hydroxysteroid dehydrogenase 14,CHEMBL3712868,SINGLE PROTEIN
Parathyroid hormone-related protein,CHEMBL3712869,SINGLE PROTEIN
OX-2 membrane glycoprotein,CHEMBL3712870,SINGLE PROTEIN
Mesothelin,CHEMBL3712878,SINGLE PROTEIN
CD276 antigen,CHEMBL3712879,SINGLE PROTEIN
Leukocyte antigen CD37,CHEMBL3712880,SINGLE PROTEIN
Carcinoembryonic antigen-related cell adhesion molecule 5,CHEMBL3712881,SINGLE PROTEIN
Endoglin,CHEMBL3712885,SINGLE PROTEIN
"5,6-dihydroxyindole-2-carboxylic acid oxidase",CHEMBL3712886,SINGLE PROTEIN
T-cell surface glycoprotein CD5,CHEMBL3712888,SINGLE PROTEIN
Interleukin-4,CHEMBL3712894,SINGLE PROTEIN
Reticulon-4,CHEMBL3712895,SINGLE PROTEIN
Syndecan-1,CHEMBL3712898,SINGLE PROTEIN
Tumor necrosis factor ligand superfamily member 4,CHEMBL3712900,SINGLE PROTEIN
CCN family member 2,CHEMBL3712901,SINGLE PROTEIN
Transforming growth factor beta-3 proprotein,CHEMBL3712903,SINGLE PROTEIN
Transmembrane domain-containing protein TMIGD3,CHEMBL3712907,SINGLE PROTEIN
Killer cell immunoglobulin-like receptor 2DL1,CHEMBL3712912,SINGLE PROTEIN
CD70 antigen,CHEMBL3712913,SINGLE PROTEIN
Tumor necrosis factor ligand superfamily member 14,CHEMBL3712914,SINGLE PROTEIN
Interleukin-22,CHEMBL3712915,SINGLE PROTEIN
Delta-like protein 4,CHEMBL3712916,SINGLE PROTEIN
Transmembrane glycoprotein NMB,CHEMBL3712919,SINGLE PROTEIN
Interleukin-10,CHEMBL3712920,SINGLE PROTEIN
Cell surface A33 antigen,CHEMBL3712927,SINGLE PROTEIN
Nectin-4,CHEMBL3712928,SINGLE PROTEIN
Thymic stromal lymphopoietin,CHEMBL3712931,SINGLE PROTEIN
Interleukin-9,CHEMBL3712932,SINGLE PROTEIN
Trophoblast glycoprotein,CHEMBL3712934,SINGLE PROTEIN
Neural cell adhesion molecule 1,CHEMBL3712938,SINGLE PROTEIN
Na(+)/dicarboxylate cotransporter 3,CHEMBL3712947,SINGLE PROTEIN
ICOS ligand,CHEMBL3712949,SINGLE PROTEIN
Inducible T-cell costimulator,CHEMBL3712953,SINGLE PROTEIN
Interleukin-15,CHEMBL3712954,SINGLE PROTEIN
Granulocyte-macrophage colony-stimulating factor,CHEMBL3712955,SINGLE PROTEIN
STEAP1 protein,CHEMBL3712956,SINGLE PROTEIN
Insulin-like growth factor II,CHEMBL3712957,SINGLE PROTEIN
Prostate stem cell antigen,CHEMBL3712961,SINGLE PROTEIN
C-X-C motif chemokine 10,CHEMBL3712964,SINGLE PROTEIN
Leucine-rich repeat and immunoglobulin-like domain-containing nogo receptor-interacting protein 1,CHEMBL3712965,SINGLE PROTEIN
Epidermal growth factor-like protein 7,CHEMBL3712972,SINGLE PROTEIN
Endosialin,CHEMBL3712975,SINGLE PROTEIN
Interleukin-3 receptor subunit alpha,CHEMBL3712987,SINGLE PROTEIN
Melanocyte protein PMEL,CHEMBL3712988,SINGLE PROTEIN
Tumor necrosis factor receptor superfamily member 18,CHEMBL3712995,SINGLE PROTEIN
Blood group Rh(D) polypeptide,CHEMBL3712996,SINGLE PROTEIN
Interferon alpha-2,CHEMBL3713000,SINGLE PROTEIN
Programmed cell death 1 ligand 2,CHEMBL3713006,SINGLE PROTEIN
Interferon alpha-1/13,CHEMBL3713007,SINGLE PROTEIN
Choline transporter-like protein 4,CHEMBL3713014,SINGLE PROTEIN
Mucin-5AC,CHEMBL3713020,SINGLE PROTEIN
Lymphotoxin-beta,CHEMBL3713022,SINGLE PROTEIN
Tumor necrosis factor ligand superfamily member 12,CHEMBL3713023,SINGLE PROTEIN
Protein Cripto,CHEMBL3713025,SINGLE PROTEIN
Killer cell immunoglobulin-like receptor 2DL3,CHEMBL3713026,SINGLE PROTEIN
Tissue factor pathway inhibitor,CHEMBL3713062,SINGLE PROTEIN
Galactocerebrosidase,CHEMBL3713095,SINGLE PROTEIN
CD63 antigen,CHEMBL3713303,SINGLE PROTEIN
CD27 antigen,CHEMBL3713333,SINGLE PROTEIN
Lactadherin,CHEMBL3713343,SINGLE PROTEIN
Polypeptide N-acetylgalactosaminyltransferase 2,CHEMBL3713355,SINGLE PROTEIN
Secretory phospholipase A2 receptor,CHEMBL3713395,SINGLE PROTEIN
Tumor necrosis factor ligand superfamily member 13,CHEMBL3713436,SINGLE PROTEIN
Interleukin-20,CHEMBL3713449,SINGLE PROTEIN
Bone morphogenetic protein 10,CHEMBL3713453,SINGLE PROTEIN
Calcitonin gene-related peptide 2,CHEMBL3713541,SINGLE PROTEIN
Complement receptor type 1,CHEMBL3713643,SINGLE PROTEIN
Cytochrome P450 26B1,CHEMBL3713687,SINGLE PROTEIN
Elastin,CHEMBL3713712,SINGLE PROTEIN
Fibroblast growth factor 23,CHEMBL3713913,SINGLE PROTEIN
Ovarian cancer G-protein coupled receptor 1,CHEMBL3713916,SINGLE PROTEIN
Interleukin-13 receptor subunit alpha-2,CHEMBL3713941,SINGLE PROTEIN
Lysyl oxidase homolog 2,CHEMBL3714029,SINGLE PROTEIN
Trace amine-associated receptor 5,CHEMBL3714046,SINGLE PROTEIN
G-protein coupled receptor 84,CHEMBL3714079,SINGLE PROTEIN
Psychosine receptor,CHEMBL3714081,SINGLE PROTEIN
G-protein coupled receptor 6,CHEMBL3714130,SINGLE PROTEIN
Vascular endothelial growth factor C,CHEMBL3714157,SINGLE PROTEIN
Ecto-NOX disulfide-thiol exchanger 2,CHEMBL3714292,SINGLE PROTEIN
Dystroglycan 1,CHEMBL3714399,SINGLE PROTEIN
Toll-like receptor 1,CHEMBL3714412,SINGLE PROTEIN
Potassium channel subfamily K member 4,CHEMBL3714486,SINGLE PROTEIN
Tubulin alpha-8 chain,CHEMBL3714503,SINGLE PROTEIN
Palmitoleoyl-protein carboxylesterase NOTUM,CHEMBL3714531,SINGLE PROTEIN
Leukocyte surface antigen CD47,CHEMBL3714583,SINGLE PROTEIN
Guanine nucleotide-binding protein G(I)/G(S)/G(T) subunit beta-1,CHEMBL3721304,SINGLE PROTEIN
Protein XNDC1N,CHEMBL3721310,SINGLE PROTEIN
"6-phosphofructo-2-kinase/fructose-2,6-bisphosphatase 4",CHEMBL3721311,SINGLE PROTEIN
Olfactory receptor 5K1,CHEMBL3721312,SINGLE PROTEIN
"Glycerol-3-phosphate acyltransferase 1, mitochondrial",CHEMBL3734642,SINGLE PROTEIN
Transcription factor HES-1,CHEMBL3734643,SINGLE PROTEIN
Ubiquitin carboxyl-terminal hydrolase 17,CHEMBL3739248,SINGLE PROTEIN
CAAX prenyl protease 1 homolog,CHEMBL3739253,SINGLE PROTEIN
Low-density lipoprotein receptor-related protein 6,CHEMBL3745588,SINGLE PROTEIN
S-adenosylhomocysteine hydrolase-like protein 1,CHEMBL3751646,SINGLE PROTEIN
Telomeric repeat-binding factor 2-interacting protein 1,CHEMBL3751647,SINGLE PROTEIN
Period circadian protein homolog 2,CHEMBL3751648,SINGLE PROTEIN
"5'(3')-deoxyribonucleotidase, cytosolic type",CHEMBL3751653,SINGLE PROTEIN
"5'(3')-deoxyribonucleotidase, mitochondrial",CHEMBL3751654,SINGLE PROTEIN
Protein BRICK1,CHEMBL3758062,SINGLE PROTEIN
FAS-associated factor 1,CHEMBL3758063,SINGLE PROTEIN
Cullin-1,CHEMBL3758068,SINGLE PROTEIN
Cyclin-dependent kinase inhibitor 1B,CHEMBL3758070,SINGLE PROTEIN
Mitochondrial sodium/calcium exchanger protein,CHEMBL3763001,SINGLE PROTEIN
Pleckstrin homology domain-containing family A member 1,CHEMBL3763005,SINGLE PROTEIN
Protein cereblon,CHEMBL3763008,SINGLE PROTEIN
dCTP pyrophosphatase 1,CHEMBL3769292,SINGLE PROTEIN
Na(+)/citrate cotransporter,CHEMBL3769293,SINGLE PROTEIN
Bromodomain and WD repeat-containing protein 3,CHEMBL3769296,SINGLE PROTEIN
Transcription intermediary factor 1-beta,CHEMBL3769297,SINGLE PROTEIN
Sodium-dependent phosphate transport protein 1,CHEMBL3769298,SINGLE PROTEIN
Sodium-dependent phosphate transport protein 2A,CHEMBL3769299,SINGLE PROTEIN
Sodium-dependent phosphate transport protein 3,CHEMBL3769300,SINGLE PROTEIN
Sodium bicarbonate cotransporter 3,CHEMBL3774290,SINGLE PROTEIN
Lysine-specific demethylase 5B,CHEMBL3774295,SINGLE PROTEIN
Peroxisomal membrane protein PEX16,CHEMBL3774297,SINGLE PROTEIN
Histone acetyltransferase KAT6A,CHEMBL3774298,SINGLE PROTEIN
Histone acetyltransferase KAT7,CHEMBL3774299,SINGLE PROTEIN
Histone acetyltransferase KAT6B,CHEMBL3774300,SINGLE PROTEIN
Pannexin-1,CHEMBL3779756,SINGLE PROTEIN
Lysine-specific demethylase 2B,CHEMBL3779760,SINGLE PROTEIN
Chromobox protein homolog 2,CHEMBL3779761,SINGLE PROTEIN
Chromobox protein homolog 6,CHEMBL3779762,SINGLE PROTEIN
Inhibitor of growth protein 2,CHEMBL3784904,SINGLE PROTEIN
Lysine-specific demethylase 3B,CHEMBL3784906,SINGLE PROTEIN
Ubiquitin-conjugating enzyme E2 B,CHEMBL3784907,SINGLE PROTEIN
Probable JmjC domain-containing histone demethylation protein 2C,CHEMBL3792271,SINGLE PROTEIN
Tubulin alpha-1B chain,CHEMBL3797010,SINGLE PROTEIN
Tubulin alpha-1C chain,CHEMBL3797011,SINGLE PROTEIN
Tubulin beta-2A chain,CHEMBL3797012,SINGLE PROTEIN
Heterogeneous nuclear ribonucleoprotein H,CHEMBL3797013,SINGLE PROTEIN
"ATP-dependent Clp protease ATP-binding subunit clpX-like, mitochondrial",CHEMBL3797014,SINGLE PROTEIN
C-terminal-binding protein 2,CHEMBL3797016,SINGLE PROTEIN
Tropomyosin alpha-3 chain,CHEMBL3804747,SINGLE PROTEIN
"Endonuclease G, mitochondrial",CHEMBL3804749,SINGLE PROTEIN
"10 kDa heat shock protein, mitochondrial",CHEMBL3808268,SINGLE PROTEIN
Caveolin-1,CHEMBL3808270,SINGLE PROTEIN
Acireductone dioxygenase,CHEMBL3817720,SINGLE PROTEIN
"Glutaryl-CoA dehydrogenase, mitochondrial",CHEMBL3817721,SINGLE PROTEIN
Protein NipSnap homolog 3A,CHEMBL3817722,SINGLE PROTEIN
"3-hydroxyisobutyryl-CoA hydrolase, mitochondrial",CHEMBL3817723,SINGLE PROTEIN
Patatin-like phospholipase domain-containing protein 2,CHEMBL3822353,SINGLE PROTEIN
Dystrophin pre-mRNA,CHEMBL3826826,NUCLEIC-ACID
SMN2 pre-mRNA,CHEMBL3826841,NUCLEIC-ACID
"Fatty acid-binding protein, brain",CHEMBL3826863,SINGLE PROTEIN
Myelin P2 protein,CHEMBL3826864,SINGLE PROTEIN
Fatty acid-binding protein 9,CHEMBL3826865,SINGLE PROTEIN
Chromobox protein homolog 3,CHEMBL3826866,SINGLE PROTEIN
Chromobox protein homolog 5,CHEMBL3826867,SINGLE PROTEIN
Growth/differentiation factor 2,CHEMBL3831181,SINGLE PROTEIN
Retinoid isomerohydrolase,CHEMBL3831182,SINGLE PROTEIN
20S proteasome,CHEMBL3831201,PROTEIN COMPLEX GROUP
26S protease regulatory subunit 7,CHEMBL3831203,SINGLE PROTEIN
26S protease regulatory subunit 4,CHEMBL3831204,SINGLE PROTEIN
26S proteasome regulatory subunit 6B,CHEMBL3831205,SINGLE PROTEIN
26S protease regulatory subunit 10B,CHEMBL3831206,SINGLE PROTEIN
26S protease regulatory subunit 6A,CHEMBL3831207,SINGLE PROTEIN
26S protease regulatory subunit 8,CHEMBL3831208,SINGLE PROTEIN
26S proteasome non-ATPase regulatory subunit 2,CHEMBL3831209,SINGLE PROTEIN
26S proteasome non-ATPase regulatory subunit 3,CHEMBL3831210,SINGLE PROTEIN
26S proteasome non-ATPase regulatory subunit 12,CHEMBL3831211,SINGLE PROTEIN
26S proteasome non-ATPase regulatory subunit 11,CHEMBL3831212,SINGLE PROTEIN
26S proteasome non-ATPase regulatory subunit 6,CHEMBL3831213,SINGLE PROTEIN
26S proteasome non-ATPase regulatory subunit 7,CHEMBL3831214,SINGLE PROTEIN
26S proteasome non-ATPase regulatory subunit 13,CHEMBL3831215,SINGLE PROTEIN
26S proteasome non-ATPase regulatory subunit 8,CHEMBL3831217,SINGLE PROTEIN
Aminopeptidase,CHEMBL3831223,PROTEIN FAMILY
Cytosolic phospholipase A2 epsilon,CHEMBL3831242,SINGLE PROTEIN
Phospholipase A and acyltransferase 3,CHEMBL3831244,SINGLE PROTEIN
Hypoxia-inducible factor prolyl hydroxylase,CHEMBL3831261,PROTEIN FAMILY
P2X2/P2X3 heterotrimeric receptor,CHEMBL3831281,PROTEIN COMPLEX
Fast skeletal troponin complex,CHEMBL3831282,PROTEIN COMPLEX
NEDD8 activating enzyme,CHEMBL3831283,PROTEIN COMPLEX
Interferon lambda receptor,CHEMBL3831284,PROTEIN COMPLEX
Interleukin 13 receptor,CHEMBL3831285,PROTEIN COMPLEX
Cardiac myosin,CHEMBL3831286,PROTEIN COMPLEX
Tryptophan 5-hydroxylase,CHEMBL3831287,PROTEIN FAMILY
Selectin,CHEMBL3831288,PROTEIN FAMILY
Caspase,CHEMBL3831289,PROTEIN FAMILY
Sarcoplasmic/endoplasmic reticulum calcium ATPase,CHEMBL3831290,PROTEIN FAMILY
"HLA class II histocompatibility antigen, DRB1-15 beta chain",CHEMBL3831291,SINGLE PROTEIN
Ganglioside GM3 (NeuGcGM3),CHEMBL3831292,LIPID
Ribosomal protein S6 kinase,CHEMBL3832633,PROTEIN FAMILY
T1R1/T1R3,CHEMBL3832641,PROTEIN COMPLEX
T1R2/T1R3,CHEMBL3832642,PROTEIN COMPLEX
ORAI1/STIM1,CHEMBL3832644,PROTEIN COMPLEX
"fructose-2,6-bisphosphatase 3/4",CHEMBL3832646,PROTEIN COMPLEX
dsDNA,CHEMBL3832741,NUCLEIC-ACID
quadruplex DNA,CHEMBL3832742,NUCLEIC-ACID
Tubulin alpha,CHEMBL3832941,PROTEIN FAMILY
Tubulin beta,CHEMBL3832942,PROTEIN FAMILY
Casein kinase 2,CHEMBL3832943,PROTEIN FAMILY
Calcitonin gene-related peptide,CHEMBL3832947,PROTEIN FAMILY
CRL4(CRBN) E3 ubiquitin ligase,CHEMBL3833061,PROTEIN COMPLEX
Heterotrimeric lymphotoxin LTa1b2,CHEMBL3833421,PROTEIN COMPLEX
Phosphatidylserine,CHEMBL3833422,LIPID
Killer cell immunoglobulin-like receptor 2DL2,CHEMBL3833441,SINGLE PROTEIN
SOD1 mRNA,CHEMBL3833461,NUCLEIC-ACID
GDNF family receptor alpha-1,CHEMBL3833481,SINGLE PROTEIN
Alpha glucosidase,CHEMBL3833502,PROTEIN FAMILY
DNA polymerase epsilon subunit 3,CHEMBL3833525,SINGLE PROTEIN
Interferon alpha,CHEMBL3856161,PROTEIN FAMILY
Low affinity immunoglobulin gamma Fc region receptor III-A,CHEMBL3856162,SINGLE PROTEIN
Tumor-associated calcium signal transducer 2,CHEMBL3856163,SINGLE PROTEIN
Peroxiredoxin-like 2A,CHEMBL3879824,SINGLE PROTEIN
tRNA-dihydrouridine(20) synthase [NAD(P)+]-like,CHEMBL3879825,SINGLE PROTEIN
Ras-related protein Rab-1A,CHEMBL3879826,SINGLE PROTEIN
Chromodomain Y-like protein,CHEMBL3879827,SINGLE PROTEIN
"Ferrochelatase, mitochondrial",CHEMBL3879831,SINGLE PROTEIN
Ras-related protein Rab-7L1,CHEMBL3879836,SINGLE PROTEIN
Kinesin-like protein KIF24,CHEMBL3879840,SINGLE PROTEIN
Stathmin,CHEMBL3879843,SINGLE PROTEIN
Katanin p80 WD40 repeat-containing subunit B1,CHEMBL3879844,SINGLE PROTEIN
Ras-related protein Ral-B,CHEMBL3879851,SINGLE PROTEIN
Tudor domain-containing protein 3,CHEMBL3879852,SINGLE PROTEIN
Ras-related protein Ral-A,CHEMBL3879855,SINGLE PROTEIN
Katanin p60 ATPase-containing subunit A1,CHEMBL3879856,SINGLE PROTEIN
Chromodomain Y-like protein 2,CHEMBL3879857,SINGLE PROTEIN
RNA-binding protein FXR1,CHEMBL3879858,SINGLE PROTEIN
E3 ubiquitin-protein ligase SMURF1,CHEMBL3879859,SINGLE PROTEIN
Testis-specific chromodomain protein Y 1,CHEMBL3879864,SINGLE PROTEIN
Staphylococcal nuclease domain-containing protein 1,CHEMBL3879865,SINGLE PROTEIN
Kinesin-like protein KIF27,CHEMBL3879867,SINGLE PROTEIN
FAD synthase,CHEMBL3879869,SINGLE PROTEIN
Bcl-xL/BH3-interacting domain death agonist,CHEMBL3883285,PROTEIN-PROTEIN INTERACTION
Bcl-xL/BAX,CHEMBL3883286,PROTEIN-PROTEIN INTERACTION
Bcl-xL/Bcl-2-like protein 11,CHEMBL3883287,PROTEIN-PROTEIN INTERACTION
Bcl-xL/Bcl-2-binding component 3,CHEMBL3883288,PROTEIN-PROTEIN INTERACTION
Ubiquitin-conjugating enzyme E2 N/Ubiquitin-conjugating enzyme E2 variant 1,CHEMBL3883289,PROTEIN-PROTEIN INTERACTION
Glutamate receptor AMPA 2/3,CHEMBL3883291,PROTEIN COMPLEX
MAP kinase-interacting serine/threonine-protein kinase 1/2,CHEMBL3883293,PROTEIN FAMILY
Glutamate receptor AMPA 1/2,CHEMBL3883294,PROTEIN COMPLEX
Serine/threonine-protein kinase Chk1/2,CHEMBL3883296,PROTEIN FAMILY
Inhibitor of NF-kappa-B kinase alpha/beta,CHEMBL3883298,PROTEIN COMPLEX
CREB-binding protein/Histone acetyltransferase p300,CHEMBL3883300,PROTEIN FAMILY
Aurora kinase A/B,CHEMBL3883303,PROTEIN FAMILY
Aurora kinase A/Targeting protein for Xklp2,CHEMBL3883304,PROTEIN COMPLEX
MDM2/MDMX-p53,CHEMBL3883306,PROTEIN-PROTEIN INTERACTION
Axin-1/DVL-2,CHEMBL3883307,PROTEIN-PROTEIN INTERACTION
Axin-1/Casein kinase I epsilon,CHEMBL3883308,PROTEIN-PROTEIN INTERACTION
Axin-1/Glycogen synthase kinase-3 beta,CHEMBL3883309,PROTEIN-PROTEIN INTERACTION
Axin-1/Low-density lipoprotein receptor-related protein 2,CHEMBL3883310,PROTEIN-PROTEIN INTERACTION
Voltage-gated potassium channel KCNQ3/KCNQ5,CHEMBL3883311,PROTEIN COMPLEX
Perilipin-1/ABHD5,CHEMBL3883313,PROTEIN-PROTEIN INTERACTION
DNA excision repair protein ERCC-1/DNA repair endonuclease XPF,CHEMBL3883316,PROTEIN COMPLEX
B-raf/RAF proto-oncogene serine/threonine-protein kinase,CHEMBL3883317,PROTEIN FAMILY
Transforming protein RhoA/Rho-related GTP-binding protein RhoC,CHEMBL3883318,PROTEIN FAMILY
Guanine nucleotide-binding protein G(I)/G(S)/G(T) subunit beta-1/gamma-2,CHEMBL3883319,PROTEIN COMPLEX
Histone-lysine N-methyltransferase 2A/WDR5,CHEMBL3883320,PROTEIN-PROTEIN INTERACTION
Mu opioid receptor/Alpha-2A adrenergic receptor,CHEMBL3883321,PROTEIN COMPLEX
Cyclin-C/Cyclin-dependent kinase 19,CHEMBL3883323,PROTEIN COMPLEX
Urokinase-type plasminogen activator/surface receptor,CHEMBL3883324,PROTEIN-PROTEIN INTERACTION
Casein kinase II alpha'/ beta,CHEMBL3883328,PROTEIN COMPLEX
EML4-ALK,CHEMBL3883330,CHIMERIC PROTEIN
Tropomyosin alpha-3 chain/High affinity nerve growth factor receptor,CHEMBL3883331,CHIMERIC PROTEIN
1-acylglycerol-3-phosphate O-acyltransferase ABHD5/Perilipin-5,CHEMBL3885501,PROTEIN-PROTEIN INTERACTION
"3-beta-hydroxysteroid-Delta(8),Delta(7)-isomerase/Delta(24)-sterol reductase",CHEMBL3885502,PROTEIN FAMILY
5'-AMP-activated protein kinase catalytic subunit alpha-2/beta-1/gamma-2,CHEMBL3885504,PROTEIN COMPLEX
Matrix metalloproteinase 2/9,CHEMBL3885505,PROTEIN FAMILY
Acetyl-CoA carboxylase,CHEMBL3885507,PROTEIN FAMILY
Nicotinic acetylcholine receptor alpha-1/beta-1,CHEMBL3885508,PROTEIN COMPLEX
Adenomatous polyposis coli protein/Transcription factor 7-like 2,CHEMBL3885511,PROTEIN-PROTEIN INTERACTION
Adenosine receptor A1/Alpha-2A adrenergic receptor,CHEMBL3885512,PROTEIN COMPLEX
Apoptosis regulator BAX/Bcl-2,CHEMBL3885513,PROTEIN-PROTEIN INTERACTION
Apoptosis regulator BAX/Bcl-2-related protein A1,CHEMBL3885514,PROTEIN-PROTEIN INTERACTION
Apoptosis regulator BAX/Induced myeloid leukemia cell differentiation protein Mcl-1,CHEMBL3885515,PROTEIN-PROTEIN INTERACTION
Apoptosis regulator Bcl-2/Bcl-2 homologous antagonist/killer,CHEMBL3885516,PROTEIN-PROTEIN INTERACTION
Apoptotic protease-activating factor 1/Caspase-3/Caspase-9/Cytochrome c,CHEMBL3885517,PROTEIN COMPLEX
Aryl hydrocarbon receptor nuclear translocator/Endothelial PAS domain-containing protein 1,CHEMBL3885518,PROTEIN-PROTEIN INTERACTION
Axin-2/Catenin beta-1,CHEMBL3885520,PROTEIN-PROTEIN INTERACTION
Baculoviral IAP repeat-containing protein 2/Estrogen receptor,CHEMBL3885521,PROTEIN COMPLEX
Baculoviral IAP repeat-containing protein 3/Mucosa-associated lymphoid tissue lymphoma translocation protein 1,CHEMBL3885522,CHIMERIC PROTEIN
MCL1-BAK1 complex,CHEMBL3885523,PROTEIN COMPLEX
Bcl-2-like protein 11/Bcl-2-related protein A1,CHEMBL3885524,PROTEIN COMPLEX
beta-catenin-B-cell lymphoma 9 protein complex,CHEMBL3885525,PROTEIN COMPLEX
Thymidylate synthase/AICAR transformylase,CHEMBL3885527,PROTEIN FAMILY
Thymidylate synthase/GAR transformylase/AICAR transformylase,CHEMBL3885528,PROTEIN FAMILY
"C-C motif chemokine 5/Neutrophil defensin 1 (Defensin, alpha 1)",CHEMBL3885531,PROTEIN-PROTEIN INTERACTION
Cadherin-1/Transcription factor 7-like 2,CHEMBL3885533,PROTEIN-PROTEIN INTERACTION
LKB1-STRAD-MO25 complex,CHEMBL3885534,PROTEIN COMPLEX
Calmodulin/Proto-oncogene tyrosine-protein kinase Src,CHEMBL3885535,PROTEIN-PROTEIN INTERACTION
Canalicular multispecific organic anion transporter 1/Solute carrier organic anion transporter family member 1B1,CHEMBL3885536,PROTEIN FAMILY
Cannabinoid receptor 1/Mu-type opioid receptor,CHEMBL3885538,PROTEIN COMPLEX
Casein kinase I isoform alpha/subunit beta,CHEMBL3885539,PROTEIN COMPLEX
TCF4-CTNNB1 complex,CHEMBL3885541,PROTEIN COMPLEX
Catenin beta-1/Transcription factor 7,CHEMBL3885542,PROTEIN-PROTEIN INTERACTION
Cellular tumor antigen p53/Death-associated protein kinase 1,CHEMBL3885543,PROTEIN-PROTEIN INTERACTION
Cellular tumor antigen p53/Peptidyl-prolyl cis-trans isomerase D,CHEMBL3885544,PROTEIN-PROTEIN INTERACTION
Cellular tumor antigen p53/Replication protein A 70 kDa DNA-binding subunit,CHEMBL3885545,PROTEIN-PROTEIN INTERACTION
Corticotropin-releasing factor receptor 2/Corticotropin-releasing factor-binding protein,CHEMBL3885546,PROTEIN COMPLEX
Cullin-1/S-phase kinase-associated protein 1,CHEMBL3885547,PROTEIN-PROTEIN INTERACTION
Cyclin-A1/Cyclin-dependent kinase 4,CHEMBL3885548,PROTEIN COMPLEX
Cyclin-T1/Cyclin-dependent-like kinase 5,CHEMBL3885549,PROTEIN COMPLEX
Cyclin-Y/Cyclin-dependent kinase 16,CHEMBL3885550,PROTEIN COMPLEX
Cyclin-dependent kinase 1/G1/S-specific cyclin-D1,CHEMBL3885551,PROTEIN COMPLEX
Cyclin-dependent kinase 2/G1/S-specific cyclin-D1,CHEMBL3885552,PROTEIN COMPLEX
Cyclin-dependent kinase 4/6,CHEMBL3885553,PROTEIN FAMILY
Cyclin-dependent kinase 4/G1/S-specific cyclin-E1,CHEMBL3885554,PROTEIN COMPLEX
Cyclin-dependent kinase 8/19,CHEMBL3885556,PROTEIN FAMILY
Cyclin-dependent kinase inhibitor 1B/S-phase kinase-associated protein 2,CHEMBL3885557,PROTEIN-PROTEIN INTERACTION
Cyclin-dependent kinases regulatory subunit 1/S-phase kinase-associated protein 2,CHEMBL3885558,PROTEIN-PROTEIN INTERACTION
Cystic fibrosis transmembrane conductance regulator/Golgi-associated PDZ and coiled-coil motif-containing protein,CHEMBL3885559,PROTEIN-PROTEIN INTERACTION
DNMT3B-DNMT3L complex,CHEMBL3885560,PROTEIN COMPLEX
Dickkopf-related protein 1/Low-density lipoprotein receptor-related protein 6,CHEMBL3885562,PROTEIN-PROTEIN INTERACTION
Dipeptidyl peptidase 8/9,CHEMBL3885564,PROTEIN FAMILY
Dual specificity mitogen-activated protein kinase kinase 1/Mitogen-activated protein kinase 1/RAF proto-oncogene serine/threonine-protein kinase,CHEMBL3885566,PROTEIN FAMILY
Fanconi anemia group F protein/Transcription factor HES-1,CHEMBL3885567,PROTEIN-PROTEIN INTERACTION
Friend leukemia integration 1 transcription factor (Proto-oncogene Fli-1)/RNA-binding protein EWS,CHEMBL3885568,CHIMERIC PROTEIN
GTP-binding nuclear protein Ran/Importin subunit beta-1/Snurportin-1,CHEMBL3885569,PROTEIN COMPLEX
Gamma-aminobutyric acid receptor subunit alpha-1/ beta-1,CHEMBL3885570,PROTEIN COMPLEX
Gamma-aminobutyric acid receptor subunit alpha-2/beta-2,CHEMBL3885571,PROTEIN COMPLEX
Gamma-aminobutyric acid receptor subunit alpha-3/ beta-2,CHEMBL3885572,PROTEIN COMPLEX
Gamma-aminobutyric acid receptor subunit alpha-3/ beta-3/gamma-3,CHEMBL3885573,PROTEIN COMPLEX
Gamma-aminobutyric acid receptor subunit alpha-3/beta-3,CHEMBL3885574,PROTEIN COMPLEX
Gamma-aminobutyric acid receptor subunit alpha-3/beta-3/theta,CHEMBL3885575,PROTEIN COMPLEX
Gamma-aminobutyric acid receptor subunit alpha-5/beta-2,CHEMBL3885576,PROTEIN COMPLEX
Gamma-aminobutyric acid receptor subunit alpha-5/beta-3/gamma-3,CHEMBL3885577,PROTEIN COMPLEX
Gamma-aminobutyric acid receptor subunit alpha-6/beta-3,CHEMBL3885578,PROTEIN COMPLEX
Glucokinase/Glucokinase regulatory protein,CHEMBL3885579,PROTEIN-PROTEIN INTERACTION
Glutamate receptor AMPA 3/4,CHEMBL3885581,PROTEIN COMPLEX
Guanine nucleotide-binding protein G(i) subunit alpha-1/Regulator of G-protein signaling 12,CHEMBL3885584,PROTEIN-PROTEIN INTERACTION
Heat shock 70 kDa protein 1A/1B,CHEMBL3885585,PROTEIN FAMILY
Hepatocyte growth factor activator/Serine protease hepsin/Suppressor of tumorigenicity 14 protein,CHEMBL3885586,PROTEIN FAMILY
Histone acetyltransferase KAT2A/KAT2B,CHEMBL3885587,PROTEIN FAMILY
Histone acetyltransferase p300/Hypoxia-inducible factor 1-alpha,CHEMBL3885588,PROTEIN COMPLEX
Histone deacetylase 1/8,CHEMBL3885589,PROTEIN FAMILY
Histone deacetylase 1/Nuclear receptor corepressor 2,CHEMBL3885590,PROTEIN COMPLEX
Histone deacetylase 2/Nuclear receptor corepressor 2,CHEMBL3885591,PROTEIN COMPLEX
Histone deacetylase complex subunit SAP130/Splicing factor 3B subunit 1/Splicing factor 3B subunit 2,CHEMBL3885592,PROTEIN COMPLEX
Histone-lysine N-methyltransferase EHMT1/EHMT2,CHEMBL3885593,PROTEIN FAMILY
Importin subunit beta-1/Snurportin-1,CHEMBL3885594,PROTEIN-PROTEIN INTERACTION
Integrin alpha-5/Neuronal acetylcholine receptor subunit alpha-3/Neuronal acetylcholine receptor subunit beta-2/Neuronal acetylcholine receptor subunit beta-4,CHEMBL3885595,PROTEIN COMPLEX
ITGA6-ITGB1 complex,CHEMBL3885596,PROTEIN COMPLEX
ITGB1-ITGA9 complex,CHEMBL3885597,PROTEIN COMPLEX
Kv channel-interacting protein 2/Potassium voltage-gated channel subfamily D member 3,CHEMBL3885598,PROTEIN COMPLEX
LIM domain kinase 1/2,CHEMBL3885599,PROTEIN FAMILY
Lymphocyte function-associated antigen 3/T-cell surface antigen CD2,CHEMBL3885600,PROTEIN-PROTEIN INTERACTION
Lysophosphatidic acid receptor 1/3,CHEMBL3885601,PROTEIN FAMILY
Mitogen-activated protein kinase 10/Receptor-interacting serine/threonine-protein kinase 1,CHEMBL3885602,PROTEIN FAMILY
Mothers against decapentaplegic homolog 2/homolog 3,CHEMBL3885604,PROTEIN FAMILY
Nuclear receptor subfamily 2 group C member 2/TGF-beta-activated kinase 1 and MAP3K7-binding protein 1,CHEMBL3885612,CHIMERIC PROTEIN
Nuclear receptor subfamily 4 group A member 2/Retinoic acid receptor RXR-alpha,CHEMBL3885613,PROTEIN COMPLEX
"Phosphatidylinositol 3-kinase regulatory subunit beta/Phosphatidylinositol 4,5-bisphosphate 3-kinase catalytic subunit beta isoform",CHEMBL3885615,PROTEIN COMPLEX
"Phosphatidylinositol 4,5-bisphosphate 3-kinase catalytic subunit alpha isoform/[Pyruvate dehydrogenase (acetyl-transferring)] kinase isozyme 1, mitochondrial",CHEMBL3885616,PROTEIN FAMILY
"Phosphatidylinositol 4,5-bisphosphate 3-kinase catalytic subunit delta isoform/gamma isoform",CHEMBL3885617,PROTEIN FAMILY
Prostaglandin E synthase/G/H synthase 2,CHEMBL3885623,PROTEIN FAMILY
PAC1-PAC2 complex,CHEMBL3885624,PROTEIN COMPLEX
Proteasome subunit beta type-1/beta type-5,CHEMBL3885625,PROTEIN FAMILY
Protein kinase C iota type/zeta type,CHEMBL3885627,PROTEIN FAMILY
RAC-alpha serine/threonine-protein kinase/Ribosomal protein S6 kinase beta-1,CHEMBL3885629,PROTEIN FAMILY
Ras and Rab interactor 1/Tyrosine-protein kinase ABL1,CHEMBL3885630,PROTEIN-PROTEIN INTERACTION
Retinoic acid receptor RXR-alpha/Retinoic acid receptor beta,CHEMBL3885631,PROTEIN COMPLEX
Retinoic acid receptor RXR-alpha/Vitamin D3 receptor,CHEMBL3885632,PROTEIN COMPLEX
Retinoic acid receptor RXR-alpha/gamma,CHEMBL3885633,PROTEIN COMPLEX
S-phase kinase-associated protein 1/2,CHEMBL3885634,PROTEIN-PROTEIN INTERACTION
Serine-protein kinase ATM/ATR,CHEMBL3885635,PROTEIN FAMILY
Serine/threonine-protein kinase PAK 1/PAK 2,CHEMBL3885636,PROTEIN FAMILY
Serine/threonine-protein kinase PAK 1/PAK 2/PAK 3,CHEMBL3885637,PROTEIN FAMILY
Small ubiquitin-related modifier 2/3 (SUMO 2/3),CHEMBL3885639,PROTEIN FAMILY
Solute carrier family 12 member 2/member 5,CHEMBL3885641,PROTEIN COMPLEX
Toll-like receptor 1/2,CHEMBL3885643,PROTEIN COMPLEX
Transcription factor ETV6/Tyrosine-protein kinase ABL1,CHEMBL3885645,CHIMERIC PROTEIN
Tubulin alpha-1A /beta chains,CHEMBL3885647,PROTEIN COMPLEX GROUP
Nucleosome assembly protein 1-like 4,CHEMBL3886061,SINGLE PROTEIN
Cytosolic carboxypeptidase 2,CHEMBL3886062,SINGLE PROTEIN
Thyrotropin-releasing hormone-degrading ectoenzyme,CHEMBL3886123,SINGLE PROTEIN
80S Ribosome,CHEMBL3987582,PROTEIN NUCLEIC-ACID COMPLEX
Lewis Y antigen,CHEMBL3987607,OLIGOSACCHARIDE
DNA-histone H1 complex,CHEMBL3988061,MACROMOLECULE
Sphingosine 1-phosphate,CHEMBL3988062,LIPID
Transferrin receptor,CHEMBL3988361,PROTEIN FAMILY
Collagen alpha-4(IV) chain,CHEMBL3988505,SINGLE PROTEIN
Light chain aggregates,CHEMBL3988521,MACROMOLECULE
Tumor-associated antigen 72,CHEMBL3988522,MACROMOLECULE
Melanin,CHEMBL3988541,MACROMOLECULE
RAAG12,CHEMBL3988542,OLIGOSACCHARIDE
Oxidized LDL,CHEMBL3988544,MACROMOLECULE
Proteoglycan chondroitin sulfate-associated protein,CHEMBL3988545,UNKNOWN
Human leukocyte antigen DR beta chain,CHEMBL3988561,PROTEIN FAMILY
Sepiapterin reductase,CHEMBL3988583,SINGLE PROTEIN
PC4 and SFRS1-interacting protein,CHEMBL3988590,SINGLE PROTEIN
Taste receptor type 2 member 8,CHEMBL3988599,SINGLE PROTEIN
Porphobilinogen deaminase,CHEMBL3988601,SINGLE PROTEIN
Heat shock factor protein,CHEMBL3988631,PROTEIN FAMILY
Voltage-gated potassium channel subfamily A member 1/beta-1,CHEMBL3988636,PROTEIN COMPLEX
Transforming growth factor beta,CHEMBL3988637,PROTEIN FAMILY
Voltage-dependent L-type calcium channel alpha1C/alpha2delta/beta1b,CHEMBL3988638,PROTEIN COMPLEX
Voltage-dependent P/Q-type calcium channel alpha1A/alpha2delta/beta1b,CHEMBL3988640,PROTEIN COMPLEX
Hepcidin,CHEMBL3989381,SINGLE PROTEIN
Macrophage colony-stimulating factor 1,CHEMBL3989382,SINGLE PROTEIN
Tumor necrosis factor receptor superfamily member 4,CHEMBL3989383,SINGLE PROTEIN
Cadherin-3,CHEMBL3989384,SINGLE PROTEIN
Glycosaminoglycans,CHEMBL3991481,OLIGOSACCHARIDE
"Isocitrate dehydrogenase [NADP], mitochondrial",CHEMBL3991501,SINGLE PROTEIN
Ras-related protein Rab-27A,CHEMBL4105702,SINGLE PROTEIN
Ras-related protein Rab-6A,CHEMBL4105703,SINGLE PROTEIN
Obg-like ATPase 1,CHEMBL4105704,SINGLE PROTEIN
"Dynamin-like GTPase OPA1, mitochondrial",CHEMBL4105705,SINGLE PROTEIN
Membrane-associated progesterone receptor component 1,CHEMBL4105706,SINGLE PROTEIN
Acyl-CoA dehydrogenase family member 11,CHEMBL4105707,SINGLE PROTEIN
Recombining binding protein suppressor of hairless,CHEMBL4105709,SINGLE PROTEIN
ADP-sugar pyrophosphatase,CHEMBL4105713,SINGLE PROTEIN
Serine/threonine-protein phosphatase 4 regulatory subunit 3B,CHEMBL4105714,SINGLE PROTEIN
Protein arginine N-methyltransferase 9,CHEMBL4105724,SINGLE PROTEIN
Zinc finger and BTB domain-containing protein 16,CHEMBL4105726,SINGLE PROTEIN
Cyclic GMP-AMP synthase,CHEMBL4105728,SINGLE PROTEIN
"Glutaminase liver isoform, mitochondrial",CHEMBL4105730,SINGLE PROTEIN
Serine/threonine-protein phosphatase 6 catalytic subunit,CHEMBL4105731,SINGLE PROTEIN
Brefeldin A-inhibited guanine nucleotide-exchange protein 2,CHEMBL4105732,SINGLE PROTEIN
Conserved oligomeric Golgi complex subunit 4,CHEMBL4105733,SINGLE PROTEIN
Bromodomain adjacent to zinc finger domain protein 1A,CHEMBL4105737,SINGLE PROTEIN
Choline/ethanolaminephosphotransferase 1,CHEMBL4105740,SINGLE PROTEIN
Chromodomain-helicase-DNA-binding protein 4,CHEMBL4105742,SINGLE PROTEIN
General transcription and DNA repair factor IIH helicase subunit XPD,CHEMBL4105743,SINGLE PROTEIN
Electron transfer flavoprotein subunit beta,CHEMBL4105744,SINGLE PROTEIN
DNA replication licensing factor MCM4,CHEMBL4105745,SINGLE PROTEIN
Myosin-10,CHEMBL4105746,SINGLE PROTEIN
Structural maintenance of chromosomes protein 1A,CHEMBL4105747,SINGLE PROTEIN
Peroxisomal acyl-coenzyme A oxidase 1,CHEMBL4105748,SINGLE PROTEIN
Receptor-type tyrosine-protein phosphatase O,CHEMBL4105749,SINGLE PROTEIN
Diacylglycerol kinase beta,CHEMBL4105755,SINGLE PROTEIN
STE20-related kinase adapter protein beta,CHEMBL4105756,SINGLE PROTEIN
Butyrophilin subfamily 3 member A1,CHEMBL4105758,SINGLE PROTEIN
Interleukin-1 receptor-associated kinase-like 2,CHEMBL4105759,SINGLE PROTEIN
Probable ATP-dependent RNA helicase DDX17,CHEMBL4105760,SINGLE PROTEIN
Ubiquitin-conjugating enzyme E2 T,CHEMBL4105763,SINGLE PROTEIN
Ubiquitin-conjugating enzyme E2 D1,CHEMBL4105766,SINGLE PROTEIN
Anoctamin-2,CHEMBL4105767,SINGLE PROTEIN
MICOS complex subunit MIC60,CHEMBL4105768,SINGLE PROTEIN
CCR4-NOT transcription complex subunit 3,CHEMBL4105769,SINGLE PROTEIN
CCR4-NOT transcription complex subunit 4,CHEMBL4105770,SINGLE PROTEIN
Peflin,CHEMBL4105771,SINGLE PROTEIN
Serine/threonine-protein phosphatase 6 regulatory ankyrin repeat subunit B,CHEMBL4105772,SINGLE PROTEIN
Serine/threonine-protein phosphatase 6 regulatory subunit 3,CHEMBL4105773,SINGLE PROTEIN
Serine/threonine-protein phosphatase 6 regulatory subunit 1,CHEMBL4105774,SINGLE PROTEIN
Meprin A subunit alpha,CHEMBL4105775,SINGLE PROTEIN
"Superoxide dismutase [Mn], mitochondrial",CHEMBL4105776,SINGLE PROTEIN
"Galactoside alpha-(1,2)-fucosyltransferase 2",CHEMBL4105777,SINGLE PROTEIN
Midasin,CHEMBL4105779,SINGLE PROTEIN
GTP-binding protein 4,CHEMBL4105780,SINGLE PROTEIN
NADH dehydrogenase [ubiquinone] 1 alpha subcomplex subunit 13,CHEMBL4105781,SINGLE PROTEIN
ATP-dependent RNA helicase DDX42,CHEMBL4105782,SINGLE PROTEIN
Probable ATP-dependent RNA helicase DDX6,CHEMBL4105783,SINGLE PROTEIN
Ras-related protein Rab-7a,CHEMBL4105784,SINGLE PROTEIN
B-cell lymphoma 6 protein,CHEMBL4105786,SINGLE PROTEIN
Diacylglycerol kinase alpha,CHEMBL4105787,SINGLE PROTEIN
Inosine triphosphate pyrophosphatase,CHEMBL4105788,SINGLE PROTEIN
Putative phosphatidylinositol 4-kinase alpha-like protein P2,CHEMBL4105789,SINGLE PROTEIN
Bifunctional 3'-phosphoadenosine 5'-phosphosulfate synthase 2,CHEMBL4105790,SINGLE PROTEIN
ATP-dependent RNA helicase DDX39A,CHEMBL4105795,SINGLE PROTEIN
Opioid growth factor receptor,CHEMBL4105797,SINGLE PROTEIN
Short transient receptor potential channel 7,CHEMBL4105799,SINGLE PROTEIN
DNA repair protein complementing XP-A cells,CHEMBL4105801,SINGLE PROTEIN
Exportin-T,CHEMBL4105803,SINGLE PROTEIN
Protein MON2 homolog,CHEMBL4105804,SINGLE PROTEIN
Conserved oligomeric Golgi complex subunit 1,CHEMBL4105805,SINGLE PROTEIN
"Leucine--tRNA ligase, mitochondrial",CHEMBL4105806,SINGLE PROTEIN
"GDP-mannose 4,6 dehydratase",CHEMBL4105807,SINGLE PROTEIN
COP9 signalosome complex subunit 5,CHEMBL4105809,SINGLE PROTEIN
Dedicator of cytokinesis protein 2,CHEMBL4105810,SINGLE PROTEIN
ATP-dependent RNA helicase DHX30,CHEMBL4105814,SINGLE PROTEIN
Glycine--tRNA ligase,CHEMBL4105815,SINGLE PROTEIN
Acyl-CoA dehydrogenase family member 10,CHEMBL4105816,SINGLE PROTEIN
Peroxisomal acyl-coenzyme A oxidase 3,CHEMBL4105817,SINGLE PROTEIN
Long-chain-fatty-acid--CoA ligase 5,CHEMBL4105818,SINGLE PROTEIN
Adenine phosphoribosyltransferase,CHEMBL4105819,SINGLE PROTEIN
Thyroid hormone receptor-associated protein 3,CHEMBL4105820,SINGLE PROTEIN
"Isoleucine--tRNA ligase, mitochondrial",CHEMBL4105821,SINGLE PROTEIN
"Succinate dehydrogenase [ubiquinone] iron-sulfur subunit, mitochondrial",CHEMBL4105824,SINGLE PROTEIN
Serine/threonine-protein kinase greatwall,CHEMBL4105826,SINGLE PROTEIN
Nucleotide triphosphate diphosphatase NUDT15,CHEMBL4105827,SINGLE PROTEIN
Tudor domain-containing protein 7,CHEMBL4105828,SINGLE PROTEIN
Eukaryotic initiation factor 4A-III,CHEMBL4105832,SINGLE PROTEIN
Signal peptide peptidase-like 2A,CHEMBL4105833,SINGLE PROTEIN
Ubiquitin-conjugating enzyme E2 C,CHEMBL4105834,SINGLE PROTEIN
Ubiquitin-conjugating enzyme E2 K,CHEMBL4105835,SINGLE PROTEIN
Parathyroid hormone 2 receptor,CHEMBL4105836,SINGLE PROTEIN
Histone-lysine N-methyltransferase SETD1B,CHEMBL4105837,SINGLE PROTEIN
DCN1-like protein 1,CHEMBL4105838,SINGLE PROTEIN
Gem-associated protein 7,CHEMBL4105841,SINGLE PROTEIN
Conserved oligomeric Golgi complex subunit 3,CHEMBL4105842,SINGLE PROTEIN
Conserved oligomeric Golgi complex subunit 7,CHEMBL4105843,SINGLE PROTEIN
STAM-binding protein,CHEMBL4105848,SINGLE PROTEIN
Eukaryotic translation initiation factor 5B,CHEMBL4105852,SINGLE PROTEIN
Rab-like protein 3,CHEMBL4105853,SINGLE PROTEIN
ADP/ATP translocase 3,CHEMBL4105854,SINGLE PROTEIN
Choline-phosphate cytidylyltransferase A,CHEMBL4105855,SINGLE PROTEIN
Phosphatidylethanolamine-binding protein 1,CHEMBL4105856,SINGLE PROTEIN
Actin-related protein 3,CHEMBL4105857,SINGLE PROTEIN
Putative heat shock protein HSP 90-beta 2,CHEMBL4105858,SINGLE PROTEIN
Sialic acid-binding Ig-like lectin 9,CHEMBL4105860,SINGLE PROTEIN
Eukaryotic translation initiation factor 5A-1,CHEMBL4105862,SINGLE PROTEIN
Bis(5'-nucleosyl)-tetraphosphatase [asymmetrical],CHEMBL4105863,SINGLE PROTEIN
DEP domain-containing mTOR-interacting protein,CHEMBL4105866,SINGLE PROTEIN
Bifunctional coenzyme A synthase,CHEMBL4105867,SINGLE PROTEIN
HLA-DRB2 protein,CHEMBL4105869,SINGLE PROTEIN
Ubiquitin-conjugating enzyme E2 L3,CHEMBL4105871,SINGLE PROTEIN
Ubiquitin-conjugating enzyme E2 E1,CHEMBL4105876,SINGLE PROTEIN
MICOS complex subunit MIC19,CHEMBL4105877,SINGLE PROTEIN
CCR4-NOT transcription complex subunit 10,CHEMBL4105878,SINGLE PROTEIN
Meprin A subunit beta,CHEMBL4105879,SINGLE PROTEIN
Conserved oligomeric Golgi complex subunit 8,CHEMBL4105880,SINGLE PROTEIN
TATA box-binding protein-associated factor RNA polymerase I subunit A,CHEMBL4105882,SINGLE PROTEIN
"HLA class II histocompatibility antigen, DQ alpha 1 chain",CHEMBL4105884,SINGLE PROTEIN
AarF domain-containing protein kinase 1,CHEMBL4105885,SINGLE PROTEIN
Uncharacterized aarF domain-containing protein kinase 5,CHEMBL4105886,SINGLE PROTEIN
Guanine nucleotide-binding protein G(i) subunit alpha-2,CHEMBL4105887,SINGLE PROTEIN
Myosin-14,CHEMBL4105888,SINGLE PROTEIN
Exosome RNA helicase MTR4,CHEMBL4105889,SINGLE PROTEIN
Structural maintenance of chromosomes protein 2,CHEMBL4105890,SINGLE PROTEIN
Septin-9,CHEMBL4105891,SINGLE PROTEIN
"Very long-chain specific acyl-CoA dehydrogenase, mitochondrial",CHEMBL4105892,SINGLE PROTEIN
Ras-related protein Rab-2A,CHEMBL4105893,SINGLE PROTEIN
Cyclin-O,CHEMBL4105895,SINGLE PROTEIN
C-type lectin domain family 4 member E,CHEMBL4105898,SINGLE PROTEIN
14-3-3 protein zeta/delta,CHEMBL4105899,SINGLE PROTEIN
DNA cross-link repair 1A protein,CHEMBL4105903,SINGLE PROTEIN
Sigma intracellular receptor 2,CHEMBL4105907,SINGLE PROTEIN
ATP-dependent RNA helicase DHX29,CHEMBL4105909,SINGLE PROTEIN
Ubiquitin-conjugating enzyme E2 D3,CHEMBL4105911,SINGLE PROTEIN
Signal peptide peptidase-like 2B,CHEMBL4105912,SINGLE PROTEIN
CCR4-NOT transcription complex subunit 1,CHEMBL4105919,SINGLE PROTEIN
CCR4-NOT transcription complex subunit 2,CHEMBL4105920,SINGLE PROTEIN
Serine/threonine-protein phosphatase 6 regulatory ankyrin repeat subunit A,CHEMBL4105921,SINGLE PROTEIN
Serine/threonine-protein phosphatase 6 regulatory ankyrin repeat subunit C,CHEMBL4105922,SINGLE PROTEIN
ELAV-like protein 3,CHEMBL4105924,SINGLE PROTEIN
L-lactate dehydrogenase,CHEMBL4105929,SINGLE PROTEIN
Serine/threonine-protein kinase/endoribonuclease IRE2,CHEMBL4105932,SINGLE PROTEIN
Uncharacterized protein FLJ45252,CHEMBL4105933,SINGLE PROTEIN
Signal recognition particle receptor subunit alpha,CHEMBL4105934,SINGLE PROTEIN
RNA cytidine acetyltransferase,CHEMBL4105935,SINGLE PROTEIN
Putative nucleoside diphosphate kinase,CHEMBL4105936,SINGLE PROTEIN
"Cysteine--tRNA ligase, cytoplasmic",CHEMBL4105937,SINGLE PROTEIN
Diacylglycerol kinase eta,CHEMBL4105940,SINGLE PROTEIN
2-amino-3-carboxymuconate-6-semialdehyde decarboxylase,CHEMBL4105941,SINGLE PROTEIN
Diacylglycerol kinase zeta,CHEMBL4105942,SINGLE PROTEIN
Uridine diphosphate glucose pyrophosphatase NUDT14,CHEMBL4105943,SINGLE PROTEIN
5' exonuclease Apollo,CHEMBL4105944,SINGLE PROTEIN
Peptidyl-prolyl cis-trans isomerase FKBP2,CHEMBL4105949,SINGLE PROTEIN
Ubiquitin-conjugating enzyme E2 H,CHEMBL4105951,SINGLE PROTEIN
Eukaryotic initiation factor 4A-II,CHEMBL4105952,SINGLE PROTEIN
Histone-lysine N-methyltransferase SETD1A,CHEMBL4105954,SINGLE PROTEIN
MICOS complex subunit MIC10,CHEMBL4105956,SINGLE PROTEIN
CCR4-NOT transcription complex subunit 6-like,CHEMBL4105957,SINGLE PROTEIN
CCR4-NOT transcription complex subunit 11,CHEMBL4105958,SINGLE PROTEIN
Survival of motor neuron-related-splicing factor 30,CHEMBL4105959,SINGLE PROTEIN
Serine/threonine-protein phosphatase 6 regulatory subunit 2,CHEMBL4105960,SINGLE PROTEIN
CCR4-NOT transcription complex subunit 9,CHEMBL4105961,SINGLE PROTEIN
Conserved oligomeric Golgi complex subunit 6,CHEMBL4105962,SINGLE PROTEIN
"Bifunctional methylenetetrahydrofolate dehydrogenase/cyclohydrolase 2, mitochondrial",CHEMBL4105963,SINGLE PROTEIN
Lys-63-specific deubiquitinase BRCC36,CHEMBL4105965,SINGLE PROTEIN
Myocilin,CHEMBL4105967,SINGLE PROTEIN
Phenylalanine--tRNA ligase beta subunit,CHEMBL4105969,SINGLE PROTEIN
"Elongation factor Tu, mitochondrial",CHEMBL4105970,SINGLE PROTEIN
Ras-related protein Rab-10,CHEMBL4105971,SINGLE PROTEIN
U5 small nuclear ribonucleoprotein 200 kDa helicase,CHEMBL4105972,SINGLE PROTEIN
"Succinate--CoA ligase [ADP-forming] subunit beta, mitochondrial",CHEMBL4105973,SINGLE PROTEIN
Eukaryotic peptide chain release factor GTP-binding subunit ERF3B,CHEMBL4105974,SINGLE PROTEIN
"Cytochrome c1, heme protein, mitochondrial",CHEMBL4105975,SINGLE PROTEIN
Protein mono-ADP-ribosyltransferase PARP16,CHEMBL4105981,SINGLE PROTEIN
"ADP-ribose pyrophosphatase, mitochondrial",CHEMBL4105984,SINGLE PROTEIN
PAN2-PAN3 deadenylation complex subunit PAN3,CHEMBL4105985,SINGLE PROTEIN
Transcription factor Dp-2,CHEMBL4105986,SINGLE PROTEIN
Atypical chemokine receptor 2,CHEMBL4105988,SINGLE PROTEIN
Lysyl oxidase homolog 3,CHEMBL4105989,SINGLE PROTEIN
Ubiquitin-conjugating enzyme E2 D2,CHEMBL4105990,SINGLE PROTEIN
MICOS complex subunit MIC25,CHEMBL4105993,SINGLE PROTEIN
Programmed cell death protein 6,CHEMBL4105994,SINGLE PROTEIN
Protein ZNRD2,CHEMBL4105996,SINGLE PROTEIN
Nuclear body protein SP140-like protein,CHEMBL4105997,SINGLE PROTEIN
MAC1-CD40L,CHEMBL4106121,PROTEIN-PROTEIN INTERACTION
CD40-CD40L,CHEMBL4106122,PROTEIN-PROTEIN INTERACTION
MDM2-MDMX,CHEMBL4106123,PROTEIN-PROTEIN INTERACTION
MLL1-ASH2L/RbBP5/WDR5/DPY30,CHEMBL4106124,PROTEIN-PROTEIN INTERACTION
BCoR-BCL6,CHEMBL4106125,PROTEIN-PROTEIN INTERACTION
TLR4-MD2,CHEMBL4106126,PROTEIN-PROTEIN INTERACTION
c-Myc/c-Max,CHEMBL4106127,PROTEIN-PROTEIN INTERACTION
IL15-IL15 receptor,CHEMBL4106128,PROTEIN-PROTEIN INTERACTION
Keap1-p62,CHEMBL4106129,PROTEIN-PROTEIN INTERACTION
HSP60/HSP10,CHEMBL4106131,PROTEIN COMPLEX
FASN/HER2,CHEMBL4106134,PROTEIN COMPLEX
RyR1/FKBP12,CHEMBL4106135,PROTEIN COMPLEX
DNA-PK/Ku70/Ku85,CHEMBL4106136,PROTEIN COMPLEX
ATR/ATRIP,CHEMBL4106138,PROTEIN COMPLEX
METTL3/METTL14,CHEMBL4106140,PROTEIN COMPLEX
Aurora-C/INCENP,CHEMBL4106141,PROTEIN COMPLEX
BRD4/HDAC1,CHEMBL4106143,PROTEIN COMPLEX
Glycine receptor alpha-3/beta,CHEMBL4106144,PROTEIN COMPLEX
Nicotinic acetylcholine receptor alpha-1/beta-1/delta/epsilon,CHEMBL4106145,PROTEIN COMPLEX
Integrin alpha-V/beta-3/alpha-V/beta-5,CHEMBL4106150,PROTEIN COMPLEX
GABA-A receptor alpha-1/beta-3,CHEMBL4106151,PROTEIN COMPLEX
CDK2/Cyclin O,CHEMBL4106152,PROTEIN COMPLEX
CDK2/Bovine cyclin A,CHEMBL4106153,PROTEIN COMPLEX
GABA-A receptor alpha-4/beta-3/delta,CHEMBL4106157,PROTEIN COMPLEX
AMP-activated protein kinase alpha-2/beta-2/gamma-2,CHEMBL4106158,PROTEIN COMPLEX
AMP-activated protein kinase alpha-2/beta-1/gamma-3,CHEMBL4106159,PROTEIN COMPLEX
N-type calcium channel alpha-1b/alpha2delta-1/beta-1b,CHEMBL4106160,PROTEIN COMPLEX
CDK18/Cyclin Y,CHEMBL4106161,PROTEIN COMPLEX
AMP-activated protein kinase alpha-1/beta-2/gamma-3,CHEMBL4106162,PROTEIN COMPLEX
AMP-activated protein kinase alpha-1/beta-2/gamma-2,CHEMBL4106163,PROTEIN COMPLEX
L-type calcium channel alpha-1c/beta-2/alpha2delta-1,CHEMBL4106164,PROTEIN COMPLEX
CDK12/Cyclin K,CHEMBL4106169,PROTEIN COMPLEX
Superoxide dismutase 1/2,CHEMBL4106171,PROTEIN FAMILY
Glucocerebrosidase GBA1/GBA2,CHEMBL4106172,PROTEIN FAMILY
Topoisomerase I/II,CHEMBL4106174,PROTEIN FAMILY
Serine/threonine-protein kinase Rac alpha/beta,CHEMBL4106175,PROTEIN FAMILY
Dual specificity protein kinase CLK1/CLK4,CHEMBL4106176,PROTEIN FAMILY
Rho GTPase Rac1/CDC42,CHEMBL4106177,PROTEIN FAMILY
Ribosomal protein S6 kinase alpha-1/alpha-3,CHEMBL4106179,PROTEIN FAMILY
p38 MAP kinase alpha/beta,CHEMBL4106180,PROTEIN FAMILY
Toll-like receptor 3/8/9,CHEMBL4106182,PROTEIN FAMILY
Glutaminase 1/2,CHEMBL4106183,PROTEIN FAMILY
CDK4/CDK9,CHEMBL4106184,PROTEIN FAMILY
Histone deacetylase 1/6,CHEMBL4106187,PROTEIN FAMILY
Melanin-concentrating hormone receptor 2/HERG,CHEMBL4106188,SELECTIVITY GROUP
BRAF/CRAF,CHEMBL4106189,PROTEIN COMPLEX
Amyloid beta-binding alcohol dehydrogenase,CHEMBL4295598,SINGLE PROTEIN
ADP-ribose glycohydrolase MACROD2,CHEMBL4295630,SINGLE PROTEIN
Putative annexin A2-like protein,CHEMBL4295633,SINGLE PROTEIN
"Alkyldihydroxyacetonephosphate synthase, peroxisomal",CHEMBL4295643,SINGLE PROTEIN
HCLS1-associated protein X-1,CHEMBL4295644,SINGLE PROTEIN
AH receptor-interacting protein,CHEMBL4295645,SINGLE PROTEIN
Mannan-binding lectin serine protease 2,CHEMBL4295646,SINGLE PROTEIN
Importin-5,CHEMBL4295647,SINGLE PROTEIN
Agrin,CHEMBL4295648,SINGLE PROTEIN
C-C motif chemokine 22,CHEMBL4295649,SINGLE PROTEIN
Transcription regulator protein BACH1,CHEMBL4295651,SINGLE PROTEIN
Myosin regulatory light chain 12B,CHEMBL4295652,SINGLE PROTEIN
Calmegin,CHEMBL4295653,SINGLE PROTEIN
Protein transport protein Sec16A,CHEMBL4295654,SINGLE PROTEIN
Phosphoribosylformylglycinamidine synthase,CHEMBL4295655,SINGLE PROTEIN
Actin-related protein 2/3 complex subunit 1B,CHEMBL4295656,SINGLE PROTEIN
Actin-related protein 2/3 complex subunit 2,CHEMBL4295657,SINGLE PROTEIN
Actin-related protein 2/3 complex subunit 5,CHEMBL4295658,SINGLE PROTEIN
ATP-dependent RNA helicase DHX15,CHEMBL4295661,SINGLE PROTEIN
mRNA cap guanine-N7 methyltransferase,CHEMBL4295662,SINGLE PROTEIN
Thioredoxin-like protein 1,CHEMBL4295663,SINGLE PROTEIN
Tolloid-like protein 1,CHEMBL4295664,SINGLE PROTEIN
Neuropilin-2,CHEMBL4295667,SINGLE PROTEIN
Protein diaphanous homolog 1,CHEMBL4295668,SINGLE PROTEIN
General vesicular transport factor p115,CHEMBL4295669,SINGLE PROTEIN
Endothelial differentiation-related factor 1,CHEMBL4295670,SINGLE PROTEIN
DnaJ homolog subfamily A member 2,CHEMBL4295671,SINGLE PROTEIN
Lysine-specific demethylase PHF2,CHEMBL4295672,SINGLE PROTEIN
Clustered mitochondria protein homolog,CHEMBL4295673,SINGLE PROTEIN
DnaJ homolog subfamily B member 6,CHEMBL4295674,SINGLE PROTEIN
Low-density lipoprotein receptor-related protein 5,CHEMBL4295675,SINGLE PROTEIN
Hyaluronan mediated motility receptor,CHEMBL4295676,SINGLE PROTEIN
Filamin-B,CHEMBL4295677,SINGLE PROTEIN
"Citrate synthase, mitochondrial",CHEMBL4295678,SINGLE PROTEIN
Vesicle-trafficking protein SEC22b,CHEMBL4295679,SINGLE PROTEIN
Nuclear pore complex protein Nup155,CHEMBL4295680,SINGLE PROTEIN
WD repeat and HMG-box DNA-binding protein 1,CHEMBL4295681,SINGLE PROTEIN
Adenylyltransferase and sulfurtransferase MOCS3,CHEMBL4295684,SINGLE PROTEIN
Sodium-dependent phosphate transport protein 2B,CHEMBL4295685,SINGLE PROTEIN
Mitochondrial pyruvate carrier 2,CHEMBL4295686,SINGLE PROTEIN
AP-2 complex subunit alpha-1,CHEMBL4295687,SINGLE PROTEIN
"Apoptosis-inducing factor 1, mitochondrial",CHEMBL4295688,SINGLE PROTEIN
Diphosphoinositol polyphosphate phosphohydrolase 1,CHEMBL4295689,SINGLE PROTEIN
Alpha-2-macroglobulin,CHEMBL4295690,SINGLE PROTEIN
Polymeric immunoglobulin receptor,CHEMBL4295691,SINGLE PROTEIN
Complement component C9,CHEMBL4295693,SINGLE PROTEIN
Alpha-2-HS-glycoprotein,CHEMBL4295694,SINGLE PROTEIN
Dolichyl-diphosphooligosaccharide--protein glycosyltransferase subunit 1,CHEMBL4295697,SINGLE PROTEIN
Large ribosomal subunit protein P2,CHEMBL4295698,SINGLE PROTEIN
Gelsolin,CHEMBL4295700,SINGLE PROTEIN
Complement C2,CHEMBL4295701,SINGLE PROTEIN
Glucose-6-phosphate isomerase,CHEMBL4295702,SINGLE PROTEIN
Signal recognition particle 19 kDa protein,CHEMBL4295704,SINGLE PROTEIN
Tropomyosin alpha-1 chain,CHEMBL4295705,SINGLE PROTEIN
Clathrin light chain A,CHEMBL4295706,SINGLE PROTEIN
Fructose-bisphosphate aldolase C,CHEMBL4295709,SINGLE PROTEIN
"Medium-chain specific acyl-CoA dehydrogenase, mitochondrial",CHEMBL4295713,SINGLE PROTEIN
Protein disulfide-isomerase A4,CHEMBL4295717,SINGLE PROTEIN
Plastin-2,CHEMBL4295718,SINGLE PROTEIN
Y-box-binding protein 3,CHEMBL4295720,SINGLE PROTEIN
Rho-related GTP-binding protein RhoQ,CHEMBL4295721,SINGLE PROTEIN
Probable ATP-dependent RNA helicase DDX5,CHEMBL4295722,SINGLE PROTEIN
Vinculin,CHEMBL4295723,SINGLE PROTEIN
Nucleolin,CHEMBL4295725,SINGLE PROTEIN
Transcription factor E3,CHEMBL4295726,SINGLE PROTEIN
Inter-alpha-trypsin inhibitor heavy chain H2,CHEMBL4295727,SINGLE PROTEIN
Cysteine and glycine-rich protein 1,CHEMBL4295728,SINGLE PROTEIN
Non-selective voltage-gated ion channel VDAC1,CHEMBL4295729,SINGLE PROTEIN
Receptor-type tyrosine-protein phosphatase zeta,CHEMBL4295730,SINGLE PROTEIN
Elongation factor 1-beta,CHEMBL4295731,SINGLE PROTEIN
Moesin,CHEMBL4295733,SINGLE PROTEIN
High mobility group protein B2,CHEMBL4295734,SINGLE PROTEIN
Elongation factor 1-gamma,CHEMBL4295735,SINGLE PROTEIN
Gap junction beta-2 protein,CHEMBL4295738,SINGLE PROTEIN
Elongation factor 1-delta,CHEMBL4295739,SINGLE PROTEIN
Guanine nucleotide-binding protein subunit alpha-11,CHEMBL4295740,SINGLE PROTEIN
Peroxiredoxin-6,CHEMBL4295741,SINGLE PROTEIN
"Thioredoxin-dependent peroxide reductase, mitochondrial",CHEMBL4295742,SINGLE PROTEIN
Peroxiredoxin-2,CHEMBL4295744,SINGLE PROTEIN
Cystathionine gamma-lyase,CHEMBL4295745,SINGLE PROTEIN
Long-chain-fatty-acid--CoA ligase 1,CHEMBL4295746,SINGLE PROTEIN
"Serine hydroxymethyltransferase, mitochondrial",CHEMBL4295747,SINGLE PROTEIN
Catenin alpha-1,CHEMBL4295748,SINGLE PROTEIN
Polycomb complex protein BMI-1,CHEMBL4295749,SINGLE PROTEIN
Prohibitin 1,CHEMBL4295750,SINGLE PROTEIN
ADP-ribosylation factor-like protein 2,CHEMBL4295751,SINGLE PROTEIN
"ATP synthase subunit gamma, mitochondrial",CHEMBL4295752,SINGLE PROTEIN
Pigment epithelium-derived factor,CHEMBL4295753,SINGLE PROTEIN
Phospholipid hydroperoxide glutathione peroxidase GPX4,CHEMBL4295754,SINGLE PROTEIN
Hippocalcin-like protein 1,CHEMBL4295755,SINGLE PROTEIN
V-type proton ATPase catalytic subunit A,CHEMBL4295756,SINGLE PROTEIN
"Stress-70 protein, mitochondrial",CHEMBL4295757,SINGLE PROTEIN
Acidic leucine-rich nuclear phosphoprotein 32 family member A,CHEMBL4295758,SINGLE PROTEIN
"Trifunctional enzyme subunit alpha, mitochondrial",CHEMBL4295759,SINGLE PROTEIN
Epidermal growth factor receptor substrate 15,CHEMBL4295760,SINGLE PROTEIN
Protein AF-9,CHEMBL4295761,SINGLE PROTEIN
"Leucine-rich PPR motif-containing protein, mitochondrial",CHEMBL4295762,SINGLE PROTEIN
Ras GTPase-activating-like protein IQGAP1,CHEMBL4295763,SINGLE PROTEIN
F-actin-capping protein subunit beta,CHEMBL4295764,SINGLE PROTEIN
Glutamate--cysteine ligase regulatory subunit,CHEMBL4295765,SINGLE PROTEIN
T-complex protein 1 subunit epsilon,CHEMBL4295766,SINGLE PROTEIN
Mannan-binding lectin serine protease 1,CHEMBL4295768,SINGLE PROTEIN
Large ribosomal subunit protein bL19m,CHEMBL4295771,SINGLE PROTEIN
Transmembrane emp24 domain-containing protein 10,CHEMBL4295772,SINGLE PROTEIN
DNA ligase 3,CHEMBL4295773,SINGLE PROTEIN
Vasodilator-stimulated phosphoprotein,CHEMBL4295774,SINGLE PROTEIN
T-complex protein 1 subunit theta,CHEMBL4295775,SINGLE PROTEIN
Small ribosomal subunit protein mS29,CHEMBL4295776,SINGLE PROTEIN
Translocon-associated protein subunit delta,CHEMBL4295777,SINGLE PROTEIN
B-cell receptor-associated protein 31,CHEMBL4295778,SINGLE PROTEIN
Aldehyde dehydrogenase family 3 member A2,CHEMBL4295779,SINGLE PROTEIN
Large ribosomal subunit protein bL12m,CHEMBL4295780,SINGLE PROTEIN
F-actin-capping protein subunit alpha-1,CHEMBL4295781,SINGLE PROTEIN
Coatomer subunit beta,CHEMBL4295782,SINGLE PROTEIN
Delta-1-pyrroline-5-carboxylate synthase,CHEMBL4295784,SINGLE PROTEIN
Signal recognition particle subunit SRP54,CHEMBL4295786,SINGLE PROTEIN
NEDD8-conjugating enzyme Ubc12,CHEMBL4295787,SINGLE PROTEIN
Neuronal calcium sensor 1,CHEMBL4295788,SINGLE PROTEIN
Tropomyosin alpha-4 chain,CHEMBL4295789,SINGLE PROTEIN
RNA-binding protein 3,CHEMBL4295793,SINGLE PROTEIN
Solute carrier family 25 member 3,CHEMBL4295795,SINGLE PROTEIN
Vigilin,CHEMBL4295796,SINGLE PROTEIN
Receptor expression-enhancing protein 5,CHEMBL4295797,SINGLE PROTEIN
Protein SET,CHEMBL4295798,SINGLE PROTEIN
A-kinase anchor protein 12,CHEMBL4295800,SINGLE PROTEIN
Protein ENL,CHEMBL4295801,SINGLE PROTEIN
Proteasome activator complex subunit 1,CHEMBL4295804,SINGLE PROTEIN
Serine/arginine-rich splicing factor 1,CHEMBL4295805,SINGLE PROTEIN
Sodium-dependent phosphate transporter 2,CHEMBL4295806,SINGLE PROTEIN
Mitochondrial-processing peptidase subunit alpha,CHEMBL4295809,SINGLE PROTEIN
Aminoacyl tRNA synthase complex-interacting multifunctional protein 1,CHEMBL4295810,SINGLE PROTEIN
Interleukin enhancer-binding factor 2,CHEMBL4295811,SINGLE PROTEIN
Peroxiredoxin-4,CHEMBL4295812,SINGLE PROTEIN
Serine/arginine-rich splicing factor 9,CHEMBL4295813,SINGLE PROTEIN
Eukaryotic translation initiation factor 3 subunit I,CHEMBL4295814,SINGLE PROTEIN
Cytoplasmic dynein 1 intermediate chain 2,CHEMBL4295815,SINGLE PROTEIN
Sequestosome-1,CHEMBL4295816,SINGLE PROTEIN
Plakophilin-1,CHEMBL4295817,SINGLE PROTEIN
Bleomycin hydrolase,CHEMBL4295818,SINGLE PROTEIN
Ubiquitin-associated protein 2-like,CHEMBL4295819,SINGLE PROTEIN
Src substrate cortactin,CHEMBL4295820,SINGLE PROTEIN
Caprin-1,CHEMBL4295821,SINGLE PROTEIN
Prostaglandin reductase 1,CHEMBL4295822,SINGLE PROTEIN
Serum paraoxonase/arylesterase 2,CHEMBL4295823,SINGLE PROTEIN
Serum paraoxonase/lactonase 3,CHEMBL4295824,SINGLE PROTEIN
Poly(rC)-binding protein 1,CHEMBL4295825,SINGLE PROTEIN
Poly(rC)-binding protein 2,CHEMBL4295826,SINGLE PROTEIN
Protein transport protein Sec23A,CHEMBL4295827,SINGLE PROTEIN
Transcriptional enhancer factor TEF-3,CHEMBL4295828,SINGLE PROTEIN
Transforming growth factor-beta-induced protein ig-h3,CHEMBL4295829,SINGLE PROTEIN
Myeloid leukemia factor 2,CHEMBL4295830,SINGLE PROTEIN
NEDD8,CHEMBL4295831,SINGLE PROTEIN
Zyxin,CHEMBL4295832,SINGLE PROTEIN
Cysteine and glycine-rich protein 2,CHEMBL4295833,SINGLE PROTEIN
Dihydropyrimidinase-related protein 2,CHEMBL4295834,SINGLE PROTEIN
Thiosulfate sulfurtransferase,CHEMBL4295835,SINGLE PROTEIN
Leucine-rich repeat flightless-interacting protein 1,CHEMBL4295838,SINGLE PROTEIN
Protein LSM12,CHEMBL4295839,SINGLE PROTEIN
Mitochondrial import inner membrane translocase subunit TIM50,CHEMBL4295842,SINGLE PROTEIN
Guanine nucleotide-binding protein G(s) subunit alpha isoforms XLas,CHEMBL4295849,SINGLE PROTEIN
Histone H2B type 2-F,CHEMBL4295850,SINGLE PROTEIN
E3 ubiquitin-protein ligase UBR4,CHEMBL4295851,SINGLE PROTEIN
5'-nucleotidase domain-containing protein 1,CHEMBL4295852,SINGLE PROTEIN
Proteasome adapter and scaffold protein ECM29,CHEMBL4295853,SINGLE PROTEIN
Tensin-3,CHEMBL4295861,SINGLE PROTEIN
Epithelial splicing regulatory protein 1,CHEMBL4295865,SINGLE PROTEIN
DCN1-like protein 2,CHEMBL4295866,SINGLE PROTEIN
Testis-specific serine/threonine-protein kinase 4,CHEMBL4295868,SINGLE PROTEIN
"Monofunctional C1-tetrahydrofolate synthase, mitochondrial",CHEMBL4295869,SINGLE PROTEIN
Dynamin-binding protein,CHEMBL4295871,SINGLE PROTEIN
Protein lin-28 homolog B,CHEMBL4295873,SINGLE PROTEIN
Histone H3.2,CHEMBL4295875,SINGLE PROTEIN
MOB kinase activator 1B,CHEMBL4295878,SINGLE PROTEIN
Zinc finger CCCH-type antiviral protein 1,CHEMBL4295879,SINGLE PROTEIN
Neuroepithelial cell-transforming gene 1 protein,CHEMBL4295880,SINGLE PROTEIN
E3 ubiquitin-protein ligase HUWE1,CHEMBL4295881,SINGLE PROTEIN
Deaminated glutathione amidase,CHEMBL4295883,SINGLE PROTEIN
BLOC-2 complex member HPS6,CHEMBL4295884,SINGLE PROTEIN
Trafficking protein particle complex subunit 5,CHEMBL4295892,SINGLE PROTEIN
Mitotic interactor and substrate of PLK1,CHEMBL4295893,SINGLE PROTEIN
DCN1-like protein 3,CHEMBL4295894,SINGLE PROTEIN
Protein mono-ADP-ribosyltransferase PARP9,CHEMBL4295895,SINGLE PROTEIN
Aldehyde dehydrogenase family 16 member A1,CHEMBL4295896,SINGLE PROTEIN
Sodium-dependent phosphate transport protein 2C,CHEMBL4295900,SINGLE PROTEIN
Oxidation resistance protein 1,CHEMBL4295901,SINGLE PROTEIN
TGF-beta-activated kinase 1 and MAP3K7-binding protein 3,CHEMBL4295902,SINGLE PROTEIN
Lysophosphatidylcholine acyltransferase 1,CHEMBL4295903,SINGLE PROTEIN
Diphosphoinositol polyphosphate phosphohydrolase 3-alpha,CHEMBL4295904,SINGLE PROTEIN
TBC1 domain family member 15,CHEMBL4295905,SINGLE PROTEIN
"Solute carrier family 2, facilitated glucose transporter member 14",CHEMBL4295906,SINGLE PROTEIN
Leucine-rich repeat-containing protein 15,CHEMBL4295907,SINGLE PROTEIN
Transmembrane protein 263,CHEMBL4295908,SINGLE PROTEIN
Sodium-dependent phosphate transporter 1,CHEMBL4295909,SINGLE PROTEIN
DCN1-like protein 4,CHEMBL4295914,SINGLE PROTEIN
C-C motif chemokine 17,CHEMBL4295915,SINGLE PROTEIN
Protein NDRG1,CHEMBL4295916,SINGLE PROTEIN
Acidic leucine-rich nuclear phosphoprotein 32 family member B,CHEMBL4295917,SINGLE PROTEIN
Rho guanine nucleotide exchange factor 1,CHEMBL4295918,SINGLE PROTEIN
7-methylguanosine phosphate-specific 5'-nucleotidase,CHEMBL4295921,SINGLE PROTEIN
Far upstream element-binding protein 1,CHEMBL4295922,SINGLE PROTEIN
Pyrroline-5-carboxylate reductase 2,CHEMBL4295923,SINGLE PROTEIN
Nuclear receptor-binding factor 2,CHEMBL4295924,SINGLE PROTEIN
E3 ubiquitin-protein ligase Itchy homolog,CHEMBL4295925,SINGLE PROTEIN
Lysyl oxidase homolog 4,CHEMBL4295926,SINGLE PROTEIN
"Membrane-associated guanylate kinase, WW and PDZ domain-containing protein 1",CHEMBL4295927,SINGLE PROTEIN
Calponin-2,CHEMBL4295930,SINGLE PROTEIN
Prohibitin-2,CHEMBL4295931,SINGLE PROTEIN
Protein NipSnap homolog 1,CHEMBL4295933,SINGLE PROTEIN
ADP-ribose glycohydrolase MACROD1,CHEMBL4295934,SINGLE PROTEIN
Thioredoxin domain-containing protein 17,CHEMBL4295935,SINGLE PROTEIN
Cancer-related nucleoside-triphosphatase,CHEMBL4295936,SINGLE PROTEIN
DCN1-like protein 5,CHEMBL4295937,SINGLE PROTEIN
Eukaryotic translation initiation factor 2A,CHEMBL4295938,SINGLE PROTEIN
182 kDa tankyrase-1-binding protein,CHEMBL4295939,SINGLE PROTEIN
(E3-independent) E2 ubiquitin-conjugating enzyme,CHEMBL4295940,SINGLE PROTEIN
Thioredoxin-related transmembrane protein 1,CHEMBL4295941,SINGLE PROTEIN
EH domain-containing protein 1,CHEMBL4295942,SINGLE PROTEIN
Cytosolic iron-sulfur assembly component 2A,CHEMBL4295943,SINGLE PROTEIN
Putative tubulin-like protein alpha-4B,CHEMBL4295944,SINGLE PROTEIN
5'-nucleotidase domain-containing protein 2,CHEMBL4295945,SINGLE PROTEIN
Jupiter microtubule associated homolog 2,CHEMBL4295946,SINGLE PROTEIN
Ketosamine-3-kinase,CHEMBL4295947,SINGLE PROTEIN
Calcyclin-binding protein,CHEMBL4295948,SINGLE PROTEIN
Cytochrome P450 4F11,CHEMBL4295949,SINGLE PROTEIN
Arsenite methyltransferase,CHEMBL4295950,SINGLE PROTEIN
Glyoxalase domain-containing protein 4,CHEMBL4295951,SINGLE PROTEIN
X antigen family member 1,CHEMBL4295952,SINGLE PROTEIN
Acyl-coenzyme A thioesterase 13,CHEMBL4295957,SINGLE PROTEIN
"Fructose-2,6-bisphosphatase TIGAR",CHEMBL4295958,SINGLE PROTEIN
Bridging integrator 3,CHEMBL4295959,SINGLE PROTEIN
Small COPII coat GTPase SAR1A,CHEMBL4295960,SINGLE PROTEIN
Translation initiation factor eIF2B subunit gamma,CHEMBL4295961,SINGLE PROTEIN
ADP-ribosylation factor-like protein 8B,CHEMBL4295962,SINGLE PROTEIN
ADP-ribosylhydrolase ARH3,CHEMBL4295963,SINGLE PROTEIN
"Solute carrier family 2, facilitated glucose transporter member 8",CHEMBL4295964,SINGLE PROTEIN
TGF-beta-activated kinase 1 and MAP3K7-binding protein 2,CHEMBL4295965,SINGLE PROTEIN
Constitutive coactivator of PPAR-gamma-like protein 1,CHEMBL4295966,SINGLE PROTEIN
Diphosphoinositol polyphosphate phosphohydrolase 2,CHEMBL4295967,SINGLE PROTEIN
Small proline-rich protein 3,CHEMBL4295970,SINGLE PROTEIN
Short transient receptor potential channel 4,CHEMBL4295971,SINGLE PROTEIN
Glyoxylate reductase/hydroxypyruvate reductase,CHEMBL4295972,SINGLE PROTEIN
DNA repair protein REV1,CHEMBL4295973,SINGLE PROTEIN
Regulator of G-protein signaling 17,CHEMBL4295974,SINGLE PROTEIN
Ubiquitin carboxyl-terminal hydrolase 25,CHEMBL4295975,SINGLE PROTEIN
Prefoldin subunit 2,CHEMBL4295976,SINGLE PROTEIN
Multifunctional methyltransferase subunit TRM112-like protein,CHEMBL4295977,SINGLE PROTEIN
N-acetyl-D-glucosamine kinase,CHEMBL4295978,SINGLE PROTEIN
Unconventional myosin-XV,CHEMBL4295979,SINGLE PROTEIN
Myosin-2,CHEMBL4295980,SINGLE PROTEIN
Ras-related protein Rab-22A,CHEMBL4295981,SINGLE PROTEIN
Proteasome activator complex subunit 2,CHEMBL4295982,SINGLE PROTEIN
MAPK/MAK/MRK overlapping kinase,CHEMBL4295983,SINGLE PROTEIN
Small ribosomal subunit protein uS7m,CHEMBL4295986,SINGLE PROTEIN
"Acyl-coenzyme A thioesterase 9, mitochondrial",CHEMBL4295987,SINGLE PROTEIN
Deoxyribose-phosphate aldolase,CHEMBL4295988,SINGLE PROTEIN
Cytosolic iron-sulfur assembly component 2B,CHEMBL4295989,SINGLE PROTEIN
Small ribosomal subunit protein mS23,CHEMBL4295990,SINGLE PROTEIN
ADP-ribose glycohydrolase OARD1,CHEMBL4295991,SINGLE PROTEIN
YTH domain-containing family protein 2,CHEMBL4295992,SINGLE PROTEIN
Signal recognition particle receptor subunit beta,CHEMBL4295993,SINGLE PROTEIN
Testis-expressed protein 264,CHEMBL4295994,SINGLE PROTEIN
Tolloid-like protein 2,CHEMBL4295995,SINGLE PROTEIN
Heterogeneous nuclear ribonucleoprotein Q,CHEMBL4295997,SINGLE PROTEIN
Mitotic checkpoint serine/threonine-protein kinase BUB1 beta,CHEMBL4295998,SINGLE PROTEIN
Replication factor C subunit 5,CHEMBL4296000,SINGLE PROTEIN
Protein disulfide-isomerase A3,CHEMBL4296001,SINGLE PROTEIN
"Pyrroline-5-carboxylate reductase 1, mitochondrial",CHEMBL4296002,SINGLE PROTEIN
"Isocitrate dehydrogenase [NAD] subunit alpha, mitochondrial",CHEMBL4296004,SINGLE PROTEIN
Heterogeneous nuclear ribonucleoprotein H2,CHEMBL4296005,SINGLE PROTEIN
Y-box-binding protein 1,CHEMBL4296006,SINGLE PROTEIN
Heterogeneous nuclear ribonucleoprotein U,CHEMBL4296007,SINGLE PROTEIN
Neuroblast differentiation-associated protein AHNAK,CHEMBL4296008,SINGLE PROTEIN
Heterogeneous nuclear ribonucleoprotein D0,CHEMBL4296009,SINGLE PROTEIN
Beclin-1,CHEMBL4296010,SINGLE PROTEIN
DNA replication licensing factor MCM6,CHEMBL4296011,SINGLE PROTEIN
Telomeric repeat-binding factor 2,CHEMBL4296012,SINGLE PROTEIN
Interleukin-23 receptor,CHEMBL4296013,SINGLE PROTEIN
THO complex subunit 4,CHEMBL4296014,SINGLE PROTEIN
COP9 signalosome complex subunit 8,CHEMBL4296015,SINGLE PROTEIN
Nucleolar RNA helicase 2,CHEMBL4296016,SINGLE PROTEIN
GMP reductase 2,CHEMBL4296017,SINGLE PROTEIN
UV radiation resistance-associated gene protein,CHEMBL4296018,SINGLE PROTEIN
DNA mismatch repair protein Msh2,CHEMBL4296019,SINGLE PROTEIN
Eukaryotic translation initiation factor 6,CHEMBL4296020,SINGLE PROTEIN
Melanoma-associated antigen 4,CHEMBL4296022,SINGLE PROTEIN
Proteasome activator complex subunit 3,CHEMBL4296023,SINGLE PROTEIN
Cytoskeleton-associated protein 4,CHEMBL4296025,SINGLE PROTEIN
Tight junction protein ZO-1,CHEMBL4296026,SINGLE PROTEIN
Diphosphoinositol polyphosphate phosphohydrolase 3-beta,CHEMBL4296042,SINGLE PROTEIN
Calmodulin-2,CHEMBL4296043,SINGLE PROTEIN
Gamma-aminobutyric acid receptor subunit alpha-1/beta-2/delta,CHEMBL4296044,PROTEIN COMPLEX
Gamma-aminobutyric acid receptor subunit beta-1/beta-2,CHEMBL4296045,PROTEIN COMPLEX
Gamma-aminobutyric acid receptor subunit alpha-4/beta-2/delta,CHEMBL4296046,PROTEIN COMPLEX
Gamma-aminobutyric acid receptor subunit alpha-5/beta-3,CHEMBL4296057,PROTEIN COMPLEX
Gamma-aminobutyric acid receptor subunit alpha-2/beta-3,CHEMBL4296064,PROTEIN COMPLEX
Cyclin-dependent kinase 1/ G1/S-specific cyclin-D3,CHEMBL4296065,PROTEIN COMPLEX
Cyclin-dependent kinase 1/Cyclin A1,CHEMBL4296066,PROTEIN COMPLEX
Cyclin-dependent kinase 13/Cyclin-K,CHEMBL4296067,PROTEIN COMPLEX
Somatostatin receptor type 2/type 5,CHEMBL4296070,PROTEIN FAMILY
Histone deacetylase 6/3,CHEMBL4296072,PROTEIN FAMILY
Lysine-specific demethylase 5A/5B,CHEMBL4296073,PROTEIN FAMILY
Nucleoside diphosphate kinase A/B,CHEMBL4296074,PROTEIN FAMILY
Glycine receptor subunit alpha-2/beta,CHEMBL4296075,PROTEIN COMPLEX
Coagulation factor IX/VIII,CHEMBL4296076,PROTEIN COMPLEX
Transforming growth factor beta-1 proprotein/Mothers against decapentaplegic homolog 3,CHEMBL4296077,PROTEIN-PROTEIN INTERACTION
Heat shock protein HSP 90-alpha/Hsp90 co-chaperone Cdc37,CHEMBL4296080,PROTEIN COMPLEX
Heat shock protein HSP 90-beta/Hsp90 co-chaperone Cdc37,CHEMBL4296081,PROTEIN COMPLEX
Short transient receptor potential channel 1 & 3/Stromal interaction molecule 1/Calcium release-activated calcium channel protein 1,CHEMBL4296083,PROTEIN COMPLEX
Stromal interaction molecule 1 & 2/Calcium release-activated calcium channel protein 1,CHEMBL4296084,PROTEIN COMPLEX
5-hydroxytryptamine receptor 3A/3E,CHEMBL4296087,PROTEIN COMPLEX
Eukaryotic translation initiation factor 4E/Eukaryotic translation initiation factor 4E-binding protein 1,CHEMBL4296088,PROTEIN-PROTEIN INTERACTION
5-hydroxytryptamine receptor 3A/3C,CHEMBL4296091,PROTEIN COMPLEX
APC/Asef,CHEMBL4296093,PROTEIN COMPLEX
D(2) dopamine receptor/Metabotropic glutamate receptor 5,CHEMBL4296096,PROTEIN COMPLEX
LIG4/XRCC4,CHEMBL4296097,PROTEIN COMPLEX
Mitogen-activated protein kinase 8/9,CHEMBL4296098,PROTEIN FAMILY
Neuronal calcium sensor 1/Synembryn-A,CHEMBL4296100,PROTEIN COMPLEX
PTPN9/STAT3,CHEMBL4296101,PROTEIN-PROTEIN INTERACTION
Cereblon/Casein kinase I alpha,CHEMBL4296102,PROTEIN COMPLEX
Cereblon/Ikaros,CHEMBL4296103,PROTEIN COMPLEX
PIK3CG/PIK3R1,CHEMBL4296106,PROTEIN COMPLEX
HIF1A/p300/CREB-binding protein,CHEMBL4296108,PROTEIN-PROTEIN INTERACTION
Sharpin/RBCK1/RNF31,CHEMBL4296109,PROTEIN COMPLEX
GRIA1/CACNG8,CHEMBL4296110,PROTEIN COMPLEX
GRIA1/CACNG2,CHEMBL4296111,PROTEIN COMPLEX
HDAC1/REST corepressor 3,CHEMBL4296112,PROTEIN COMPLEX
PAK 1/CDC42,CHEMBL4296113,PROTEIN COMPLEX
Lysine-specific histone demethylase 1A/REST corepressor,CHEMBL4296114,PROTEIN COMPLEX
Cyclin-dependent kinase 14/Cyclin-Y,CHEMBL4296115,PROTEIN COMPLEX
CRY2/PER2,CHEMBL4296116,PROTEIN COMPLEX
von Hippel-Lindau disease tumor suppressor/Elongin-C/Elongin-B/HIF1A,CHEMBL4296117,PROTEIN COMPLEX
Androgen receptor/Baculoviral IAP repeat-containing protein 2,CHEMBL4296118,PROTEIN-PROTEIN INTERACTION
Baculoviral IAP repeat-containing protein 2/BCR/ABL,CHEMBL4296119,PROTEIN-PROTEIN INTERACTION
E3 ubiquitin-protein ligase XIAP/BCR/ABL,CHEMBL4296120,PROTEIN-PROTEIN INTERACTION
Baculoviral IAP repeat-containing protein 3/Huntingtin,CHEMBL4296121,PROTEIN-PROTEIN INTERACTION
KEAP1/Microtubule-associated protein tau,CHEMBL4296122,PROTEIN-PROTEIN INTERACTION
KEAP1/Cullin-3/Microtubule-associated protein tau,CHEMBL4296123,PROTEIN-PROTEIN INTERACTION
Cullin-3/Microtubule-associated protein tau,CHEMBL4296124,PROTEIN-PROTEIN INTERACTION
Protein cereblon/Cyclin-dependent kinase 8,CHEMBL4296125,PROTEIN-PROTEIN INTERACTION
Protein cereblon/Cyclin-dependent kinase 19,CHEMBL4296126,PROTEIN-PROTEIN INTERACTION
Protein cereblon/Histone deacetylase 4,CHEMBL4296127,PROTEIN-PROTEIN INTERACTION
Protein cereblon/Histone deacetylase 2,CHEMBL4296128,PROTEIN-PROTEIN INTERACTION
Protein cereblon/Histone deacetylase 6,CHEMBL4296129,PROTEIN-PROTEIN INTERACTION
Protein cereblon/Histone deacetylase 1,CHEMBL4296130,PROTEIN-PROTEIN INTERACTION
Protein cereblon/NAD-dependent protein deacetylase sirtuin-2,CHEMBL4296131,PROTEIN-PROTEIN INTERACTION
Protein cereblon/NAD-dependent protein deacetylase sirtuin-1,CHEMBL4296132,PROTEIN-PROTEIN INTERACTION
Protein cereblon/Cullin-4A/Bromodomain-containing protein 4,CHEMBL4296133,PROTEIN-PROTEIN INTERACTION
Protein cereblon/Cullin-4A/Bromodomain-containing protein 2,CHEMBL4296134,PROTEIN-PROTEIN INTERACTION
Protein cereblon/Cullin-4A/Bromodomain-containing protein 3,CHEMBL4296135,PROTEIN-PROTEIN INTERACTION
Protein cereblon/Peptidyl-prolyl cis-trans isomerase FKBP1A,CHEMBL4296136,PROTEIN-PROTEIN INTERACTION
Protein cereblon/BCR/ABL,CHEMBL4296137,PROTEIN-PROTEIN INTERACTION
Protein cereblon/Bromodomain-containing protein 4,CHEMBL4296138,PROTEIN-PROTEIN INTERACTION
von Hippel-Lindau disease tumor suppressor/Receptor-interacting serine/threonine-protein kinase 2,CHEMBL4296139,PROTEIN-PROTEIN INTERACTION
von Hippel-Lindau disease tumor suppressor/Bromodomain-containing protein 4,CHEMBL4296140,PROTEIN-PROTEIN INTERACTION
von Hippel-Lindau disease tumor suppressor/Myc proto-oncogene protein,CHEMBL4296141,PROTEIN-PROTEIN INTERACTION
von Hippel-Lindau disease tumor suppressor/Steroid hormone receptor ERR1,CHEMBL4296142,PROTEIN-PROTEIN INTERACTION
von Hippel-Lindau disease tumor suppressor/Bromodomain-containing protein 2,CHEMBL4296143,PROTEIN-PROTEIN INTERACTION
von Hippel-Lindau disease tumor suppressor/Bromodomain-containing protein 3,CHEMBL4296144,PROTEIN-PROTEIN INTERACTION
Protein cereblon/DNA damage-binding protein 1/Bromodomain-containing protein 4,CHEMBL4296145,PROTEIN-PROTEIN INTERACTION
von Hippel-Lindau disease tumor suppressor/Inhibitor of nuclear factor kappa-B kinase subunit epsilon,CHEMBL4296146,PROTEIN-PROTEIN INTERACTION
von Hippel-Lindau disease tumor suppressor/Serine/threonine-protein kinase TBK1,CHEMBL4296147,PROTEIN-PROTEIN INTERACTION
von Hippel-Lindau disease tumor suppressor/Elongin-B/Elongin-C/Bromodomain-containing protein 4,CHEMBL4296148,PROTEIN-PROTEIN INTERACTION
von Hippel-Lindau disease tumor suppressor/Elongin-B/Elongin-C/Bromodomain-containing protein 2,CHEMBL4296149,PROTEIN-PROTEIN INTERACTION
von Hippel-Lindau disease tumor suppressor/Elongin-B/Elongin-C/Bromodomain-containing protein 3,CHEMBL4296150,PROTEIN-PROTEIN INTERACTION
Protein cereblon/NPM/ALK,CHEMBL4296165,PROTEIN-PROTEIN INTERACTION
Protein cereblon/EML4/ALK,CHEMBL4296166,PROTEIN-PROTEIN INTERACTION
Protein cereblon/Aiolos,CHEMBL4296167,PROTEIN-PROTEIN INTERACTION
Protein cereblon/GSPT1,CHEMBL4296168,PROTEIN-PROTEIN INTERACTION
Phenylalanine,CHEMBL4296171,SMALL MOLECULE
Transthyretin mRNA,CHEMBL4296221,NUCLEIC-ACID
Pleckstrin homology domain-containing family A member 7,CHEMBL4296241,SINGLE PROTEIN
Connector enhancer of kinase suppressor of ras 1,CHEMBL4296242,SINGLE PROTEIN
Protein-cysteine N-palmitoyltransferase HHAT,CHEMBL4296243,SINGLE PROTEIN
Eyes absent homolog 3,CHEMBL4296245,SINGLE PROTEIN
Cryptochrome-1,CHEMBL4296246,SINGLE PROTEIN
Cry1/Cry2,CHEMBL4296247,PROTEIN FAMILY
YEATS domain-containing protein 2,CHEMBL4296261,SINGLE PROTEIN
Protein S100-A9,CHEMBL4296265,SINGLE PROTEIN
YEATS domain-containing protein 4,CHEMBL4296266,SINGLE PROTEIN
Tripartite motif-containing protein 66,CHEMBL4296267,SINGLE PROTEIN
Alpha-crystallin A chain,CHEMBL4296283,SINGLE PROTEIN
Beta-crystallin B2,CHEMBL4296284,SINGLE PROTEIN
Gamma-crystallin C,CHEMBL4296285,SINGLE PROTEIN
Gamma-crystallin D,CHEMBL4296286,SINGLE PROTEIN
Protein LZIC,CHEMBL4296296,SINGLE PROTEIN
Rhodopsin,CHEMBL4296308,SINGLE PROTEIN
Proto-oncogene c-Rel,CHEMBL4296310,SINGLE PROTEIN
Anthrax toxin receptor 2,CHEMBL4296326,SINGLE PROTEIN
A375/R,CHEMBL4296383,CELL-LINE
CD34-positive blood stem/progenitor cell,CHEMBL4296384,CELL-LINE
HCC44,CHEMBL4296385,CELL-LINE
HCC515,CHEMBL4296386,CELL-LINE
HCC95,CHEMBL4296387,CELL-LINE
NCI-H1373,CHEMBL4296389,CELL-LINE
NCI-H1944,CHEMBL4296390,CELL-LINE
NCI-H929,CHEMBL4296391,CELL-LINE
16HBE14o-,CHEMBL4296395,CELL-LINE
184B5,CHEMBL4296396,CELL-LINE
1BR.3.GN,CHEMBL4296397,CELL-LINE
A2780S,CHEMBL4296398,CELL-LINE
ARPE-19,CHEMBL4296399,CELL-LINE
BEAS-2B,CHEMBL4296403,CELL-LINE
BT-483,CHEMBL4296404,CELL-LINE
CCD-18Co,CHEMBL4296405,CELL-LINE
CCD-841CoN,CHEMBL4296406,CELL-LINE
CNE-2,CHEMBL4296409,CELL-LINE
EA.hy 926,CHEMBL4296410,CELL-LINE
EBC-1,CHEMBL4296411,CELL-LINE
EC9706,CHEMBL4296412,CELL-LINE
EJM,CHEMBL4296413,CELL-LINE
GES1,CHEMBL4296415,CELL-LINE
GM15850,CHEMBL4296416,CELL-LINE
GM16216,CHEMBL4296417,CELL-LINE
H1-HeLa,CHEMBL4296418,CELL-LINE
HCC-1.2,CHEMBL4296419,CELL-LINE
HCC78,CHEMBL4296421,CELL-LINE
HCC827,CHEMBL4296422,CELL-LINE
HEC-1-A,CHEMBL4296424,CELL-LINE
HEL 92.1.7,CHEMBL4296425,CELL-LINE
HET-1A,CHEMBL4296426,CELL-LINE
HFF-1,CHEMBL4296427,CELL-LINE
HK-2,CHEMBL4296428,CELL-LINE
HL-60(TB),CHEMBL4296429,CELL-LINE
HL60/ADR,CHEMBL4296430,CELL-LINE
HL60/MX2,CHEMBL4296431,CELL-LINE
HMC1,CHEMBL4296432,CELL-LINE
HMEC-1,CHEMBL4296433,CELL-LINE
HMy2.C1R,CHEMBL4296434,CELL-LINE
HPBALL,CHEMBL4296435,CELL-LINE
HeLa S3,CHEMBL4296436,CELL-LINE
Hep 3B2,CHEMBL4296437,CELL-LINE
HepG2 2.2.15,CHEMBL4296438,CELL-LINE
IB3-1,CHEMBL4296439,CELL-LINE
IM95,CHEMBL4296441,CELL-LINE
JIMT-1,CHEMBL4296443,CELL-LINE
JJN-3,CHEMBL4296444,CELL-LINE
JeKo-1,CHEMBL4296445,CELL-LINE
Jurkat E6.1,CHEMBL4296446,CELL-LINE
K-562R,CHEMBL4296447,CELL-LINE
K562/A02,CHEMBL4296448,CELL-LINE
K562/Adr,CHEMBL4296449,CELL-LINE
K562/VCR,CHEMBL4296450,CELL-LINE
KB-V1,CHEMBL4296451,CELL-LINE
KCL-22,CHEMBL4296452,CELL-LINE
KG-1a,CHEMBL4296453,CELL-LINE
KMS-11,CHEMBL4296454,CELL-LINE
KMS-12-BM,CHEMBL4296455,CELL-LINE
KOPN-8,CHEMBL4296456,CELL-LINE
L02,CHEMBL4296457,CELL-LINE
LN-18,CHEMBL4296458,CELL-LINE
LN-229,CHEMBL4296459,CELL-LINE
LNCaP C4-2,CHEMBL4296460,CELL-LINE
LNCaP C4-2B,CHEMBL4296461,CELL-LINE
LS180,CHEMBL4296462,CELL-LINE
MCF-10A-neoT,CHEMBL4296464,CELL-LINE
MDA-MB-436,CHEMBL4296465,CELL-LINE
MHCC97H,CHEMBL4296470,CELL-LINE
MM1.S,CHEMBL4296471,CELL-LINE
MM473,CHEMBL4296472,CELL-LINE
Mahlavu,CHEMBL4296473,CELL-LINE
NCI-H3122,CHEMBL4296475,CELL-LINE
NCI-H3255,CHEMBL4296476,CELL-LINE
NCTC-2544,CHEMBL4296478,CELL-LINE
OCI-AML-3,CHEMBL4296479,CELL-LINE
OCI-Ly1,CHEMBL4296480,CELL-LINE
OV-90,CHEMBL4296481,CELL-LINE
PC-3M,CHEMBL4296484,CELL-LINE
PEO1,CHEMBL4296485,CELL-LINE
PK9,CHEMBL4296486,CELL-LINE
PWR-1E,CHEMBL4296487,CELL-LINE
PaTu 8988t,CHEMBL4296488,CELL-LINE
Pfeiffer,CHEMBL4296489,CELL-LINE
QGY-7703,CHEMBL4296490,CELL-LINE
RWPE-1,CHEMBL4296492,CELL-LINE
SEM,CHEMBL4296493,CELL-LINE
SK-N-BE(2)-M17,CHEMBL4296494,CELL-LINE
SNU-182,CHEMBL4296495,CELL-LINE
SU-DHL-6,CHEMBL4296496,CELL-LINE
SUM149PT,CHEMBL4296497,CELL-LINE
SUP-B15,CHEMBL4296498,CELL-LINE
TC-32,CHEMBL4296499,CELL-LINE
THLE-2,CHEMBL4296500,CELL-LINE
TIG-3,CHEMBL4296501,CELL-LINE
TK6,CHEMBL4296502,CELL-LINE
TMD8,CHEMBL4296503,CELL-LINE
TMK-1,CHEMBL4296504,CELL-LINE
Toledo,CHEMBL4296505,CELL-LINE
U138-MG,CHEMBL4296506,CELL-LINE
U2932,CHEMBL4296507,CELL-LINE
VCaP,CHEMBL4296508,CELL-LINE
WM 266-4,CHEMBL4296510,CELL-LINE
WSU-HN13,CHEMBL4296511,CELL-LINE
hTERT-BJ,CHEMBL4296512,CELL-LINE
Zone of skin,CHEMBL4296545,TISSUE
Bromodomain and extra-terminal motif (BET),CHEMBL4296614,PROTEIN FAMILY
Adenosine receptors; A2a & A2b,CHEMBL4296621,SELECTIVITY GROUP
Huntingtin mRNA,CHEMBL4296641,NUCLEIC-ACID
TEC family kinase,CHEMBL4296642,PROTEIN FAMILY
mTORC1,CHEMBL4296661,PROTEIN COMPLEX
mTOR/FKBP12A/FKBP12B,CHEMBL4296662,PROTEIN COMPLEX
5-aminolevulinate synthase mRNA,CHEMBL4296741,NUCLEIC-ACID
Sialic acid-binding Ig-like lectin 10,CHEMBL4303061,SINGLE PROTEIN
518A2,CHEMBL4483222,CELL-LINE
A2780/Taxol,CHEMBL4483224,CELL-LINE
A549/CDDP,CHEMBL4483225,CELL-LINE
A549/TR,CHEMBL4483226,CELL-LINE
BE(2)-C,CHEMBL4483229,CELL-LINE
Bel7402/5-FU,CHEMBL4483230,CELL-LINE
C6661,CHEMBL4483231,CELL-LINE
CL1-0,CHEMBL4483232,CELL-LINE
Caco2/TC7,CHEMBL4483233,CELL-LINE
G55T2,CHEMBL4483235,CELL-LINE
Farage,CHEMBL4483236,CELL-LINE
GIST430,CHEMBL4483237,CELL-LINE
GISTT1,CHEMBL4483238,CELL-LINE
Granta-519,CHEMBL4483240,CELL-LINE
H103,CHEMBL4483241,CELL-LINE
HCC4017,CHEMBL4483243,CELL-LINE
HDQ-P1,CHEMBL4483244,CELL-LINE
HeLa 229,CHEMBL4483246,CELL-LINE
Huh7.5.1,CHEMBL4483247,CELL-LINE
K562-IMA[r],CHEMBL4483249,CELL-LINE
KBM5,CHEMBL4483250,CELL-LINE
KM3/BTZ,CHEMBL4483251,CELL-LINE
KOPTK1,CHEMBL4483252,CELL-LINE
LAD2,CHEMBL4483253,CELL-LINE
M-HeLa,CHEMBL4483254,CELL-LINE
MCF7/PTX,CHEMBL4483255,CELL-LINE
MDAH 2774,CHEMBL4483256,CELL-LINE
MEC1,CHEMBL4483257,CELL-LINE
MR49F,CHEMBL4483259,CELL-LINE
Maver1,CHEMBL4483260,CELL-LINE
NCI-H2286,CHEMBL4483261,CELL-LINE
OCI-LY19,CHEMBL4483262,CELL-LINE
Pa03C,CHEMBL4483263,CELL-LINE
NCM460,CHEMBL4483264,CELL-LINE
RCC4/VHL,CHEMBL4483265,CELL-LINE
Rec1,CHEMBL4483266,CELL-LINE
SK-MEL-103,CHEMBL4483267,CELL-LINE
SU-DHL10,CHEMBL4483268,CELL-LINE
SUM-159-PT,CHEMBL4483269,CELL-LINE
SUNE1,CHEMBL4483270,CELL-LINE
TIGK,CHEMBL4483271,CELL-LINE
UMSCC23,CHEMBL4483274,CELL-LINE
VMM39,CHEMBL4483275,CELL-LINE
Z-138,CHEMBL4483276,CELL-LINE
SCC040,CHEMBL4483277,CELL-LINE
SGBS,CHEMBL4483278,CELL-LINE
RCC4,CHEMBL4483279,CELL-LINE
MDA-MB-435S,CHEMBL4483284,CELL-LINE
OCI-Ly10,CHEMBL4483285,CELL-LINE
High mannose oligosaccharides,CHEMBL4495553,OLIGOSACCHARIDE
Hyaluronic acid,CHEMBL4495554,OLIGOSACCHARIDE
Sialoglycans,CHEMBL4495601,OLIGOSACCHARIDE
Apolipoprotein C-III mRNA 3'UTR,CHEMBL4495602,NUCLEIC-ACID
A375-SM,CHEMBL4513121,CELL-LINE
CL97,CHEMBL4513122,CELL-LINE
CuFi-1,CHEMBL4513124,CELL-LINE
GIST48,CHEMBL4513125,CELL-LINE
GIST882,CHEMBL4513126,CELL-LINE
Hep293TT,CHEMBL4513127,CELL-LINE
KB/VJ300,CHEMBL4513128,CELL-LINE
HuCC-A1,CHEMBL4513129,CELL-LINE
KYSE-30,CHEMBL4513130,CELL-LINE
PNT1A,CHEMBL4513131,CELL-LINE
UoC-B1,CHEMBL4513133,CELL-LINE
PH and SEC7 domain-containing protein 1,CHEMBL4523105,SINGLE PROTEIN
Putative keratin-87 protein,CHEMBL4523107,SINGLE PROTEIN
TANK-binding kinase 1-binding protein 1,CHEMBL4523108,SINGLE PROTEIN
Frizzled-9,CHEMBL4523116,SINGLE PROTEIN
Sulfhydryl oxidase 1,CHEMBL4523117,SINGLE PROTEIN
Dynamin-1-like protein,CHEMBL4523118,SINGLE PROTEIN
Importin subunit alpha-4,CHEMBL4523119,SINGLE PROTEIN
Chromodomain-helicase-DNA-binding protein 1,CHEMBL4523123,SINGLE PROTEIN
tRNA (cytosine(38)-C(5))-methyltransferase,CHEMBL4523124,SINGLE PROTEIN
Na(+)/H(+) exchange regulatory cofactor NHE-RF1,CHEMBL4523125,SINGLE PROTEIN
Calpain-9,CHEMBL4523126,SINGLE PROTEIN
Transmembrane 4 L6 family member 5,CHEMBL4523127,SINGLE PROTEIN
Histone acetyltransferase type B catalytic subunit,CHEMBL4523128,SINGLE PROTEIN
Synaptojanin-2,CHEMBL4523129,SINGLE PROTEIN
Cytochrome b5 type B,CHEMBL4523134,SINGLE PROTEIN
Inositol hexakisphosphate and diphosphoinositol-pentakisphosphate kinase 2,CHEMBL4523135,SINGLE PROTEIN
Synaptojanin-1,CHEMBL4523136,SINGLE PROTEIN
"Serine protease HTRA2, mitochondrial",CHEMBL4523137,SINGLE PROTEIN
Pendrin,CHEMBL4523138,SINGLE PROTEIN
"Keratin, type II cuticular Hb6",CHEMBL4523139,SINGLE PROTEIN
Speckle-type POZ protein,CHEMBL4523140,SINGLE PROTEIN
Perilipin-3,CHEMBL4523145,SINGLE PROTEIN
Nucleoside diphosphate phosphatase ENTPD5,CHEMBL4523151,SINGLE PROTEIN
Peroxisomal membrane protein PEX14,CHEMBL4523152,SINGLE PROTEIN
Triple functional domain protein,CHEMBL4523153,SINGLE PROTEIN
Carboxypeptidase D,CHEMBL4523154,SINGLE PROTEIN
Ubiquitin carboxyl-terminal hydrolase 19,CHEMBL4523156,SINGLE PROTEIN
Potassium channel subfamily K member 5,CHEMBL4523157,SINGLE PROTEIN
Mitochondrial import receptor subunit TOM40 homolog,CHEMBL4523158,SINGLE PROTEIN
Apolipoprotein C-III,CHEMBL4523160,SINGLE PROTEIN
Lactotransferrin,CHEMBL4523161,SINGLE PROTEIN
N-myc proto-oncogene protein,CHEMBL4523165,SINGLE PROTEIN
Pleckstrin,CHEMBL4523171,SINGLE PROTEIN
Polyubiquitin-B,CHEMBL4523178,SINGLE PROTEIN
Polyubiquitin-C,CHEMBL4523179,SINGLE PROTEIN
"Dihydrolipoyllysine-residue acetyltransferase component of pyruvate dehydrogenase complex, mitochondrial",CHEMBL4523180,SINGLE PROTEIN
Serum response factor,CHEMBL4523184,SINGLE PROTEIN
Interleukin-1 receptor antagonist protein,CHEMBL4523191,SINGLE PROTEIN
Histidine decarboxylase,CHEMBL4523192,SINGLE PROTEIN
General transcription and DNA repair factor IIH helicase/translocase subunit XPB,CHEMBL4523193,SINGLE PROTEIN
Tryptase beta-2,CHEMBL4523196,SINGLE PROTEIN
B-cell lymphoma 3 protein,CHEMBL4523197,SINGLE PROTEIN
Pleiotrophin,CHEMBL4523199,SINGLE PROTEIN
Tumor necrosis factor alpha-induced protein 3,CHEMBL4523200,SINGLE PROTEIN
Oxysterol-binding protein 1,CHEMBL4523203,SINGLE PROTEIN
Brain-derived neurotrophic factor,CHEMBL4523205,SINGLE PROTEIN
Endothelial transcription factor GATA-2,CHEMBL4523206,SINGLE PROTEIN
Tumor necrosis factor receptor superfamily member 6,CHEMBL4523207,SINGLE PROTEIN
Aquaporin-1,CHEMBL4523210,SINGLE PROTEIN
"Enoyl-CoA hydratase, mitochondrial",CHEMBL4523211,SINGLE PROTEIN
Transcription factor HIVEP2,CHEMBL4523214,SINGLE PROTEIN
"3-hydroxyisobutyrate dehydrogenase, mitochondrial",CHEMBL4523215,SINGLE PROTEIN
Stress-induced-phosphoprotein 1,CHEMBL4523216,SINGLE PROTEIN
N-acetylgalactosamine-6-sulfatase,CHEMBL4523218,SINGLE PROTEIN
Insulin receptor substrate 1,CHEMBL4523219,SINGLE PROTEIN
Transcription factor SOX-18,CHEMBL4523220,SINGLE PROTEIN
Chloride anion exchanger,CHEMBL4523223,SINGLE PROTEIN
Aquaporin-2,CHEMBL4523224,SINGLE PROTEIN
Interleukin-12 receptor subunit beta-1,CHEMBL4523226,SINGLE PROTEIN
Chemerin-like receptor 2,CHEMBL4523229,SINGLE PROTEIN
Utrophin,CHEMBL4523230,SINGLE PROTEIN
Transcription factor SOX-9,CHEMBL4523231,SINGLE PROTEIN
"Serine--tRNA ligase, cytoplasmic",CHEMBL4523232,SINGLE PROTEIN
Transcriptional repressor CTCF,CHEMBL4523233,SINGLE PROTEIN
Granzyme M,CHEMBL4523234,SINGLE PROTEIN
Gastrotropin,CHEMBL4523235,SINGLE PROTEIN
DNA replication ATP-dependent helicase/nuclease DNA2,CHEMBL4523236,SINGLE PROTEIN
Heterogeneous nuclear ribonucleoprotein F,CHEMBL4523238,SINGLE PROTEIN
Signal transducer and activator of transcription 2,CHEMBL4523239,SINGLE PROTEIN
Ataxin-3,CHEMBL4523240,SINGLE PROTEIN
Ornithine decarboxylase antizyme 1,CHEMBL4523241,SINGLE PROTEIN
"Glycogen [starch] synthase, liver",CHEMBL4523243,SINGLE PROTEIN
Aquaporin-5,CHEMBL4523244,SINGLE PROTEIN
"Trifunctional enzyme subunit beta, mitochondrial",CHEMBL4523245,SINGLE PROTEIN
Neurotrypsin,CHEMBL4523246,SINGLE PROTEIN
Gasdermin-D,CHEMBL4523247,SINGLE PROTEIN
Taste receptor type 2 member 38,CHEMBL4523248,SINGLE PROTEIN
Taste receptor type 2 member 39,CHEMBL4523249,SINGLE PROTEIN
Taste receptor type 2 member 40,CHEMBL4523250,SINGLE PROTEIN
Taste receptor type 2 member 43,CHEMBL4523251,SINGLE PROTEIN
Taste receptor type 2 member 45,CHEMBL4523252,SINGLE PROTEIN
Taste receptor type 2 member 46,CHEMBL4523253,SINGLE PROTEIN
Taste receptor type 2 member 30,CHEMBL4523254,SINGLE PROTEIN
Taste receptor type 2 member 19,CHEMBL4523255,SINGLE PROTEIN
Ubiquitin-conjugating enzyme E2 G2,CHEMBL4523256,SINGLE PROTEIN
Ubiquitin-ribosomal protein eL40 fusion protein,CHEMBL4523259,SINGLE PROTEIN
"Keratin, type II cuticular Hb3",CHEMBL4523262,SINGLE PROTEIN
"Keratin, type II cuticular Hb5",CHEMBL4523263,SINGLE PROTEIN
Endonuclease III-like protein 1,CHEMBL4523264,SINGLE PROTEIN
Prolactin-releasing peptide,CHEMBL4523266,SINGLE PROTEIN
Dermcidin,CHEMBL4523267,SINGLE PROTEIN
Cytochrome P450 4F8,CHEMBL4523270,SINGLE PROTEIN
Transcription factor RelB,CHEMBL4523273,SINGLE PROTEIN
Antigen peptide transporter 1,CHEMBL4523275,SINGLE PROTEIN
Lysyl oxidase homolog 1,CHEMBL4523279,SINGLE PROTEIN
Sialic acid-binding Ig-like lectin 14,CHEMBL4523280,SINGLE PROTEIN
Ubiquitin carboxyl-terminal hydrolase 17-like protein 24,CHEMBL4523281,SINGLE PROTEIN
Polypeptide N-acetylgalactosaminyltransferase 1,CHEMBL4523282,SINGLE PROTEIN
Cell division cycle protein 20 homolog,CHEMBL4523283,SINGLE PROTEIN
"Delta(3,5)-Delta(2,4)-dienoyl-CoA isomerase, mitochondrial",CHEMBL4523284,SINGLE PROTEIN
Aminoacyl tRNA synthase complex-interacting multifunctional protein 2,CHEMBL4523285,SINGLE PROTEIN
GRB2-associated-binding protein 1,CHEMBL4523286,SINGLE PROTEIN
Cullin-4B,CHEMBL4523287,SINGLE PROTEIN
Dedicator of cytokinesis protein 1,CHEMBL4523288,SINGLE PROTEIN
Transcription factor Dp-1,CHEMBL4523289,SINGLE PROTEIN
Guanidinoacetate N-methyltransferase,CHEMBL4523290,SINGLE PROTEIN
Polypeptide N-acetylgalactosaminyltransferase 3,CHEMBL4523291,SINGLE PROTEIN
"Keratin, type II cuticular Hb1",CHEMBL4523292,SINGLE PROTEIN
Interferon regulatory factor 3,CHEMBL4523293,SINGLE PROTEIN
Separin,CHEMBL4523294,SINGLE PROTEIN
Glycine N-methyltransferase,CHEMBL4523295,SINGLE PROTEIN
Signal transducer and activator of transcription 4,CHEMBL4523296,SINGLE PROTEIN
StAR-related lipid transfer protein 3,CHEMBL4523297,SINGLE PROTEIN
Pre-mRNA-splicing regulator WTAP,CHEMBL4523298,SINGLE PROTEIN
Membrane protein MLC1,CHEMBL4523299,SINGLE PROTEIN
Transcription initiation factor TFIID subunit 11,CHEMBL4523300,SINGLE PROTEIN
Transcriptional enhancer factor TEF-4,CHEMBL4523301,SINGLE PROTEIN
Intersectin-1,CHEMBL4523302,SINGLE PROTEIN
Transcription factor NF-E2 45 kDa subunit,CHEMBL4523303,SINGLE PROTEIN
Fascin,CHEMBL4523304,SINGLE PROTEIN
"ATP-dependent Clp protease proteolytic subunit, mitochondrial",CHEMBL4523305,SINGLE PROTEIN
La-related protein 7,CHEMBL4523314,SINGLE PROTEIN
"Malonate--CoA ligase ACSF3, mitochondrial",CHEMBL4523315,SINGLE PROTEIN
Glycerol-3-phosphate acyltransferase 3,CHEMBL4523318,SINGLE PROTEIN
Spindlin-4,CHEMBL4523321,SINGLE PROTEIN
Mesoderm-specific transcript homolog protein,CHEMBL4523324,SINGLE PROTEIN
Spindlin-3,CHEMBL4523325,SINGLE PROTEIN
Cyclin-dependent kinase-like 4,CHEMBL4523326,SINGLE PROTEIN
Cytosolic carboxypeptidase 6,CHEMBL4523328,SINGLE PROTEIN
Transcription initiation factor TFIID subunit 3,CHEMBL4523329,SINGLE PROTEIN
Disabled homolog 2-interacting protein,CHEMBL4523330,SINGLE PROTEIN
BTB/POZ domain-containing protein KCTD16,CHEMBL4523340,SINGLE PROTEIN
Anamorsin,CHEMBL4523341,SINGLE PROTEIN
"2',5'-phosphodiesterase 12",CHEMBL4523342,SINGLE PROTEIN
Methylcytosine dioxygenase TET2,CHEMBL4523344,SINGLE PROTEIN
Bifunctional arginine demethylase and lysyl-hydroxylase JMJD6,CHEMBL4523345,SINGLE PROTEIN
"Oxaloacetate tautomerase FAHD1, mitochondrial",CHEMBL4523346,SINGLE PROTEIN
NAD(+) hydrolase SARM1,CHEMBL4523350,SINGLE PROTEIN
Angiopoietin-like protein 8,CHEMBL4523352,SINGLE PROTEIN
Nicotinate phosphoribosyltransferase,CHEMBL4523354,SINGLE PROTEIN
Sialic acid-binding Ig-like lectin 15,CHEMBL4523355,SINGLE PROTEIN
BTB/POZ domain-containing protein KCTD8,CHEMBL4523356,SINGLE PROTEIN
Ubiquitin carboxyl-terminal hydrolase 30,CHEMBL4523357,SINGLE PROTEIN
Solute carrier family 26 member 9,CHEMBL4523359,SINGLE PROTEIN
Taste receptor type 2 member 42,CHEMBL4523360,SINGLE PROTEIN
Aprataxin,CHEMBL4523362,SINGLE PROTEIN
Mitochondrial antiviral-signaling protein,CHEMBL4523363,SINGLE PROTEIN
Hepatoma-derived growth factor-related protein 2,CHEMBL4523364,SINGLE PROTEIN
Phosphatidylinositol-glycan biosynthesis class W protein,CHEMBL4523365,SINGLE PROTEIN
Polypeptide N-acetylgalactosaminyltransferase 10,CHEMBL4523371,SINGLE PROTEIN
Glycerol-3-phosphate acyltransferase 4,CHEMBL4523372,SINGLE PROTEIN
N-alpha-acetyltransferase 40,CHEMBL4523373,SINGLE PROTEIN
Phosphodiesterase isozyme 4,CHEMBL4523374,SINGLE PROTEIN
Cytochrome P450 4Z1,CHEMBL4523375,SINGLE PROTEIN
Calcium-activated potassium channel subunit beta-4,CHEMBL4523376,SINGLE PROTEIN
Stimulator of interferon genes protein,CHEMBL4523377,SINGLE PROTEIN
Coiled-coil domain-containing protein 43,CHEMBL4523378,SINGLE PROTEIN
Polypeptide N-acetylgalactosaminyltransferase 13,CHEMBL4523392,SINGLE PROTEIN
Inactive histone-lysine N-methyltransferase 2E,CHEMBL4523393,SINGLE PROTEIN
Bifunctional peptidase and arginyl-hydroxylase JMJD5,CHEMBL4523396,SINGLE PROTEIN
Fibrinogen C domain-containing protein 1,CHEMBL4523397,SINGLE PROTEIN
Prolyl 3-hydroxylase OGFOD1,CHEMBL4523398,SINGLE PROTEIN
CDGSH iron-sulfur domain-containing protein 2,CHEMBL4523399,SINGLE PROTEIN
Polypeptide N-acetylgalactosaminyltransferase 6,CHEMBL4523400,SINGLE PROTEIN
Inositol polyphosphate multikinase,CHEMBL4523401,SINGLE PROTEIN
Methylcytosine dioxygenase TET1,CHEMBL4523402,SINGLE PROTEIN
Kinesin-like protein KIF18A,CHEMBL4523403,SINGLE PROTEIN
Protein odd-skipped-related 1,CHEMBL4523406,SINGLE PROTEIN
Minor histocompatibility antigen H13,CHEMBL4523407,SINGLE PROTEIN
Tribbles homolog 2,CHEMBL4523417,SINGLE PROTEIN
Inositol hexakisphosphate kinase 1,CHEMBL4523418,SINGLE PROTEIN
Serine protease HTRA1,CHEMBL4523419,SINGLE PROTEIN
TRAF family member-associated NF-kappa-B activator,CHEMBL4523420,SINGLE PROTEIN
Transcription factor IIIB 90 kDa subunit,CHEMBL4523421,SINGLE PROTEIN
NEDD8-conjugating enzyme UBE2F,CHEMBL4523422,SINGLE PROTEIN
Mitochondrial amidoxime reducing component 2,CHEMBL4523423,SINGLE PROTEIN
BTB/POZ domain-containing protein KCTD12,CHEMBL4523424,SINGLE PROTEIN
SAGA-associated factor 29,CHEMBL4523425,SINGLE PROTEIN
Endonuclease 8-like 1,CHEMBL4523426,SINGLE PROTEIN
Polypeptide N-acetylgalactosaminyltransferase 14,CHEMBL4523427,SINGLE PROTEIN
Ubiquitin thioesterase OTUB1,CHEMBL4523428,SINGLE PROTEIN
Peptide-N(4)-(N-acetyl-beta-glucosaminyl)asparagine amidase,CHEMBL4523429,SINGLE PROTEIN
Mas-related G-protein coupled receptor member X4,CHEMBL4523430,SINGLE PROTEIN
Inositol hexakisphosphate kinase 3,CHEMBL4523431,SINGLE PROTEIN
Serine/threonine-protein kinase LMTK3,CHEMBL4523432,SINGLE PROTEIN
Potassium channel subfamily K member 17,CHEMBL4523433,SINGLE PROTEIN
Bifunctional polynucleotide phosphatase/kinase,CHEMBL4523434,SINGLE PROTEIN
Transcriptional enhancer factor TEF-5,CHEMBL4523435,SINGLE PROTEIN
Spindlin-2B,CHEMBL4523440,SINGLE PROTEIN
Deoxyhypusine hydroxylase,CHEMBL4523441,SINGLE PROTEIN
N-terminal Xaa-Pro-Lys N-methyltransferase 1,CHEMBL4523442,SINGLE PROTEIN
MKI67 FHA domain-interacting nucleolar phosphoprotein,CHEMBL4523443,SINGLE PROTEIN
Olfactory receptor 51E2,CHEMBL4523454,SINGLE PROTEIN
Transcription factor SOX-17,CHEMBL4523455,SINGLE PROTEIN
5-azacytidine-induced protein 2,CHEMBL4523456,SINGLE PROTEIN
V-type immunoglobulin domain-containing suppressor of T-cell activation,CHEMBL4523457,SINGLE PROTEIN
Protein lin-28 homolog A,CHEMBL4523458,SINGLE PROTEIN
Sialate O-acetylesterase,CHEMBL4523459,SINGLE PROTEIN
E3 ubiquitin-protein ligase SMURF2,CHEMBL4523460,SINGLE PROTEIN
Potassium channel subfamily K member 13,CHEMBL4523461,SINGLE PROTEIN
"Acetyl-coenzyme A synthetase, cytoplasmic",CHEMBL4523467,SINGLE PROTEIN
Beta-catenin-interacting protein 1,CHEMBL4523468,SINGLE PROTEIN
SAFB-like transcription modulator,CHEMBL4523469,SINGLE PROTEIN
Sphingomyelin phosphodiesterase 3,CHEMBL4523470,SINGLE PROTEIN
Taste receptor type 2 member 13,CHEMBL4523471,SINGLE PROTEIN
Taste receptor type 2 member 7,CHEMBL4523472,SINGLE PROTEIN
Taste receptor type 2 member 5,CHEMBL4523473,SINGLE PROTEIN
Taste receptor type 2 member 3,CHEMBL4523474,SINGLE PROTEIN
Taste receptor type 2 member 1,CHEMBL4523475,SINGLE PROTEIN
Myoferlin,CHEMBL4523476,SINGLE PROTEIN
Rho guanine nucleotide exchange factor 12,CHEMBL4523477,SINGLE PROTEIN
C5a anaphylatoxin chemotactic receptor 2,CHEMBL4523478,SINGLE PROTEIN
Klotho,CHEMBL4523485,SINGLE PROTEIN
Hydroxyproline dehydrogenase,CHEMBL4523486,SINGLE PROTEIN
DNA dC->dU-editing enzyme APOBEC-3B,CHEMBL4523487,SINGLE PROTEIN
Inositol hexakisphosphate kinase 2,CHEMBL4523488,SINGLE PROTEIN
G patch domain-containing protein 8,CHEMBL4523489,SINGLE PROTEIN
Phosphatidylcholine transfer protein,CHEMBL4523490,SINGLE PROTEIN
Frizzled-4,CHEMBL4523491,SINGLE PROTEIN
Frizzled-10,CHEMBL4523492,SINGLE PROTEIN
Fizzy-related protein homolog,CHEMBL4523493,SINGLE PROTEIN
7-alpha-hydroxycholest-4-en-3-one 12-alpha-hydroxylase,CHEMBL4523494,SINGLE PROTEIN
Cytosolic carboxypeptidase 1,CHEMBL4523495,SINGLE PROTEIN
Exonuclease 1,CHEMBL4523496,SINGLE PROTEIN
Bifunctional UDP-N-acetylglucosamine 2-epimerase/N-acetylmannosamine kinase,CHEMBL4523504,SINGLE PROTEIN
Voltage-dependent anion-selective channel protein 3,CHEMBL4523505,SINGLE PROTEIN
START domain-containing protein 10,CHEMBL4523506,SINGLE PROTEIN
Deoxynucleoside triphosphate triphosphohydrolase SAMHD1,CHEMBL4523507,SINGLE PROTEIN
Ubiquitin carboxyl-terminal hydrolase 15,CHEMBL4523508,SINGLE PROTEIN
Spindlin-1,CHEMBL4523509,SINGLE PROTEIN
Cholesterol 24-hydroxylase,CHEMBL4523510,SINGLE PROTEIN
Mitochondrial carrier homolog 2,CHEMBL4523511,SINGLE PROTEIN
"Sulfide:quinone oxidoreductase, mitochondrial",CHEMBL4523512,SINGLE PROTEIN
HC-4,CHEMBL4523549,CELL-LINE
IMR-5/75,CHEMBL4523550,CELL-LINE
Mino,CHEMBL4523551,CELL-LINE
NU-DHL-1,CHEMBL4523552,CELL-LINE
OCI-Ly18,CHEMBL4523553,CELL-LINE
U-2940,CHEMBL4523554,CELL-LINE
U-2973,CHEMBL4523555,CELL-LINE
ULA,CHEMBL4523556,CELL-LINE
SC1,CHEMBL4523557,CELL-LINE
AMO1,CHEMBL4523558,CELL-LINE
SU-DHL-16,CHEMBL4523559,CELL-LINE
SU-DHL-2,CHEMBL4523560,CELL-LINE
SU-DHL-5,CHEMBL4523561,CELL-LINE
SU-DHL-8,CHEMBL4523562,CELL-LINE
RCK8,CHEMBL4523563,CELL-LINE
OCI-Ly7,CHEMBL4523564,CELL-LINE
OCI-Ly3,CHEMBL4523565,CELL-LINE
SET-2,CHEMBL4523566,CELL-LINE
COLO 201,CHEMBL4523567,CELL-LINE
COR-L47,CHEMBL4523568,CELL-LINE
GA-10,CHEMBL4523569,CELL-LINE
Hs 294T,CHEMBL4523570,CELL-LINE
Hs 695T,CHEMBL4523571,CELL-LINE
NCI-H146,CHEMBL4523572,CELL-LINE
NCI-H1930,CHEMBL4523573,CELL-LINE
HCC2935,CHEMBL4523574,CELL-LINE
HCC4006,CHEMBL4523575,CELL-LINE
OCI-AML-5,CHEMBL4523576,CELL-LINE
NCI-H211,CHEMBL4523578,CELL-LINE
NCI-H2444,CHEMBL4523579,CELL-LINE
NCI-H1836,CHEMBL4523580,CELL-LINE
Zinc transporter ZIP6,CHEMBL4523581,SINGLE PROTEIN
Lymphocyte antigen 6E,CHEMBL4523584,SINGLE PROTEIN
E3 ubiquitin ligase TRAF3IP2,CHEMBL4523586,SINGLE PROTEIN
Tumor necrosis factor receptor superfamily member 17,CHEMBL4523587,SINGLE PROTEIN
Karpas-1106P,CHEMBL4523591,CELL-LINE
NU-DUL-1,CHEMBL4523592,CELL-LINE
Eukaryotic peptide chain release factor GTP-binding subunit ERF3A,CHEMBL4523593,SINGLE PROTEIN
Laminin subunit alpha-1,CHEMBL4523594,SINGLE PROTEIN
DNA ligase 4,CHEMBL4523595,SINGLE PROTEIN
Ubiquitin-ribosomal protein eS31 fusion protein,CHEMBL4523597,SINGLE PROTEIN
Cullin-4A,CHEMBL4523598,SINGLE PROTEIN
Centrosomal protein 43/RET,CHEMBL4523602,CHIMERIC PROTEIN
DCN1-like protein 1/NEDD8-conjugating enzyme Ubc12,CHEMBL4523603,PROTEIN-PROTEIN INTERACTION
C5a anaphylatoxin chemotactic receptor 1/2,CHEMBL4523605,PROTEIN COMPLEX
Speckle-type POZ protein/PTEN,CHEMBL4523606,PROTEIN-PROTEIN INTERACTION
Epoxide hydrolase 1/Bifunctional epoxide hydrolase 2,CHEMBL4523609,PROTEIN FAMILY
Casein kinase I isoform alpha/delta,CHEMBL4523610,PROTEIN FAMILY
KCNQ4/KCNQ5,CHEMBL4523611,PROTEIN COMPLEX
Relaxin-3 receptor 1/2,CHEMBL4523612,PROTEIN FAMILY
KCNMA1/KCNMB4,CHEMBL4523613,PROTEIN COMPLEX
Protein lin-28 homolog A/B,CHEMBL4523614,PROTEIN FAMILY
RPS6KA1/RPS6KA2/RPS6KA3,CHEMBL4523616,PROTEIN FAMILY
MAPK3/MAPK7,CHEMBL4523619,PROTEIN FAMILY
GNAQ/GNA11,CHEMBL4523620,PROTEIN FAMILY
EIF4E/EIF4G1,CHEMBL4523621,PROTEIN COMPLEX
NTRK1/NTRK2,CHEMBL4523622,PROTEIN FAMILY
PDE6D/KRAS,CHEMBL4523623,PROTEIN-PROTEIN INTERACTION
Fibroblast growth factor 14/SCN8A,CHEMBL4523624,PROTEIN-PROTEIN INTERACTION
STAT5A/STAT5B,CHEMBL4523625,PROTEIN FAMILY
PDE5A/PDE6C,CHEMBL4523626,CHIMERIC PROTEIN
BACH1/MafK,CHEMBL4523627,PROTEIN-PROTEIN INTERACTION
CDC7/Cyclin B1,CHEMBL4523630,PROTEIN COMPLEX
CDK9/Cyclin-T2,CHEMBL4523631,PROTEIN COMPLEX
CDK9/Cyclin-H,CHEMBL4523632,PROTEIN COMPLEX
CDK2/Cyclin-E2,CHEMBL4523633,PROTEIN COMPLEX
CDK2/Cyclin-Y,CHEMBL4523634,PROTEIN COMPLEX
CDK3/Cyclin-E2,CHEMBL4523635,PROTEIN COMPLEX
CDK17/Cyclin-A2,CHEMBL4523636,PROTEIN COMPLEX
CDK17/Cyclin-Y,CHEMBL4523637,PROTEIN COMPLEX
Gamma-aminobutyric acid receptor subunit alpha-1/gamma-2,CHEMBL4523638,PROTEIN COMPLEX
Gamma-aminobutyric acid receptor subunit alpha-4/beta-1/delta,CHEMBL4523639,PROTEIN COMPLEX
Gamma-aminobutyric acid receptor subunit alpha-4/beta-2/gamma-2,CHEMBL4523640,PROTEIN COMPLEX
Gamma-aminobutyric acid receptor subunit alpha-5/beta-2/gamma-2,CHEMBL4523641,PROTEIN COMPLEX
Rho GEF 11/Transforming protein RhoA,CHEMBL4523642,PROTEIN COMPLEX
A-kinase anchor protein 13/Transforming protein RhoA,CHEMBL4523643,PROTEIN COMPLEX
Serine/threonine-protein kinase N1/Transforming protein RhoA,CHEMBL4523644,PROTEIN COMPLEX
RhoGEF 1/Transforming protein RhoA,CHEMBL4523645,PROTEIN COMPLEX
Rho GTPase-activating protein 35/Transforming protein RhoA,CHEMBL4523646,PROTEIN COMPLEX
Rho GEF 12/Transforming protein RhoA,CHEMBL4523647,PROTEIN COMPLEX
Protein diaphanous homolog 1/Transforming protein RhoA,CHEMBL4523648,PROTEIN COMPLEX
Rho-associated protein kinase 2/Transforming protein RhoA,CHEMBL4523649,PROTEIN COMPLEX
Proto-oncogene DBL/Transforming protein RhoA,CHEMBL4523650,PROTEIN COMPLEX
Androgen receptor/PELP1,CHEMBL4523653,PROTEIN-PROTEIN INTERACTION
Antigen peptide transporter 1/2,CHEMBL4523654,PROTEIN COMPLEX
NEDD8/Cullin-1,CHEMBL4523655,PROTEIN-PROTEIN INTERACTION
NEDD8/NEDD8-conjugating enzyme Ubc12,CHEMBL4523656,PROTEIN COMPLEX
IDH1/IDH2,CHEMBL4523659,PROTEIN FAMILY
TRPC1/TRPC5,CHEMBL4523660,PROTEIN COMPLEX
TRPC4/TRPC1,CHEMBL4523661,PROTEIN COMPLEX
TRPC3/TRPC6,CHEMBL4523662,PROTEIN COMPLEX
Serine/threonine-protein kinase 3/4,CHEMBL4523663,PROTEIN FAMILY
HSPA2/STIP1,CHEMBL4523664,PROTEIN-PROTEIN INTERACTION
TEL/AXL,CHEMBL4523666,CHIMERIC PROTEIN
SCN1A/SCN1B,CHEMBL4523668,PROTEIN COMPLEX
SCN5A/SCN1B,CHEMBL4523669,PROTEIN COMPLEX
SCN9A/SCN1B,CHEMBL4523670,PROTEIN COMPLEX
SCN8A/SCN1B,CHEMBL4523671,PROTEIN COMPLEX
SCN2A/SCN1B,CHEMBL4523672,PROTEIN COMPLEX
BCL-6/NCOR2,CHEMBL4523673,PROTEIN-PROTEIN INTERACTION
DEPTOR/mTOR,CHEMBL4523674,PROTEIN-PROTEIN INTERACTION
Protein cereblon/MAP2K7,CHEMBL4523678,PROTEIN-PROTEIN INTERACTION
Protein cereblon/Histone deacetylase 3,CHEMBL4523679,PROTEIN-PROTEIN INTERACTION
Protein cereblon/Epidermal growth factor receptor,CHEMBL4523680,PROTEIN-PROTEIN INTERACTION
Protein cereblon/Estrogen receptor,CHEMBL4523681,PROTEIN-PROTEIN INTERACTION
Protein cereblon/Retinoblastoma-associated protein,CHEMBL4523682,PROTEIN-PROTEIN INTERACTION
Protein cereblon/Cyclin-dependent kinase 1,CHEMBL4523683,PROTEIN-PROTEIN INTERACTION
Protein cereblon/Androgen receptor,CHEMBL4523684,PROTEIN-PROTEIN INTERACTION
Protein cereblon/Apoptosis regulator Bcl-2,CHEMBL4523685,PROTEIN-PROTEIN INTERACTION
Protein cereblon/Cyclin-dependent kinase 4,CHEMBL4523686,PROTEIN-PROTEIN INTERACTION
Protein cereblon/BRAF,CHEMBL4523687,PROTEIN-PROTEIN INTERACTION
Protein cereblon/G1/S-specific cyclin-D1,CHEMBL4523688,PROTEIN-PROTEIN INTERACTION
Protein cereblon/Cyclin-dependent kinase 2,CHEMBL4523689,PROTEIN-PROTEIN INTERACTION
Protein cereblon/MAP2K2,CHEMBL4523690,PROTEIN-PROTEIN INTERACTION
Protein cereblon/STAT3,CHEMBL4523691,PROTEIN-PROTEIN INTERACTION
Protein cereblon/B-cell lymphoma 6 protein,CHEMBL4523692,PROTEIN-PROTEIN INTERACTION
Protein cereblon/STAT1,CHEMBL4523693,PROTEIN-PROTEIN INTERACTION
Protein cereblon/STAT6,CHEMBL4523694,PROTEIN-PROTEIN INTERACTION
Protein cereblon/STAT5A,CHEMBL4523695,PROTEIN-PROTEIN INTERACTION
Protein cereblon/Cyclin-dependent kinase 7,CHEMBL4523696,PROTEIN-PROTEIN INTERACTION
Protein cereblon/CDK9,CHEMBL4523697,PROTEIN-PROTEIN INTERACTION
Protein cereblon/STAT5B,CHEMBL4523698,PROTEIN-PROTEIN INTERACTION
Protein cereblon/STAT2,CHEMBL4523699,PROTEIN-PROTEIN INTERACTION
Protein cereblon/Cyclin-dependent kinase 6,CHEMBL4523700,PROTEIN-PROTEIN INTERACTION
Protein cereblon/Cyclin-dependent-like kinase 5,CHEMBL4523701,PROTEIN-PROTEIN INTERACTION
Protein cereblon/E3 ubiquitin-protein ligase Mdm2,CHEMBL4523702,PROTEIN-PROTEIN INTERACTION
Protein cereblon/MAP2K1,CHEMBL4523703,PROTEIN-PROTEIN INTERACTION
Protein cereblon/Tyrosine-protein kinase BTK,CHEMBL4523704,PROTEIN-PROTEIN INTERACTION
Protein cereblon/Bcl-2-like protein 1,CHEMBL4523705,PROTEIN-PROTEIN INTERACTION
Protein cereblon/STAT4,CHEMBL4523706,PROTEIN-PROTEIN INTERACTION
Protein cereblon/Histone acetyltransferase KAT2A,CHEMBL4523707,PROTEIN-PROTEIN INTERACTION
Protein cereblon/Histone acetyltransferase KAT2B,CHEMBL4523708,PROTEIN-PROTEIN INTERACTION
Protein cereblon/E3 ubiquitin-protein ligase ZFP91,CHEMBL4523709,PROTEIN-PROTEIN INTERACTION
Protein cereblon/IRAK4,CHEMBL4523710,PROTEIN-PROTEIN INTERACTION
Protein cereblon/Serine/threonine-protein kinase TBK1,CHEMBL4523711,PROTEIN-PROTEIN INTERACTION
Protein cereblon/MCL1,CHEMBL4523712,PROTEIN-PROTEIN INTERACTION
Protein cereblon/Cullin-4A/Estrogen receptor,CHEMBL4523713,PROTEIN-PROTEIN INTERACTION
Protein cereblon/Cullin-4A/GSPT1,CHEMBL4523714,PROTEIN-PROTEIN INTERACTION
Protein cereblon/CDK4/G1/S-specific cyclin-E1,CHEMBL4523715,PROTEIN-PROTEIN INTERACTION
Protein cereblon/CDK6/G1/S-specific cyclin-D3,CHEMBL4523716,PROTEIN-PROTEIN INTERACTION
E3 ubiquitin-protein ligase Mdm2/CDK6,CHEMBL4523718,PROTEIN-PROTEIN INTERACTION
BRD4/E3 ubiquitin-protein ligase Mdm2,CHEMBL4523719,PROTEIN-PROTEIN INTERACTION
GSPT1/E3 ubiquitin-protein ligase Mdm2,CHEMBL4523720,PROTEIN-PROTEIN INTERACTION
Estrogen receptor/E3 ubiquitin-protein ligase XIAP,CHEMBL4523721,PROTEIN-PROTEIN INTERACTION
BRD4/E3 ubiquitin-protein ligase XIAP,CHEMBL4523722,PROTEIN-PROTEIN INTERACTION
E3 ubiquitin-protein ligase XIAP/IRAK4,CHEMBL4523723,PROTEIN-PROTEIN INTERACTION
von Hippel-Lindau disease tumor suppressor/Steroid hormone receptor ERR2,CHEMBL4523724,PROTEIN-PROTEIN INTERACTION
von Hippel-Lindau disease tumor suppressor/ABL1,CHEMBL4523725,PROTEIN-PROTEIN INTERACTION
von Hippel-Lindau disease tumor suppressor/Estrogen receptor,CHEMBL4523726,PROTEIN-PROTEIN INTERACTION
von Hippel-Lindau disease tumor suppressor/Tyrosine-protein kinase Lck,CHEMBL4523727,PROTEIN-PROTEIN INTERACTION
von Hippel-Lindau disease tumor suppressor/Tyrosine-protein kinase Yes,CHEMBL4523728,PROTEIN-PROTEIN INTERACTION
von Hippel-Lindau disease tumor suppressor/PDGFRB,CHEMBL4523729,PROTEIN-PROTEIN INTERACTION
von Hippel-Lindau disease tumor suppressor/Androgen receptor,CHEMBL4523730,PROTEIN-PROTEIN INTERACTION
von Hippel-Lindau disease tumor suppressor/KIT,CHEMBL4523731,PROTEIN-PROTEIN INTERACTION
von Hippel-Lindau disease tumor suppressor/Cyclin-dependent kinase 4,CHEMBL4523732,PROTEIN-PROTEIN INTERACTION
von Hippel-Lindau disease tumor suppressor/SRC,CHEMBL4523733,PROTEIN-PROTEIN INTERACTION
von Hippel-Lindau disease tumor suppressor/MAP2K2,CHEMBL4523734,PROTEIN-PROTEIN INTERACTION
von Hippel-Lindau disease tumor suppressor/FLT3,CHEMBL4523735,PROTEIN-PROTEIN INTERACTION
von Hippel-Lindau disease tumor suppressor/Tyrosine-protein kinase ABL2,CHEMBL4523736,PROTEIN-PROTEIN INTERACTION
von Hippel-Lindau disease tumor suppressor/Ephrin type-B receptor 4,CHEMBL4523737,PROTEIN-PROTEIN INTERACTION
von Hippel-Lindau disease tumor suppressor/Estrogen-related receptor gamma,CHEMBL4523738,PROTEIN-PROTEIN INTERACTION
von Hippel-Lindau disease tumor suppressor/CDK6,CHEMBL4523739,PROTEIN-PROTEIN INTERACTION
von Hippel-Lindau disease tumor suppressor/MAP2K1,CHEMBL4523740,PROTEIN-PROTEIN INTERACTION
von Hippel-Lindau disease tumor suppressor/Focal adhesion kinase 1,CHEMBL4523741,PROTEIN-PROTEIN INTERACTION
von Hippel-Lindau disease tumor suppressor/IRAK4,CHEMBL4523742,PROTEIN-PROTEIN INTERACTION
von Hippel-Lindau disease tumor suppressor/ALK,CHEMBL4523743,PROTEIN-PROTEIN INTERACTION
von Hippel-Lindau disease tumor suppressor/Cullin-9,CHEMBL4523744,PROTEIN-PROTEIN INTERACTION
von Hippel-Lindau disease tumor suppressor/LENG8,CHEMBL4523745,PROTEIN-PROTEIN INTERACTION
F-box-like/WD repeat-containing protein TBL1XR1/B-cell lymphoma 6 protein,CHEMBL4523746,PROTEIN-PROTEIN INTERACTION
EGFR/PPP1CA,CHEMBL4523747,PROTEIN-PROTEIN INTERACTION
AKT1/PPP1CA,CHEMBL4523748,PROTEIN-PROTEIN INTERACTION
Protein cereblon/Steroid hormone receptor ERR1,CHEMBL4523749,PROTEIN-PROTEIN INTERACTION
Protein cereblon/Tyrosine-protein kinase ABL1,CHEMBL4523750,PROTEIN-PROTEIN INTERACTION
von Hippel-Lindau disease tumor suppressor/BCR-ABL1,CHEMBL4523751,PROTEIN-PROTEIN INTERACTION
Protein cereblon/Bromodomain-containing protein 2,CHEMBL4523752,PROTEIN-PROTEIN INTERACTION
Protein cereblon/Bromodomain-containing protein 3,CHEMBL4523753,PROTEIN-PROTEIN INTERACTION
von Hippel-Lindau disease tumor suppressor/Cullin-2/Estrogen receptor alpha,CHEMBL4523754,PROTEIN-PROTEIN INTERACTION
von Hippel-Lindau disease tumor suppressor-MAP2K1/MAP2K2,CHEMBL4523755,PROTEIN-PROTEIN INTERACTION
G-protein coupled receptor 3,CHEMBL4523856,SINGLE PROTEIN
Mas-related G-protein coupled receptor MRG,CHEMBL4523857,SINGLE PROTEIN
Probable G-protein coupled receptor 25,CHEMBL4523858,SINGLE PROTEIN
"12-(S)-hydroxy-5,8,10,14-eicosatetraenoic acid receptor",CHEMBL4523859,SINGLE PROTEIN
G-protein coupled receptor 171,CHEMBL4523860,SINGLE PROTEIN
Probable G-protein coupled receptor 75,CHEMBL4523861,SINGLE PROTEIN
Prosaposin receptor GPR37,CHEMBL4523862,SINGLE PROTEIN
Probable G-protein coupled receptor 32,CHEMBL4523863,SINGLE PROTEIN
Neuropeptides B/W receptor type 2,CHEMBL4523864,SINGLE PROTEIN
Adhesion G protein-coupled receptor E5,CHEMBL4523865,SINGLE PROTEIN
G-protein coupled receptor 15,CHEMBL4523866,SINGLE PROTEIN
G-protein coupled receptor 143,CHEMBL4523867,SINGLE PROTEIN
Probable G-protein coupled receptor 85,CHEMBL4523868,SINGLE PROTEIN
G-protein coupled receptor 176,CHEMBL4523869,SINGLE PROTEIN
Probable G-protein coupled receptor 19,CHEMBL4523870,SINGLE PROTEIN
Probable G-protein coupled receptor 162,CHEMBL4523871,SINGLE PROTEIN
Adhesion G-protein coupled receptor F1,CHEMBL4523872,SINGLE PROTEIN
G-protein coupled receptor family C group 6 member A,CHEMBL4523873,SINGLE PROTEIN
Metabotropic glycine receptor,CHEMBL4523874,SINGLE PROTEIN
G-protein coupled receptor 157,CHEMBL4523875,SINGLE PROTEIN
Probable G-protein coupled receptor 153,CHEMBL4523876,SINGLE PROTEIN
Adhesion G-protein coupled receptor D1,CHEMBL4523877,SINGLE PROTEIN
Opsin-5,CHEMBL4523878,SINGLE PROTEIN
Probable G-protein coupled receptor 141,CHEMBL4523879,SINGLE PROTEIN
Adhesion G protein-coupled receptor D2,CHEMBL4523880,SINGLE PROTEIN
Mas-related G-protein coupled receptor member G,CHEMBL4523881,SINGLE PROTEIN
Mas-related G-protein coupled receptor member E,CHEMBL4523882,SINGLE PROTEIN
Probable G-protein coupled receptor 149,CHEMBL4523883,SINGLE PROTEIN
Adhesion G-protein coupled receptor G6,CHEMBL4523884,SINGLE PROTEIN
Adhesion G protein-coupled receptor A1,CHEMBL4523885,SINGLE PROTEIN
P2Y purinoceptor 8,CHEMBL4523886,SINGLE PROTEIN
Adhesion G protein-coupled receptor A3,CHEMBL4523887,SINGLE PROTEIN
Adhesion G protein-coupled receptor F5,CHEMBL4523888,SINGLE PROTEIN
Adhesion G protein-coupled receptor F4,CHEMBL4523889,SINGLE PROTEIN
Adhesion G-protein coupled receptor G5,CHEMBL4523890,SINGLE PROTEIN
Adhesion G-protein coupled receptor F3,CHEMBL4523891,SINGLE PROTEIN
Putative adhesion G protein-coupled receptor F2P,CHEMBL4523892,SINGLE PROTEIN
Adhesion G-protein coupled receptor G2,CHEMBL4523893,SINGLE PROTEIN
G-protein coupled receptor 161,CHEMBL4523894,SINGLE PROTEIN
G-protein coupled receptor 26,CHEMBL4523895,SINGLE PROTEIN
Retinoic acid-induced protein 3,CHEMBL4523896,SINGLE PROTEIN
Probable G-protein coupled receptor 156,CHEMBL4523897,SINGLE PROTEIN
Probable G-protein coupled receptor 150,CHEMBL4523898,SINGLE PROTEIN
Mas-related G-protein coupled receptor member D,CHEMBL4523899,SINGLE PROTEIN
Probable G-protein coupled receptor 152,CHEMBL4523900,SINGLE PROTEIN
Probable G-protein coupled receptor 148,CHEMBL4523901,SINGLE PROTEIN
Trace amine-associated receptor 8,CHEMBL4523902,SINGLE PROTEIN
Mas-related G-protein coupled receptor member F,CHEMBL4523903,SINGLE PROTEIN
Probable G-protein coupled receptor 146,CHEMBL4523904,SINGLE PROTEIN
Mas-related G-protein coupled receptor member X3,CHEMBL4523905,SINGLE PROTEIN
Probable G-protein coupled receptor 101,CHEMBL4523906,SINGLE PROTEIN
Probable G-protein coupled receptor 82,CHEMBL4523907,SINGLE PROTEIN
G-protein coupled receptor 78,CHEMBL4523908,SINGLE PROTEIN
Adhesion G protein-coupled receptor A2,CHEMBL4523909,SINGLE PROTEIN
Trace amine-associated receptor 6,CHEMBL4523910,SINGLE PROTEIN
Trace amine-associated receptor 9,CHEMBL4523911,SINGLE PROTEIN
G-protein coupled receptor 20,CHEMBL4523912,SINGLE PROTEIN
Probable G-protein coupled receptor 21,CHEMBL4523913,SINGLE PROTEIN
G-protein coupled receptor 22,CHEMBL4523914,SINGLE PROTEIN
G-protein coupled receptor 87,CHEMBL4523915,SINGLE PROTEIN
Probable G-protein coupled receptor 63,CHEMBL4523916,SINGLE PROTEIN
G-protein coupled receptor 62,CHEMBL4523917,SINGLE PROTEIN
G-protein coupled receptor 61,CHEMBL4523918,SINGLE PROTEIN
Opsin-3,CHEMBL4523919,SINGLE PROTEIN
Adhesion G protein-coupled receptor L4,CHEMBL4523920,SINGLE PROTEIN
G-protein coupled receptor family C group 5 member C,CHEMBL4523921,SINGLE PROTEIN
Probable G-protein coupled receptor 173,CHEMBL4523922,SINGLE PROTEIN
Probable G-protein coupled receptor 27,CHEMBL4523923,SINGLE PROTEIN
G-protein coupled receptor 83,CHEMBL4523924,SINGLE PROTEIN
G-protein coupled receptor family C group 5 member D,CHEMBL4523925,SINGLE PROTEIN
G-protein coupled receptor family C group 5 member B,CHEMBL4523926,SINGLE PROTEIN
Trace amine-associated receptor 2,CHEMBL4523927,SINGLE PROTEIN
Probable G-protein coupled receptor 45,CHEMBL4523928,SINGLE PROTEIN
Adhesion G-protein coupled receptor G1,CHEMBL4523929,SINGLE PROTEIN
5-HT1A/5-HT1F,CHEMBL4523958,SELECTIVITY GROUP
5-HT1B/5-HT1F,CHEMBL4523959,SELECTIVITY GROUP
5-HT1D/5-HT1F,CHEMBL4523960,SELECTIVITY GROUP
CDK4/CDK1,CHEMBL4523963,SELECTIVITY GROUP
COX-1/COX-2,CHEMBL4523964,SELECTIVITY GROUP
Cholecystokinin(CCK) A/B,CHEMBL4523965,SELECTIVITY GROUP
IKK2/IKK1,CHEMBL4523969,SELECTIVITY GROUP
MMP-2/MMP-13,CHEMBL4523970,SELECTIVITY GROUP
MMP-2/MMP-14,CHEMBL4523971,SELECTIVITY GROUP
MMP-2/MMP-9,CHEMBL4523972,SELECTIVITY GROUP
Melanocortin receptor 3/5,CHEMBL4523974,SELECTIVITY GROUP
Src/Lck kinase,CHEMBL4523978,SELECTIVITY GROUP
Vasopressin V1a/V2,CHEMBL4523980,SELECTIVITY GROUP
MMP-1/MMP-2,CHEMBL4523984,SELECTIVITY GROUP
UDP-glucuronosyltransferases (UGTs),CHEMBL4523985,PROTEIN FAMILY
Cytochrome P450,CHEMBL4523986,PROTEIN FAMILY
Chymotrypsin,CHEMBL4523987,PROTEIN FAMILY
Class 1 histone deacetylase,CHEMBL4523988,PROTEIN FAMILY
Serine/threonine-protein kinase LATS,CHEMBL4523992,PROTEIN FAMILY
Programmed cell death protein 1/Programmed cell death 1 ligand 1,CHEMBL4523993,PROTEIN COMPLEX
Geranylgeranyl transferase type-2,CHEMBL4523994,PROTEIN COMPLEX
PCSK9/LDLR,CHEMBL4523996,PROTEIN-PROTEIN INTERACTION
von Hippel-Lindau disease tumor suppressor/EGFR,CHEMBL4523998,PROTEIN-PROTEIN INTERACTION
mTORC2,CHEMBL4523999,PROTEIN COMPLEX
Protein cereblon/GSPT1/Cullin-4A/DDB1,CHEMBL4524003,PROTEIN-PROTEIN INTERACTION
Secretory phospholipase A2,CHEMBL4524005,PROTEIN FAMILY
RAS,CHEMBL4524006,PROTEIN FAMILY
Notch receptor,CHEMBL4524007,PROTEIN FAMILY
Galanin receptor,CHEMBL4524008,PROTEIN FAMILY
Sigma receptor,CHEMBL4524009,PROTEIN FAMILY
Bombesin receptor,CHEMBL4524010,PROTEIN FAMILY
P2Y receptor,CHEMBL4524011,PROTEIN FAMILY
P2X receptor,CHEMBL4524012,PROTEIN FAMILY
Mitotic spindle assembly checkpoint protein MAD2B,CHEMBL4524021,SINGLE PROTEIN
Translin-associated protein X,CHEMBL4524025,SINGLE PROTEIN
Guanine nucleotide exchange factor DBS,CHEMBL4524032,SINGLE PROTEIN
"Aspartate aminotransferase, mitochondrial",CHEMBL4524033,SINGLE PROTEIN
Serine/threonine-protein kinase H1,CHEMBL4524035,SINGLE PROTEIN
Son of sevenless homolog 2,CHEMBL4524041,SINGLE PROTEIN
Tribbles homolog 1,CHEMBL4524042,SINGLE PROTEIN
Mucolipin-1,CHEMBL4524043,SINGLE PROTEIN
Serotonin 1 (5-HT1) receptor,CHEMBL4524122,PROTEIN FAMILY
Vasoactive intestinal peptide receptor,CHEMBL4524128,PROTEIN FAMILY
NEK kinase,CHEMBL4524130,PROTEIN FAMILY
Calcium-activated potassium channel,CHEMBL4524132,PROTEIN FAMILY
Nicotinic Acetylcholine Receptor,CHEMBL4524133,PROTEIN COMPLEX GROUP
Hydroxyacid oxidase 1 mRNA,CHEMBL4524134,NUCLEIC-ACID
HepG2-CD81,CHEMBL4543887,CELL-LINE
Insulin receptor substrate 1 mRNA,CHEMBL4622821,NUCLEIC-ACID
Intercellular adhesion molecule-1 mRNA 3'UTR,CHEMBL4622822,NUCLEIC-ACID
Heat shock protein beta-1 (HSP27) mRNA,CHEMBL4622823,NUCLEIC-ACID
Protein kinase C alpha mRNA 3'UTR,CHEMBL4622824,NUCLEIC-ACID
Angiopoietin like 3 (ANGPTL3) mRNA,CHEMBL4622825,NUCLEIC-ACID
Transforming growth factor beta-2 mRNA,CHEMBL4622826,NUCLEIC-ACID
p53 mRNA,CHEMBL4622827,NUCLEIC-ACID
Bcl-2 mRNA,CHEMBL4622828,NUCLEIC-ACID
STAT-3 mRNA 3'UTR,CHEMBL4622829,NUCLEIC-ACID
CEP290 mRNA,CHEMBL4627240,NUCLEIC-ACID
Growth factor receptor-bound protein 2 mRNA,CHEMBL4627241,NUCLEIC-ACID
L-lactate dehydrogenase A chain mRNA,CHEMBL4627242,NUCLEIC-ACID
H-Ras mRNA 5'UTR,CHEMBL4627244,NUCLEIC-ACID
Complement C5 mRNA,CHEMBL4627245,NUCLEIC-ACID
VEGF-A mRNA,CHEMBL4630576,NUCLEIC-ACID
microRNA-155,CHEMBL4630577,NUCLEIC-ACID
Beta-2 adrenergic receptor mRNA,CHEMBL4630578,NUCLEIC-ACID
Clusterin mRNA,CHEMBL4630579,NUCLEIC-ACID
Ribonucleotide reductase small subunit mRNA,CHEMBL4630580,NUCLEIC-ACID
Antibodies,CHEMBL4630661,MACROMOLECULE
PCSK9 mRNA,CHEMBL4630662,NUCLEIC-ACID
WM164,CHEMBL4630701,CELL-LINE
SBcl2,CHEMBL4630702,CELL-LINE
L3.6pl,CHEMBL4630703,CELL-LINE
K562-Lucena 1,CHEMBL4630704,CELL-LINE
WM793,CHEMBL4630705,CELL-LINE
SK-MEL-147,CHEMBL4630706,CELL-LINE
SU.86.86,CHEMBL4630707,CELL-LINE
MUGMel2,CHEMBL4630714,CELL-LINE
MUGMel1,CHEMBL4630715,CELL-LINE
TOV21G,CHEMBL4630716,CELL-LINE
MCF7:TAM1,CHEMBL4630717,CELL-LINE
S1-M1-80,CHEMBL4630718,CELL-LINE
FGF1/KLB,CHEMBL4630720,PROTEIN COMPLEX
ErbB-2/ErbB-3 heterodimer,CHEMBL4630723,PROTEIN COMPLEX
p90RSK,CHEMBL4630724,PROTEIN FAMILY
Nitric oxide synthase,CHEMBL4630725,PROTEIN FAMILY
E2F,CHEMBL4630726,PROTEIN FAMILY
Protein cereblon/Phosphodiesterase 6D,CHEMBL4630727,PROTEIN-PROTEIN INTERACTION
Protein cereblon/Tyrosine-protein kinase SRC,CHEMBL4630728,PROTEIN-PROTEIN INTERACTION
Protein cereblon/HMG-CoA reductase,CHEMBL4630729,PROTEIN-PROTEIN INTERACTION
Protein cereblon/Tyrosine-protein kinase receptor FLT3,CHEMBL4630730,PROTEIN-PROTEIN INTERACTION
Protein cereblon/Stem cell growth factor receptor,CHEMBL4630731,PROTEIN-PROTEIN INTERACTION
Protein cereblon/Serine/threonine-protein kinase WEE1,CHEMBL4630732,PROTEIN-PROTEIN INTERACTION
Protein cereblon/Platelet-derived growth factor receptor alpha,CHEMBL4630733,PROTEIN-PROTEIN INTERACTION
Protein cereblon/DNA damage-binding protein 1,CHEMBL4630734,PROTEIN-PROTEIN INTERACTION
von Hippel-Lindau disease tumor suppressor/Histone deacetylase 6,CHEMBL4630736,PROTEIN-PROTEIN INTERACTION
von Hippel-Lindau disease tumor suppressor/Histone deacetylase 5,CHEMBL4630737,PROTEIN-PROTEIN INTERACTION
von Hippel-Lindau disease tumor suppressor/Histone deacetylase 7,CHEMBL4630738,PROTEIN-PROTEIN INTERACTION
von Hippel-Lindau disease tumor suppressor/Ikaros,CHEMBL4630739,PROTEIN-PROTEIN INTERACTION
von Hippel-Lindau disease tumor suppressor/Tyrosine-protein kinase BTK,CHEMBL4630740,PROTEIN-PROTEIN INTERACTION
von Hippel-Lindau disease tumor suppressor/Histone deacetylase 3,CHEMBL4630741,PROTEIN-PROTEIN INTERACTION
von Hippel-Lindau disease tumor suppressor/Protein-tyrosine phosphatase 2C,CHEMBL4630742,PROTEIN-PROTEIN INTERACTION
von Hippel-Lindau disease tumor suppressor/Histone deacetylase 2,CHEMBL4630743,PROTEIN-PROTEIN INTERACTION
von Hippel-Lindau disease tumor suppressor/Aiolos,CHEMBL4630744,PROTEIN-PROTEIN INTERACTION
von Hippel-Lindau disease tumor suppressor/Histone deacetylase 1,CHEMBL4630745,PROTEIN-PROTEIN INTERACTION
von Hippel-Lindau disease tumor suppressor/Histone deacetylase 4,CHEMBL4630746,PROTEIN-PROTEIN INTERACTION
Baculoviral IAP repeat-containing protein 2/Cyclin-dependent kinase 4,CHEMBL4630748,PROTEIN-PROTEIN INTERACTION
Baculoviral IAP repeat-containing protein 2/Cyclin-dependent kinase 6,CHEMBL4630749,PROTEIN-PROTEIN INTERACTION
E3 ubiquitin-protein ligase XIAP/JAK2,CHEMBL4630750,PROTEIN-PROTEIN INTERACTION
E3 ubiquitin-protein ligase XIAP/JAK1,CHEMBL4630751,PROTEIN-PROTEIN INTERACTION
Cyclin-dependent kinase 12/13,CHEMBL4630753,PROTEIN FAMILY
Diacylglycerol kinase alpha/zeta,CHEMBL4630754,PROTEIN FAMILY
Protein fosB/Transcription factor jun-D,CHEMBL4630755,PROTEIN COMPLEX
5-hydroxytryptamine receptor 2A/Metabotropic glutamate receptor 2,CHEMBL4630758,PROTEIN COMPLEX
TEL/KDR,CHEMBL4630759,CHIMERIC PROTEIN
Sodium channel protein type 1 subunit alpha/beta-1/beta-2,CHEMBL4630760,PROTEIN COMPLEX
Sodium channel protein type 4 subunit alpha/beta-1/beta-2,CHEMBL4630762,PROTEIN COMPLEX
Sodium channel protein type 5 subunit alpha/beta-1/beta-2,CHEMBL4630763,PROTEIN COMPLEX
Sodium channel protein type 9 subunit alpha/beta-1/beta-2,CHEMBL4630765,PROTEIN COMPLEX
AD293,CHEMBL4630775,CELL-LINE
SW620/AD300,CHEMBL4630776,CELL-LINE
HAP1,CHEMBL4630777,CELL-LINE
T98,CHEMBL4630778,CELL-LINE
S1,CHEMBL4630779,CELL-LINE
OC-3-VGH,CHEMBL4630780,CELL-LINE
HepaRG,CHEMBL4630781,CELL-LINE
HeLa/Fucci2,CHEMBL4630782,CELL-LINE
Ubiquitin carboxyl-terminal hydrolase 27,CHEMBL4630801,SINGLE PROTEIN
Interferon-inducible protein AIM2,CHEMBL4630802,SINGLE PROTEIN
Cystinosin,CHEMBL4630803,SINGLE PROTEIN
Protein phosphatase 1 regulatory subunit 15A,CHEMBL4630805,SINGLE PROTEIN
Mitofusin-2,CHEMBL4630807,SINGLE PROTEIN
Thrombospondin-1,CHEMBL4630810,SINGLE PROTEIN
DNA replication licensing factor MCM3,CHEMBL4630813,SINGLE PROTEIN
DNA replication licensing factor MCM5,CHEMBL4630815,SINGLE PROTEIN
DNA replication licensing factor MCM7,CHEMBL4630816,SINGLE PROTEIN
Ubiquitin carboxyl-terminal hydrolase 6,CHEMBL4630817,SINGLE PROTEIN
Sterol regulatory element-binding protein 1,CHEMBL4630818,SINGLE PROTEIN
N-alpha-acetyltransferase 10,CHEMBL4630819,SINGLE PROTEIN
Ubiquitin carboxyl-terminal hydrolase 11,CHEMBL4630820,SINGLE PROTEIN
Protein FosB,CHEMBL4630821,SINGLE PROTEIN
6-pyruvoyl tetrahydrobiopterin synthase,CHEMBL4630823,SINGLE PROTEIN
AP-1 complex subunit beta-1,CHEMBL4630824,SINGLE PROTEIN
Josephin-1,CHEMBL4630825,SINGLE PROTEIN
Homeobox protein SIX1,CHEMBL4630826,SINGLE PROTEIN
B-cell CLL/lymphoma 7 protein family member A,CHEMBL4630829,SINGLE PROTEIN
Protein phosphatase 1 regulatory subunit 15B,CHEMBL4630830,SINGLE PROTEIN
OTU domain-containing protein 3,CHEMBL4630831,SINGLE PROTEIN
OTU domain-containing protein 1,CHEMBL4630832,SINGLE PROTEIN
Ubiquitin thioesterase OTU1,CHEMBL4630833,SINGLE PROTEIN
N-terminal Xaa-Pro-Lys N-methyltransferase 2,CHEMBL4630834,SINGLE PROTEIN
Protein GPR107,CHEMBL4630835,SINGLE PROTEIN
BTB/POZ domain-containing protein KCTD11,CHEMBL4630837,SINGLE PROTEIN
OTU domain-containing protein 7B,CHEMBL4630838,SINGLE PROTEIN
N-acyl-phosphatidylethanolamine-hydrolyzing phospholipase D,CHEMBL4630839,SINGLE PROTEIN
Thioredoxin domain-containing protein 11,CHEMBL4630840,SINGLE PROTEIN
Ubiquitin carboxyl-terminal hydrolase 45,CHEMBL4630841,SINGLE PROTEIN
OTU domain-containing protein 6A,CHEMBL4630842,SINGLE PROTEIN
Deubiquitinase OTUD6B,CHEMBL4630843,SINGLE PROTEIN
Josephin-2,CHEMBL4630845,SINGLE PROTEIN
Ubiquitin thioesterase OTUB2,CHEMBL4630847,SINGLE PROTEIN
AMSH-like protease,CHEMBL4630848,SINGLE PROTEIN
Deubiquitinating protein VCPIP1,CHEMBL4630849,SINGLE PROTEIN
Phospholipase A and acyltransferase 5,CHEMBL4630850,SINGLE PROTEIN
"5-demethoxyubiquinone hydroxylase, mitochondrial",CHEMBL4630851,SINGLE PROTEIN
B-cell CLL/lymphoma 7 protein family member B,CHEMBL4630852,SINGLE PROTEIN
N-alpha-acetyltransferase 50,CHEMBL4630854,SINGLE PROTEIN
Ataxin-3-like protein,CHEMBL4630855,SINGLE PROTEIN
N-alpha-acetyltransferase 60,CHEMBL4630856,SINGLE PROTEIN
NLR family CARD domain-containing protein 4,CHEMBL4630857,SINGLE PROTEIN
Ubiquitin carboxyl-terminal hydrolase CYLD,CHEMBL4630858,SINGLE PROTEIN
Sialin,CHEMBL4630859,SINGLE PROTEIN
Phospholipase A and acyltransferase 2,CHEMBL4630860,SINGLE PROTEIN
Ubiquitin carboxyl-terminal hydrolase 36,CHEMBL4630861,SINGLE PROTEIN
Ubiquitin carboxyl-terminal hydrolase 35,CHEMBL4630862,SINGLE PROTEIN
Mortality factor 4-like protein 1,CHEMBL4630863,SINGLE PROTEIN
Phospholipase A and acyltransferase 4,CHEMBL4630864,SINGLE PROTEIN
Ubiquitin carboxyl-terminal hydrolase 16,CHEMBL4630865,SINGLE PROTEIN
Interferon beta,CHEMBL4630876,SINGLE PROTEIN
Sialic acid-binding Ig-like lectin 8,CHEMBL4630877,SINGLE PROTEIN
T-cell immunoreceptor with Ig and ITIM domains,CHEMBL4630878,SINGLE PROTEIN
Hepatitis A virus cellular receptor 2,CHEMBL4630879,SINGLE PROTEIN
Interleukin-17F,CHEMBL4630880,SINGLE PROTEIN
Lymphocyte activation gene 3 protein,CHEMBL4630881,SINGLE PROTEIN
Tumor necrosis factor receptor superfamily member 13C,CHEMBL4630882,SINGLE PROTEIN
Fractalkine,CHEMBL4630883,SINGLE PROTEIN
Prolow-density lipoprotein receptor-related protein 1,CHEMBL4630884,SINGLE PROTEIN
Oncostatin-M-specific receptor subunit beta,CHEMBL4630885,SINGLE PROTEIN
Repulsive guidance molecule A,CHEMBL4630886,SINGLE PROTEIN
Semaphorin-4D,CHEMBL4630887,SINGLE PROTEIN
Delta-like protein 3,CHEMBL4630888,SINGLE PROTEIN
Glypican-3,CHEMBL4630889,SINGLE PROTEIN
Interleukin-33,CHEMBL4630890,SINGLE PROTEIN
Platelet glycoprotein Ib alpha chain,CHEMBL4630891,SINGLE PROTEIN
NKG2-A/NKG2-B type II integral membrane protein,CHEMBL4630892,SINGLE PROTEIN
Interleukin-31 receptor subunit alpha,CHEMBL4630894,SINGLE PROTEIN
Killer cell immunoglobulin-like receptor 3DL2,CHEMBL4630895,SINGLE PROTEIN
CNE2Z,CHEMBL4632328,CELL-LINE
KM12C,CHEMBL4632329,CELL-LINE
NCI-H508,CHEMBL4632330,CELL-LINE
SUM185PE,CHEMBL4632331,CELL-LINE
PNT2,CHEMBL4632332,CELL-LINE
M34,CHEMBL4632334,CELL-LINE
Oxalate,CHEMBL4632341,SMALL MOLECULE
D-lactose,CHEMBL4632342,SMALL MOLECULE
SMAD-7 mRNA,CHEMBL4632344,NUCLEIC-ACID
Sialyl Lewis A (CA19-9),CHEMBL4632351,MACROMOLECULE
Antithrombin mRNA,CHEMBL4634874,NUCLEIC-ACID
Intestinal mucosa,CHEMBL4651296,TISSUE
L-arginine,CHEMBL4651302,SMALL MOLECULE
Cholesterol,CHEMBL4651303,LIPID
Globohexaosylceramide,CHEMBL4651381,SMALL MOLECULE
Protransforming growth factor alpha,CHEMBL4662938,SINGLE PROTEIN
Proepiregulin,CHEMBL4662939,SINGLE PROTEIN
Low affinity immunoglobulin gamma Fc region receptor II-b,CHEMBL4662940,SINGLE PROTEIN
Melanoma-associated antigen 3,CHEMBL4662941,SINGLE PROTEIN
Wilms tumor protein,CHEMBL4662942,SINGLE PROTEIN
Syncytin-1,CHEMBL4662944,SINGLE PROTEIN
Sphingomyelin,CHEMBL4662961,LIPID
LPA mRNA,CHEMBL4662965,NUCLEIC-ACID
Hydrochloric acid,CHEMBL4662966,SMALL MOLECULE
Glycogen,CHEMBL4662969,OLIGOSACCHARIDE
VEGFR1 mRNA,CHEMBL4662970,NUCLEIC-ACID
DNA-directed RNA polymerase III subunit RPC1,CHEMBL4665582,SINGLE PROTEIN
CD166 antigen,CHEMBL4665584,SINGLE PROTEIN
Inactive tyrosine-protein kinase transmembrane receptor ROR1,CHEMBL4665585,SINGLE PROTEIN
Interleukin-21,CHEMBL4665586,SINGLE PROTEIN
Fucosyl-GM1,CHEMBL4665587,LIPID
IL-2R beta/gamma,CHEMBL4665588,PROTEIN COMPLEX
Cap binding complex,CHEMBL4665589,PROTEIN COMPLEX
RSPO3-LGR4,CHEMBL4665590,PROTEIN-PROTEIN INTERACTION
IL36 receptor,CHEMBL4665591,PROTEIN COMPLEX
Interleukin-15 receptor,CHEMBL4665592,PROTEIN COMPLEX
CBP/beta catenin,CHEMBL4665593,PROTEIN-PROTEIN INTERACTION
Synaptic vesicle protein,CHEMBL4665594,PROTEIN FAMILY
Apolipoprotein L1,CHEMBL4680021,SINGLE PROTEIN
Long-chain-fatty-acid--CoA ligase 4,CHEMBL4680022,SINGLE PROTEIN
Fatty acid CoA ligase Acsl3,CHEMBL4680023,SINGLE PROTEIN
Gap junction alpha-1 protein,CHEMBL4680024,SINGLE PROTEIN
Cyclin-dependent kinase inhibitor 2A,CHEMBL4680027,SINGLE PROTEIN
Aspartyl/asparaginyl beta-hydroxylase,CHEMBL4680030,SINGLE PROTEIN
RNA-binding protein 39,CHEMBL4680031,SINGLE PROTEIN
Terminal nucleotidyltransferase 4A,CHEMBL4680033,SINGLE PROTEIN
Terminal nucleotidyltransferase 4B,CHEMBL4680036,SINGLE PROTEIN
Splicing factor 45,CHEMBL4680038,SINGLE PROTEIN
Mitochondrial 2-oxodicarboxylate carrier,CHEMBL4680040,SINGLE PROTEIN
Long-chain-fatty-acid--CoA ligase 6,CHEMBL4680042,SINGLE PROTEIN
Protein argonaute-2,CHEMBL4680043,SINGLE PROTEIN
Sodium- and chloride-dependent neutral and basic amino acid transporter B(0+),CHEMBL4680044,SINGLE PROTEIN
SLC34A2-ROS1,CHEMBL4680045,CHIMERIC PROTEIN
CD74-ROS1,CHEMBL4680046,CHIMERIC PROTEIN
Baculoviral IAP repeat-containing protein 2/Hematopoietic prostaglandin D synthase,CHEMBL4680047,PROTEIN-PROTEIN INTERACTION
Acyl-protein thioesterase 1/2,CHEMBL4680048,PROTEIN FAMILY
Sphingosine kinase 1/2,CHEMBL4680050,PROTEIN FAMILY
Sortilin/Progranulin,CHEMBL4680051,PROTEIN-PROTEIN INTERACTION
Protein cereblon/Focal adhesion kinase 1,CHEMBL4680052,PROTEIN-PROTEIN INTERACTION
Protein cereblon/Cyclin B1,CHEMBL4680053,PROTEIN-PROTEIN INTERACTION
Protein cereblon/Hematopoietic prostaglandin D synthase,CHEMBL4680054,PROTEIN-PROTEIN INTERACTION
Protein cereblon/von Hippel-Lindau disease tumor suppressor,CHEMBL4680056,PROTEIN-PROTEIN INTERACTION
Dentine,CHEMBL4715675,TISSUE
Syntenin-1,CHEMBL4739667,SINGLE PROTEIN
Erlin-2,CHEMBL4739672,SINGLE PROTEIN
RNA cytosine C(5)-methyltransferase NSUN2,CHEMBL4739683,SINGLE PROTEIN
DNA-binding protein Ikaros,CHEMBL4739685,SINGLE PROTEIN
Na(+)/H(+) exchange regulatory cofactor NHE-RF2,CHEMBL4739686,SINGLE PROTEIN
Potassium channel subfamily T member 1,CHEMBL4739688,SINGLE PROTEIN
Potassium channel subfamily T member 2,CHEMBL4739693,SINGLE PROTEIN
N6-adenosine-methyltransferase catalytic subunit,CHEMBL4739695,SINGLE PROTEIN
Thioredoxin domain-containing protein 5,CHEMBL4739698,SINGLE PROTEIN
Fibroblast growth factor 14,CHEMBL4739699,SINGLE PROTEIN
"Methionine--tRNA ligase, mitochondrial",CHEMBL4739700,SINGLE PROTEIN
E3 ubiquitin-protein ligase ZFP91,CHEMBL4739701,SINGLE PROTEIN
La-related protein 6,CHEMBL4739702,SINGLE PROTEIN
UDP-N-acetylglucosamine--dolichyl-phosphate N-acetylglucosaminephosphotransferase,CHEMBL4739704,SINGLE PROTEIN
Dedicator of cytokinesis protein 5,CHEMBL4739705,SINGLE PROTEIN
Zinc finger protein Aiolos,CHEMBL4739707,SINGLE PROTEIN
Insulin-induced gene 1 protein,CHEMBL4739841,SINGLE PROTEIN
Pantetheinase,CHEMBL4739843,SINGLE PROTEIN
Immunoglobulin lambda variable 6-57,CHEMBL4739844,SINGLE PROTEIN
DNA mismatch repair protein Msh6,CHEMBL4739849,SINGLE PROTEIN
Forkhead box protein M1,CHEMBL4739852,SINGLE PROTEIN
Protein disulfide-isomerase A2,CHEMBL4739853,SINGLE PROTEIN
Zinc finger MYND domain-containing protein 11,CHEMBL4739854,SINGLE PROTEIN
2-hydroxyacylsphingosine 1-beta-galactosyltransferase,CHEMBL4739855,SINGLE PROTEIN
Interferon-induced helicase C domain-containing protein 1,CHEMBL4739862,SINGLE PROTEIN
Zinc finger CW-type PWWP domain protein 1,CHEMBL4739863,SINGLE PROTEIN
Protein cereblon/Agrin,CHEMBL4742252,PROTEIN-PROTEIN INTERACTION
"Protein cereblon/Procollagen-lysine,2-oxoglutarate 5-dioxygenase 2",CHEMBL4742261,PROTEIN-PROTEIN INTERACTION
Protein cereblon/Kunitz-type protease inhibitor 1,CHEMBL4742262,PROTEIN-PROTEIN INTERACTION
Protein cereblon/Tyrosine-protein kinase JAK2,CHEMBL4742263,PROTEIN-PROTEIN INTERACTION
Protein cereblon/Endothelial differentiation-related factor 1,CHEMBL4742264,PROTEIN-PROTEIN INTERACTION
Protein cereblon/Cold shock domain-containing protein E1,CHEMBL4742265,PROTEIN-PROTEIN INTERACTION
Protein cereblon/Cyclin-D1-binding protein 1,CHEMBL4742266,PROTEIN-PROTEIN INTERACTION
Protein cereblon/Cystatin-C,CHEMBL4742267,PROTEIN-PROTEIN INTERACTION
Protein cereblon/NTRK1,CHEMBL4742268,PROTEIN-PROTEIN INTERACTION
Protein cereblon/Laminin subunit beta-1,CHEMBL4742270,PROTEIN-PROTEIN INTERACTION
Protein cereblon/PARP1,CHEMBL4742271,PROTEIN-PROTEIN INTERACTION
"Protein cereblon/Indoleamine 2,3-dioxygenase 1",CHEMBL4742272,PROTEIN-PROTEIN INTERACTION
Protein cereblon/Desmoplakin,CHEMBL4742273,PROTEIN-PROTEIN INTERACTION
Protein cereblon/MGMT,CHEMBL4742274,PROTEIN-PROTEIN INTERACTION
Protein cereblon/JAK1,CHEMBL4742275,PROTEIN-PROTEIN INTERACTION
Protein cereblon/Aryl hydrocarbon receptor,CHEMBL4742276,PROTEIN-PROTEIN INTERACTION
Protein cereblon/Ubiquitin carboxyl-terminal hydrolase 8,CHEMBL4742277,PROTEIN-PROTEIN INTERACTION
Protein cereblon/IRAK1,CHEMBL4742279,PROTEIN-PROTEIN INTERACTION
Protein cereblon/Serine/threonine-protein kinase PLK1,CHEMBL4742280,PROTEIN-PROTEIN INTERACTION
Protein cereblon/Dynein light chain Tctex-type 1,CHEMBL4742281,PROTEIN-PROTEIN INTERACTION
Protein cereblon/Small EDRK-rich factor 2,CHEMBL4742282,PROTEIN-PROTEIN INTERACTION
Protein cereblon/MAP2K1/MAP2K2,CHEMBL4742286,PROTEIN-PROTEIN INTERACTION
Protein cereblon/Epithelial discoidin domain-containing receptor 1,CHEMBL4742292,PROTEIN-PROTEIN INTERACTION
Protein cereblon/Apoptosis-stimulating of p53 protein 2,CHEMBL4742293,PROTEIN-PROTEIN INTERACTION
Protein cereblon/E3 ubiquitin-protein ligase SHPRH,CHEMBL4742294,PROTEIN-PROTEIN INTERACTION
Protein cereblon/Nectin-1,CHEMBL4742295,PROTEIN-PROTEIN INTERACTION
Protein cereblon/Delta(24)-sterol reductase,CHEMBL4742296,PROTEIN-PROTEIN INTERACTION
Protein cereblon/Anamorsin,CHEMBL4742298,PROTEIN-PROTEIN INTERACTION
Protein cereblon/WDFY4,CHEMBL4742299,PROTEIN-PROTEIN INTERACTION
Protein cereblon/Pleckstrin homology-like domain family B member 1,CHEMBL4742300,PROTEIN-PROTEIN INTERACTION
Protein cereblon/SIRT6,CHEMBL4742301,PROTEIN-PROTEIN INTERACTION
Protein cereblon/Carbohydrate sulfotransferase 14,CHEMBL4742302,PROTEIN-PROTEIN INTERACTION
Protein cereblon/E3 ubiquitin-protein ligase DTX3L,CHEMBL4742303,PROTEIN-PROTEIN INTERACTION
Protein cereblon/Protein FAM3C,CHEMBL4742304,PROTEIN-PROTEIN INTERACTION
Protein cereblon/Protein LTV1 homolog,CHEMBL4742314,PROTEIN-PROTEIN INTERACTION
Protein cereblon/E3 SUMO-protein ligase NSE2,CHEMBL4742315,PROTEIN-PROTEIN INTERACTION
Protein cereblon/SOSS complex subunit B1,CHEMBL4742316,PROTEIN-PROTEIN INTERACTION
Protein cereblon/45 kDa calcium-binding protein,CHEMBL4742317,PROTEIN-PROTEIN INTERACTION
Protein cereblon/Histone-lysine N-methyltransferase PRDM16,CHEMBL4742318,PROTEIN-PROTEIN INTERACTION
Protein cereblon/DNA polymerase delta subunit 4,CHEMBL4742319,PROTEIN-PROTEIN INTERACTION
Protein cereblon/Ubiquitin-conjugating enzyme E2 T,CHEMBL4742320,PROTEIN-PROTEIN INTERACTION
Protein cereblon/Transmembrane protease serine 4,CHEMBL4742321,PROTEIN-PROTEIN INTERACTION
Protein cereblon/SIRT3,CHEMBL4742322,PROTEIN-PROTEIN INTERACTION
Protein cereblon/SET domain-containing protein 4,CHEMBL4742323,PROTEIN-PROTEIN INTERACTION
Protein cereblon/SIRT5,CHEMBL4742324,PROTEIN-PROTEIN INTERACTION
Protein cereblon/Melanoma-associated antigen D1,CHEMBL4742325,PROTEIN-PROTEIN INTERACTION
Protein cereblon/IRAK3,CHEMBL4742326,PROTEIN-PROTEIN INTERACTION
Protein cereblon/Adhesion G-protein coupled receptor G1,CHEMBL4742327,PROTEIN-PROTEIN INTERACTION
von Hippel-Lindau disease tumor suppressor/Agrin,CHEMBL4748214,PROTEIN-PROTEIN INTERACTION
von Hippel-Lindau disease tumor suppressor/Protein arginine N-methyltransferase 5,CHEMBL4748215,PROTEIN-PROTEIN INTERACTION
von Hippel-Lindau disease tumor suppressor/Aurora kinase A,CHEMBL4748216,PROTEIN-PROTEIN INTERACTION
von Hippel-Lindau disease tumor suppressor/Cyclin-G-associated kinase,CHEMBL4748217,PROTEIN-PROTEIN INTERACTION
von Hippel-Lindau disease tumor suppressor/Polycomb protein EED,CHEMBL4748218,PROTEIN-PROTEIN INTERACTION
von Hippel-Lindau disease tumor suppressor/Progesterone receptor,CHEMBL4748219,PROTEIN-PROTEIN INTERACTION
von Hippel-Lindau disease tumor suppressor/Insulin-like growth factor 1 receptor,CHEMBL4748221,PROTEIN-PROTEIN INTERACTION
von Hippel-Lindau disease tumor suppressor/Proto-oncogene tyrosine-protein kinase ROS,CHEMBL4748222,PROTEIN-PROTEIN INTERACTION
von Hippel-Lindau disease tumor suppressor/PARP1,CHEMBL4748223,PROTEIN-PROTEIN INTERACTION
von Hippel-Lindau disease tumor suppressor/Apoptosis regulator Bcl-2,CHEMBL4748224,PROTEIN-PROTEIN INTERACTION
von Hippel-Lindau disease tumor suppressor/Vitamin D3 receptor,CHEMBL4748225,PROTEIN-PROTEIN INTERACTION
von Hippel-Lindau disease tumor suppressor/Aryl hydrocarbon receptor,CHEMBL4748226,PROTEIN-PROTEIN INTERACTION
von Hippel-Lindau disease tumor suppressor/Transcription activator BRG1,CHEMBL4748227,PROTEIN-PROTEIN INTERACTION
von Hippel-Lindau disease tumor suppressor/IRAK1,CHEMBL4748228,PROTEIN-PROTEIN INTERACTION
von Hippel-Lindau disease tumor suppressor/Bcl-2-like protein 1,CHEMBL4748229,PROTEIN-PROTEIN INTERACTION
von Hippel-Lindau disease tumor suppressor/Methylosome protein 50,CHEMBL4748230,PROTEIN-PROTEIN INTERACTION
von Hippel-Lindau disease tumor suppressor/Uridine-cytidine kinase 2,CHEMBL4748231,PROTEIN-PROTEIN INTERACTION
von Hippel-Lindau disease tumor suppressor/EML4-ALK,CHEMBL4748232,PROTEIN-PROTEIN INTERACTION
von Hippel-Lindau disease tumor suppressor/PARP2,CHEMBL4748233,PROTEIN-PROTEIN INTERACTION
von Hippel-Lindau disease tumor suppressor/IRAK3,CHEMBL4748234,PROTEIN-PROTEIN INTERACTION
Sentrin-specific protease 5,CHEMBL4802012,SINGLE PROTEIN
"Serine/threonine-protein phosphatase PGAM5, mitochondrial",CHEMBL4802013,SINGLE PROTEIN
28S rRNA (cytosine-C(5))-methyltransferase,CHEMBL4802014,SINGLE PROTEIN
Synaptic vesicle membrane protein VAT-1 homolog,CHEMBL4802015,SINGLE PROTEIN
Nicotinamide/nicotinic acid mononucleotide adenylyltransferase 1,CHEMBL4802016,SINGLE PROTEIN
NmrA-like family domain-containing protein 1,CHEMBL4802017,SINGLE PROTEIN
Mitochondrial inner membrane m-AAA protease component AFG3L2,CHEMBL4802020,SINGLE PROTEIN
Baculoviral IAP repeat-containing protein 2/Prostaglandin E synthase,CHEMBL4802030,PROTEIN-PROTEIN INTERACTION
Baculoviral IAP repeat-containing protein 2/Epidermal growth factor receptor,CHEMBL4802031,PROTEIN-PROTEIN INTERACTION
Baculoviral IAP repeat-containing protein 2/Aldo-keto reductase family 1 member B1,CHEMBL4802032,PROTEIN-PROTEIN INTERACTION
HEC1/NEK2,CHEMBL4802034,PROTEIN-PROTEIN INTERACTION
JAK2/JAK3,CHEMBL4802035,PROTEIN FAMILY
Fibroblast growth factor 1/Fibroblast growth factor receptor 2,CHEMBL4802036,PROTEIN COMPLEX
Phosphatidylinositol 4-phosphate 5-kinase type-1 beta,CHEMBL4802064,SINGLE PROTEIN
Biotinidase,CHEMBL4802066,SINGLE PROTEIN
Monocarboxylate transporter 1/4,CHEMBL4802067,SELECTIVITY GROUP
Monocarboxylate transporter 2/3,CHEMBL4802068,SELECTIVITY GROUP
Neuronal acetylcholine receptor,CHEMBL4804182,PROTEIN COMPLEX GROUP
Heparan Sulphate Proteoglycans,CHEMBL4804221,OLIGOSACCHARIDE
Histamine,CHEMBL4804241,SMALL MOLECULE
Filamin-A,CHEMBL4804243,SINGLE PROTEIN
Myristoylated alanine-rich C-kinase substrate,CHEMBL4804244,SINGLE PROTEIN
Ephrin-B2,CHEMBL4804245,SINGLE PROTEIN
Leukocyte immunoglobulin-like receptor subfamily A member 4,CHEMBL4804246,SINGLE PROTEIN
Growth arrest-specific protein 6,CHEMBL4804247,SINGLE PROTEIN
Survivin mRNA,CHEMBL4804249,NUCLEIC-ACID
IL22 Receptor,CHEMBL4804251,PROTEIN COMPLEX
Innate repair receptor,CHEMBL4804252,PROTEIN COMPLEX
IL18 Receptor,CHEMBL4804253,PROTEIN COMPLEX
IL-10 receptor,CHEMBL4804254,PROTEIN COMPLEX
FGFR4-KLB,CHEMBL4804255,PROTEIN COMPLEX
IL-33 receptor (ST2),CHEMBL4804256,PROTEIN COMPLEX
Cancer/testis antigen 1,CHEMBL4804257,SINGLE PROTEIN
Lymphocyte antigen 75,CHEMBL4804258,SINGLE PROTEIN
dsDNA antibodies,CHEMBL4804259,MACROMOLECULE
Transmembrane protease serine 6 mRNA,CHEMBL4834387,NUCLEIC-ACID
Apolipoprotein C-III mRNA,CHEMBL4834388,NUCLEIC-ACID
"Amiloride-sensitive sodium channel, ENaC mRNA",CHEMBL4834389,NUCLEIC-ACID
Tumour,CHEMBL4845609,TISSUE
HOXA9 DNA binding site,CHEMBL4845623,NUCLEIC-ACID
COL1A1 promoter,CHEMBL4845624,NUCLEIC-ACID
Pre-let-7d miRNA,CHEMBL4845642,NUCLEIC-ACID
TOP2A promoter,CHEMBL4845646,NUCLEIC-ACID
Homeobox protein Meis1,CHEMBL4879409,SINGLE PROTEIN
Branched-chain alpha-ketoacid dehydrogenase kinase,CHEMBL4879410,SINGLE PROTEIN
Methylcytosine dioxygenase TET3,CHEMBL4879414,SINGLE PROTEIN
Gamma-aminobutyric acid receptor-associated protein,CHEMBL4879423,SINGLE PROTEIN
Protein Wiz,CHEMBL4879424,SINGLE PROTEIN
Gap junction beta-1 protein,CHEMBL4879427,SINGLE PROTEIN
Complement decay-accelerating factor,CHEMBL4879428,SINGLE PROTEIN
Bifunctional peptidase and (3S)-lysyl hydroxylase JMJD7,CHEMBL4879430,SINGLE PROTEIN
Alpha-1-antitrypsin-related protein,CHEMBL4879431,SINGLE PROTEIN
Proteasome subunit alpha type-1,CHEMBL4879432,SINGLE PROTEIN
Proteasome subunit beta type-4,CHEMBL4879435,SINGLE PROTEIN
"Lon protease homolog, mitochondrial",CHEMBL4879436,SINGLE PROTEIN
Inactive serine/threonine-protein kinase 19,CHEMBL4879437,SINGLE PROTEIN
Paired mesoderm homeobox protein 1,CHEMBL4879442,SINGLE PROTEIN
Gamma-aminobutyric acid receptor-associated protein-like 2,CHEMBL4879445,SINGLE PROTEIN
Ras-related protein R-Ras2,CHEMBL4879446,SINGLE PROTEIN
Coxsackievirus and adenovirus receptor,CHEMBL4879448,SINGLE PROTEIN
Sterol regulatory element-binding protein cleavage-activating protein,CHEMBL4879458,SINGLE PROTEIN
E3 ubiquitin-protein ligase CBL-B,CHEMBL4879459,SINGLE PROTEIN
Fatty acid 2-hydroxylase,CHEMBL4879483,SINGLE PROTEIN
F-box only protein 11,CHEMBL4879484,SINGLE PROTEIN
Extracellular serine/threonine protein kinase FAM20C,CHEMBL4879492,SINGLE PROTEIN
Mucolipin-2,CHEMBL4879493,SINGLE PROTEIN
5'-3' exonuclease PLD4,CHEMBL4879501,SINGLE PROTEIN
Proline-rich acidic protein 1,CHEMBL4879502,SINGLE PROTEIN
Calcium and integrin-binding protein 1,CHEMBL4879503,SINGLE PROTEIN
Microtubule-associated proteins 1A/1B light chain 3C,CHEMBL4879505,SINGLE PROTEIN
Microtubule-associated proteins 1A/1B light chain 3B,CHEMBL4879514,SINGLE PROTEIN
Gamma-aminobutyric acid receptor-associated protein-like 1,CHEMBL4879515,SINGLE PROTEIN
"Presenilin-associated rhomboid-like protein, mitochondrial",CHEMBL4879516,SINGLE PROTEIN
Cobalamin trafficking protein CblD,CHEMBL4879517,SINGLE PROTEIN
Microtubule-associated proteins 1A/1B light chain 3A,CHEMBL4879518,SINGLE PROTEIN
Protein cereblon/Protein-tyrosine phosphatase 2C,CHEMBL4879528,PROTEIN-PROTEIN INTERACTION
Protein cereblon/Serine/threonine-protein kinase RIPK2,CHEMBL4879529,PROTEIN-PROTEIN INTERACTION
Protein cereblon/Eukaryotic translation initiation factor 4E,CHEMBL4879530,PROTEIN-PROTEIN INTERACTION
Protein cereblon/Platelet-derived growth factor receptor beta,CHEMBL4879531,PROTEIN-PROTEIN INTERACTION
Protein cereblon/Zinc finger protein 827,CHEMBL4879532,PROTEIN-PROTEIN INTERACTION
Protein cereblon/Zinc finger protein 692,CHEMBL4879533,PROTEIN-PROTEIN INTERACTION
Protein cereblon/Bromodomain-containing protein 9,CHEMBL4879534,PROTEIN-PROTEIN INTERACTION
Protein cereblon/Cyclin-dependent kinase 12,CHEMBL4879535,PROTEIN-PROTEIN INTERACTION
Protein cereblon/Sal-like protein 4,CHEMBL4879536,PROTEIN-PROTEIN INTERACTION
Protein cereblon/ALK tyrosine kinase receptor,CHEMBL4879537,PROTEIN-PROTEIN INTERACTION
Protein cereblon/Tumour suppressor p53/oncoprotein Mdm2,CHEMBL4879538,PROTEIN-PROTEIN INTERACTION
Cyclin-dependent kinase 3/Cyclin-C,CHEMBL4888443,PROTEIN COMPLEX
Cyclin-dependent kinase 2/4/6,CHEMBL4888444,PROTEIN FAMILY
Neuronal acetylcholine receptor subunit alpha-6/alpha-3,CHEMBL4888445,PROTEIN COMPLEX
DNA damage-binding protein 1/Protein cereblon/E3 ubiquitin-protein ligase Mdm2,CHEMBL4888446,PROTEIN COMPLEX
E3 ubiquitin-protein ligase XIAP/Receptor-interacting serine/threonine-protein kinase 2,CHEMBL4888447,PROTEIN-PROTEIN INTERACTION
Syntenin-1/Syndecan-2,CHEMBL4888448,PROTEIN COMPLEX
Catenin beta-1/Cadherin-1,CHEMBL4888449,PROTEIN-PROTEIN INTERACTION
Protein orai-2/Stromal interaction molecule 1,CHEMBL4888450,PROTEIN COMPLEX
MAP2K3/Myc proto-oncogene protein,CHEMBL4888452,PROTEIN-PROTEIN INTERACTION
CDK2/Cyclin C,CHEMBL4888454,PROTEIN COMPLEX
CDC42/Intersectin-1,CHEMBL4888458,PROTEIN-PROTEIN INTERACTION
STE20-like serine/threonine-protein kinase/Serine/threonine-protein kinase 10,CHEMBL4888459,PROTEIN FAMILY
Stromal interaction molecule 1/Protein orai-3,CHEMBL4888461,PROTEIN COMPLEX
Myoblast,CHEMBL5058616,CELL-LINE
NB4-DR1,CHEMBL5058617,CELL-LINE
Natural killer cell,CHEMBL5058620,CELL-LINE
MHCC97,CHEMBL5058621,CELL-LINE
ES-2,CHEMBL5058622,CELL-LINE
SK-N-BE(2),CHEMBL5058623,CELL-LINE
Mesenchymal stem cells,CHEMBL5058627,CELL-LINE
WSUDLCL2,CHEMBL5058628,CELL-LINE
Huh-7.5,CHEMBL5058629,CELL-LINE
HBEC3-KT,CHEMBL5058631,CELL-LINE
KB-C2,CHEMBL5058633,CELL-LINE
Myoneurin,CHEMBL5069362,SINGLE PROTEIN
Zinc finger and BTB domain-containing protein 11,CHEMBL5069363,SINGLE PROTEIN
Transcription regulator protein BACH2,CHEMBL5069364,SINGLE PROTEIN
Zinc finger and BTB domain-containing protein 9,CHEMBL5069365,SINGLE PROTEIN
Telomere zinc finger-associated protein,CHEMBL5069366,SINGLE PROTEIN
Zinc finger and BTB domain-containing protein 44,CHEMBL5069367,SINGLE PROTEIN
Zinc finger and BTB domain-containing protein 21,CHEMBL5069368,SINGLE PROTEIN
Zinc finger and BTB domain-containing protein 43,CHEMBL5069369,SINGLE PROTEIN
Zinc finger and BTB domain-containing protein 1,CHEMBL5069370,SINGLE PROTEIN
Zinc finger and BTB domain-containing protein 24,CHEMBL5069371,SINGLE PROTEIN
Zinc finger and BTB domain-containing protein 10,CHEMBL5069372,SINGLE PROTEIN
Zinc finger and BTB domain-containing protein 2,CHEMBL5069373,SINGLE PROTEIN
Zinc finger and BTB domain-containing protein 17,CHEMBL5069374,SINGLE PROTEIN
Zinc finger and BTB domain-containing protein 7A,CHEMBL5069375,SINGLE PROTEIN
Transcriptional regulator Kaiso,CHEMBL5069376,SINGLE PROTEIN
Zinc finger and BTB domain-containing protein 14,CHEMBL5069377,SINGLE PROTEIN
Zinc finger and BTB domain-containing protein 40,CHEMBL5069378,SINGLE PROTEIN
Protein archease,CHEMBL5069379,SINGLE PROTEIN
Zinc finger protein 131,CHEMBL5069380,SINGLE PROTEIN
IDO1/von Hippel-Lindau disease tumor suppressor,CHEMBL5169061,PROTEIN-PROTEIN INTERACTION
von Hippel-Lindau disease tumor suppressor/TBXT,CHEMBL5169062,PROTEIN-PROTEIN INTERACTION
von Hippel-Lindau disease tumor suppressor/BANF1,CHEMBL5169063,PROTEIN-PROTEIN INTERACTION
von Hippel-Lindau disease tumor suppressor/NSD2,CHEMBL5169064,PROTEIN-PROTEIN INTERACTION
von Hippel-Lindau disease tumor suppressor/HMGCR,CHEMBL5169065,PROTEIN-PROTEIN INTERACTION
von Hippel-Lindau disease tumor suppressor/GSPT1,CHEMBL5169066,PROTEIN-PROTEIN INTERACTION
von Hippel-Lindau disease tumor suppressor/WEE1,CHEMBL5169067,PROTEIN-PROTEIN INTERACTION
von Hippel-Lindau disease tumor suppressor/AKT1,CHEMBL5169068,PROTEIN-PROTEIN INTERACTION
von Hippel-Lindau disease tumor suppressor/WDR5,CHEMBL5169069,PROTEIN-PROTEIN INTERACTION
von Hippel-Lindau disease tumor suppressor/SOS1,CHEMBL5169070,PROTEIN-PROTEIN INTERACTION
von Hippel-Lindau disease tumor suppressor/SOS2,CHEMBL5169071,PROTEIN-PROTEIN INTERACTION
von Hippel-Lindau disease tumor suppressor/SUZ12,CHEMBL5169072,PROTEIN-PROTEIN INTERACTION
von Hippel-Lindau disease tumor suppressor/EZH2,CHEMBL5169073,PROTEIN-PROTEIN INTERACTION
von Hippel-Lindau disease tumor suppressor/SGK3,CHEMBL5169074,PROTEIN-PROTEIN INTERACTION
von Hippel-Lindau disease tumor suppressor/GPER1,CHEMBL5169075,PROTEIN-PROTEIN INTERACTION
von Hippel-Lindau disease tumor suppressor/HDAC9,CHEMBL5169076,PROTEIN-PROTEIN INTERACTION
SOS1/von Hippel-Lindau disease tumor suppressor/ELOC/ELOB,CHEMBL5169077,PROTEIN-PROTEIN INTERACTION
von Hippel-Lindau disease tumor suppressor/KDM1A/HDAC1/RCOR1,CHEMBL5169078,PROTEIN-PROTEIN INTERACTION
Protein cereblon/AXL,CHEMBL5169079,PROTEIN-PROTEIN INTERACTION
Protein cereblon/ADORA1,CHEMBL5169080,PROTEIN-PROTEIN INTERACTION
Protein cereblon/AKT1,CHEMBL5169081,PROTEIN-PROTEIN INTERACTION
Protein cereblon/AKT2,CHEMBL5169082,PROTEIN-PROTEIN INTERACTION
Protein cereblon/BSG,CHEMBL5169083,PROTEIN-PROTEIN INTERACTION
Protein cereblon/CUL4A/AR,CHEMBL5169084,PROTEIN-PROTEIN INTERACTION
Protein cereblon/CDK13,CHEMBL5169085,PROTEIN-PROTEIN INTERACTION
Protein cereblon/EZH2,CHEMBL5169086,PROTEIN-PROTEIN INTERACTION
Protein cereblon/STING1,CHEMBL5169087,PROTEIN-PROTEIN INTERACTION
Protein cereblon/MAP4K1,CHEMBL5169088,PROTEIN-PROTEIN INTERACTION
Protein cereblon/PARP2,CHEMBL5169089,PROTEIN-PROTEIN INTERACTION
Immunity-related GTPase family M protein,CHEMBL5169093,SINGLE PROTEIN
Very long chain fatty acid elongase 7,CHEMBL5169094,SINGLE PROTEIN
Nibrin,CHEMBL5169101,SINGLE PROTEIN
Peripheral-type benzodiazepine receptor-associated protein 1,CHEMBL5169104,SINGLE PROTEIN
Oxytocin-neurophysin 1,CHEMBL5169107,SINGLE PROTEIN
Collagen alpha-1(II) chain,CHEMBL5169108,SINGLE PROTEIN
Inhibin alpha chain,CHEMBL5169109,SINGLE PROTEIN
Bisphosphoglycerate mutase,CHEMBL5169112,SINGLE PROTEIN
V-set and immunoglobulin domain-containing protein 8,CHEMBL5169113,SINGLE PROTEIN
"Glutamine amidotransferase-like class 1 domain-containing protein 3, mitochondrial",CHEMBL5169114,SINGLE PROTEIN
Transcriptional activator Myb,CHEMBL5169115,SINGLE PROTEIN
Alanine--glyoxylate aminotransferase,CHEMBL5169121,SINGLE PROTEIN
B-cell differentiation antigen CD72,CHEMBL5169122,SINGLE PROTEIN
Rab proteins geranylgeranyltransferase component A 1,CHEMBL5169124,SINGLE PROTEIN
Calmodulin-like protein 3,CHEMBL5169127,SINGLE PROTEIN
Coronin-1A,CHEMBL5169128,SINGLE PROTEIN
Neural cell adhesion molecule L1,CHEMBL5169129,SINGLE PROTEIN
Heat shock 70 kDa protein 4,CHEMBL5169130,SINGLE PROTEIN
Alpha-L-iduronidase,CHEMBL5169131,SINGLE PROTEIN
RNA-binding protein FXR2,CHEMBL5169136,SINGLE PROTEIN
Gem-associated protein 4,CHEMBL5169137,SINGLE PROTEIN
S-adenosylmethionine synthase isoform type-1,CHEMBL5169142,SINGLE PROTEIN
Heat shock 70 kDa protein 14,CHEMBL5169146,SINGLE PROTEIN
ADP-ribosyl cyclase/cyclic ADP-ribose hydrolase 2,CHEMBL5169147,SINGLE PROTEIN
Serine/arginine-rich splicing factor 6,CHEMBL5169149,SINGLE PROTEIN
Protein patched homolog 1,CHEMBL5169150,SINGLE PROTEIN
Nucleic acid dioxygenase ALKBH1,CHEMBL5169151,SINGLE PROTEIN
Kita-kyushu lung cancer antigen 1,CHEMBL5169155,SINGLE PROTEIN
Palmitoyltransferase ZDHHC20,CHEMBL5169156,SINGLE PROTEIN
DNA oxidative demethylase ALKBH2,CHEMBL5169164,SINGLE PROTEIN
F-box/LRR-repeat protein 19,CHEMBL5169165,SINGLE PROTEIN
Lysocardiolipin acyltransferase 1,CHEMBL5169167,SINGLE PROTEIN
Mediator of RNA polymerase II transcription subunit 25,CHEMBL5169169,SINGLE PROTEIN
CXXC-type zinc finger protein 5,CHEMBL5169170,SINGLE PROTEIN
Kinesin-like protein KIF21A,CHEMBL5169171,SINGLE PROTEIN
YTH domain-containing family protein 3,CHEMBL5169172,SINGLE PROTEIN
Glucose-induced degradation protein 4 homolog,CHEMBL5169174,SINGLE PROTEIN
E3 ubiquitin-protein ligase RNF168,CHEMBL5169175,SINGLE PROTEIN
tRNA (cytosine(72)-C(5))-methyltransferase NSUN6,CHEMBL5169179,SINGLE PROTEIN
Hexosaminidase D,CHEMBL5169180,SINGLE PROTEIN
Cysteine protease ATG4A,CHEMBL5169181,SINGLE PROTEIN
Piezo-type mechanosensitive ion channel component 1,CHEMBL5169186,SINGLE PROTEIN
YTH domain-containing protein 1,CHEMBL5169187,SINGLE PROTEIN
Parkinson disease protein 7,CHEMBL5169188,SINGLE PROTEIN
Dehydrogenase/reductase SDR family member 6,CHEMBL5169190,SINGLE PROTEIN
Lysine-specific demethylase 5D,CHEMBL5169191,SINGLE PROTEIN
YTH domain-containing family protein 1,CHEMBL5169192,SINGLE PROTEIN
Very long chain fatty acid elongase 4,CHEMBL5169195,SINGLE PROTEIN
Phospholysine phosphohistidine inorganic pyrophosphate phosphatase,CHEMBL5169196,SINGLE PROTEIN
CXXC-type zinc finger protein 4,CHEMBL5169197,SINGLE PROTEIN
14 kDa phosphohistidine phosphatase,CHEMBL5169200,SINGLE PROTEIN
CXXC-type zinc finger protein 1,CHEMBL5169201,SINGLE PROTEIN
Spastin,CHEMBL5169203,SINGLE PROTEIN
Palmitoyltransferase ZDHHC2,CHEMBL5169204,SINGLE PROTEIN
Actin-binding protein WASF3,CHEMBL5169205,SINGLE PROTEIN
E3 ubiquitin-protein ligase RNF114,CHEMBL5169207,SINGLE PROTEIN
BCL2/BCL2L11,CHEMBL5169264,PROTEIN-PROTEIN INTERACTION
BCL2/BID,CHEMBL5169265,PROTEIN-PROTEIN INTERACTION
BCL2/BAD,CHEMBL5169266,PROTEIN-PROTEIN INTERACTION
BCL2L1/BAD,CHEMBL5169267,PROTEIN-PROTEIN INTERACTION
BCL2A1/BID,CHEMBL5169268,PROTEIN-PROTEIN INTERACTION
BCL2A1/BAK1,CHEMBL5169269,PROTEIN-PROTEIN INTERACTION
BCL2A11/BBC3,CHEMBL5169270,PROTEIN-PROTEIN INTERACTION
BCL2L2/BID,CHEMBL5169271,PROTEIN-PROTEIN INTERACTION
BCL2L10/BID,CHEMBL5169272,PROTEIN-PROTEIN INTERACTION
von Hippel-Lindau disease tumor suppressor/KRAS,CHEMBL5169273,PROTEIN-PROTEIN INTERACTION
PAX3/FOXO1,CHEMBL5169275,CHIMERIC PROTEIN
BLM/c-MYC G4 quadruplex DNA,CHEMBL5169301,PROTEIN NUCLEIC-ACID COMPLEX
DHX36/c-MYC G4 quadruplex DNA,CHEMBL5169302,PROTEIN NUCLEIC-ACID COMPLEX
NM23-H2/c-MYC G4 quadruplex DNA,CHEMBL5169303,PROTEIN NUCLEIC-ACID COMPLEX
Sodium/hydrogen exchanger 9B2,CHEMBL5209631,SINGLE PROTEIN
Solute carrier family 23 member 1,CHEMBL5209632,SINGLE PROTEIN
Cationic amino acid transporter 3,CHEMBL5209633,SINGLE PROTEIN
Sodium- and chloride-dependent creatine transporter 1,CHEMBL5209634,SINGLE PROTEIN
Sodium/potassium/calcium exchanger 2,CHEMBL5209635,SINGLE PROTEIN
Sodium/potassium/calcium exchanger 4,CHEMBL5209636,SINGLE PROTEIN
Flotillin-1,CHEMBL5209841,SINGLE PROTEIN
SW620/5-FU,CHEMBL5209888,CELL-LINE
HCCLM9,CHEMBL5209889,CELL-LINE
MNT-1,CHEMBL5209890,CELL-LINE
THP1-Dual,CHEMBL5209891,CELL-LINE
H69AR,CHEMBL5209893,CELL-LINE
Promotilin,CHEMBL5214853,SINGLE PROTEIN
PR domain zinc finger protein 12,CHEMBL5214854,SINGLE PROTEIN
Histone-lysine N-methyltransferase PRDM16,CHEMBL5214855,SINGLE PROTEIN
PR domain zinc finger protein 14,CHEMBL5214856,SINGLE PROTEIN
PR domain-containing protein 11,CHEMBL5214857,SINGLE PROTEIN
Putative histone-lysine N-methyltransferase PRDM6,CHEMBL5214858,SINGLE PROTEIN
PR domain zinc finger protein 13,CHEMBL5214859,SINGLE PROTEIN
PR domain zinc finger protein 1,CHEMBL5214860,SINGLE PROTEIN
Histone-lysine N-methyltransferase PRDM7,CHEMBL5214861,SINGLE PROTEIN
PR domain zinc finger protein 2,CHEMBL5214862,SINGLE PROTEIN
PR domain zinc finger protein 10,CHEMBL5214863,SINGLE PROTEIN
PR domain zinc finger protein 8,CHEMBL5214864,SINGLE PROTEIN
Histone-lysine N-methyltransferase MECOM,CHEMBL5214865,SINGLE PROTEIN
Ras-related protein Rab-11A,CHEMBL5291509,SINGLE PROTEIN
Ubiquitin carboxyl-terminal hydrolase 3,CHEMBL5291515,SINGLE PROTEIN
Lymphocyte antigen 6K,CHEMBL5291516,SINGLE PROTEIN
Ceramide synthase 6,CHEMBL5291517,SINGLE PROTEIN
Folliculin-interacting protein 1,CHEMBL5291519,SINGLE PROTEIN
OTU domain-containing protein 5,CHEMBL5291522,SINGLE PROTEIN
CTP synthase 1,CHEMBL5291523,SINGLE PROTEIN
CTP synthase 2,CHEMBL5291524,SINGLE PROTEIN
Ceramide synthase 1,CHEMBL5291526,SINGLE PROTEIN
B-cell CLL/lymphoma 6 member B protein,CHEMBL5291528,SINGLE PROTEIN
Peptidyl-prolyl cis-trans isomerase-like 1,CHEMBL5291529,SINGLE PROTEIN
Immunoglobulin superfamily member 11,CHEMBL5291534,SINGLE PROTEIN
Ubiquitin carboxyl-terminal hydrolase 51,CHEMBL5291536,SINGLE PROTEIN
Zinc finger and BTB domain-containing protein 32,CHEMBL5291542,SINGLE PROTEIN
Ribonuclease SLFN12,CHEMBL5291543,SINGLE PROTEIN
Clathrin light chain B,CHEMBL5291549,SINGLE PROTEIN
Ubiquitin carboxyl-terminal hydrolase 33,CHEMBL5291551,SINGLE PROTEIN
Ceramide synthase 2,CHEMBL5291553,SINGLE PROTEIN
Corticoliberin,CHEMBL5291554,SINGLE PROTEIN
Cyclic AMP-dependent transcription factor ATF-2,CHEMBL5291557,SINGLE PROTEIN
Crk-like protein,CHEMBL5291558,SINGLE PROTEIN
Thimet oligopeptidase,CHEMBL5291559,SINGLE PROTEIN
Transforming acidic coiled-coil-containing protein 3,CHEMBL5291560,SINGLE PROTEIN
Interleukin-36 gamma,CHEMBL5291561,SINGLE PROTEIN
Copper-transporting ATPase 1,CHEMBL5291564,SINGLE PROTEIN
BRCA1-associated protein,CHEMBL5291566,SINGLE PROTEIN
Delta and Notch-like epidermal growth factor-related receptor,CHEMBL5291567,SINGLE PROTEIN
Sentrin-specific protease 3,CHEMBL5291568,SINGLE PROTEIN
Ceramide synthase 4,CHEMBL5291570,SINGLE PROTEIN
Peptidyl-prolyl cis-trans isomerase FKBP8,CHEMBL5291572,SINGLE PROTEIN
Tafazzin,CHEMBL5291574,SINGLE PROTEIN
Ubiquitin carboxyl-terminal hydrolase 49,CHEMBL5291581,SINGLE PROTEIN
Ceramide synthase 5,CHEMBL5291585,SINGLE PROTEIN
Fibroblast growth factor receptor substrate 2,CHEMBL5291586,SINGLE PROTEIN
Protein fem-1 homolog B,CHEMBL5291587,SINGLE PROTEIN
L-amino-acid oxidase,CHEMBL5291590,SINGLE PROTEIN
NADPH oxidase organizer 1,CHEMBL5291596,SINGLE PROTEIN
Ubiquitin carboxyl-terminal hydrolase 22,CHEMBL5291597,SINGLE PROTEIN
Ubiquitin carboxyl-terminal hydrolase 24,CHEMBL5291599,SINGLE PROTEIN
Ubiquitin carboxyl-terminal hydrolase 39,CHEMBL5291601,SINGLE PROTEIN
"NAD-dependent malic enzyme, mitochondrial",CHEMBL5291602,SINGLE PROTEIN
UBX domain-containing protein 11,CHEMBL5291603,SINGLE PROTEIN
E3 ubiquitin-protein ligase RNF4,CHEMBL5291604,SINGLE PROTEIN
CREB3 regulatory factor,CHEMBL5291607,SINGLE PROTEIN
Cullin-5,CHEMBL5291609,SINGLE PROTEIN
Heterogeneous nuclear ribonucleoprotein M,CHEMBL5291610,SINGLE PROTEIN
5-8F,CHEMBL5291612,CELL-LINE
J-Lat Tat-GFP Clone A2,CHEMBL5291613,CELL-LINE
Protein cereblon/BET1 homolog,CHEMBL5291676,PROTEIN-PROTEIN INTERACTION
Protein cereblon/FGFR1,CHEMBL5291677,PROTEIN-PROTEIN INTERACTION
Protein cereblon/FGFR2,CHEMBL5291678,PROTEIN-PROTEIN INTERACTION
Protein cereblon/FGFR4,CHEMBL5291679,PROTEIN-PROTEIN INTERACTION
Protein cereblon/FGFR3,CHEMBL5291680,PROTEIN-PROTEIN INTERACTION
Protein cereblon/SOS1,CHEMBL5291681,PROTEIN-PROTEIN INTERACTION
Protein cereblon/Serine/threonine-protein kinase PAK 1,CHEMBL5291682,PROTEIN-PROTEIN INTERACTION
Protein cereblon/Serine/threonine-protein kinase PAK 2,CHEMBL5291683,PROTEIN-PROTEIN INTERACTION
Protein cereblon/Proteasomal ubiquitin receptor ADRM1,CHEMBL5291684,PROTEIN-PROTEIN INTERACTION
Protein cereblon/DNA damage-binding protein 1/Tyrosine-protein kinase Lck,CHEMBL5291685,PROTEIN-PROTEIN INTERACTION
Protein cereblon/Bromodomain-containing protein 7,CHEMBL5291686,PROTEIN-PROTEIN INTERACTION
Protein cereblon/RAC-gamma serine/threonine-protein kinase,CHEMBL5291687,PROTEIN-PROTEIN INTERACTION
von Hippel-Lindau disease tumor suppressor/FGFR1,CHEMBL5291688,PROTEIN-PROTEIN INTERACTION
von Hippel-Lindau disease tumor suppressor/PDE6D,CHEMBL5291689,PROTEIN-PROTEIN INTERACTION
von Hippel-Lindau disease tumor suppressor/TRIM24,CHEMBL5291690,PROTEIN-PROTEIN INTERACTION
von Hippel-Lindau disease tumor suppressor/Vascular endothelial growth factor receptor 2,CHEMBL5291691,PROTEIN-PROTEIN INTERACTION
von Hippel-Lindau disease tumor suppressor/E3 ubiquitin-protein ligase Mdm2,CHEMBL5291692,PROTEIN-PROTEIN INTERACTION
von Hippel-Lindau disease tumor suppressor/NTMT2,CHEMBL5291693,PROTEIN-PROTEIN INTERACTION
von Hippel-Lindau disease tumor suppressor/NTMT1,CHEMBL5291694,PROTEIN-PROTEIN INTERACTION
von Hippel-Lindau disease tumor suppressor/Bromodomain-containing protein 9,CHEMBL5291695,PROTEIN-PROTEIN INTERACTION
von Hippel-Lindau disease tumor suppressor/Bromodomain-containing protein 7,CHEMBL5291696,PROTEIN-PROTEIN INTERACTION
BRD2/BRD9,CHEMBL5291941,SELECTIVITY GROUP
BRD3/BRD9,CHEMBL5291943,SELECTIVITY GROUP
BRD4/BRD9,CHEMBL5291944,SELECTIVITY GROUP
BRD7/BRD9,CHEMBL5291945,SELECTIVITY GROUP
BRD8/BRD9,CHEMBL5291946,SELECTIVITY GROUP
Gamma-aminobutyric acid receptor subunit alpha-2/beta-1/gamma-2,CHEMBL5291949,PROTEIN COMPLEX
Dual specificity protein kinase CLK1/CLK2/CLK4,CHEMBL5291951,PROTEIN FAMILY
CDK9/Cyclin T,CHEMBL5291961,PROTEIN COMPLEX GROUP
14-3-3 eta/c-RAF,CHEMBL5291962,PROTEIN COMPLEX
Protein fem-1 homolog B/Folliculin-interacting protein 1,CHEMBL5291963,PROTEIN-PROTEIN INTERACTION
Protein fem-1 homolog B/Bromodomain-containing protein 4,CHEMBL5291964,PROTEIN-PROTEIN INTERACTION
DDB1- and CUL4-associated factor 15/Bromodomain-containing protein 9,CHEMBL5291965,PROTEIN-PROTEIN INTERACTION
DDB1- and CUL4-associated factor 15/Bromodomain-containing protein 7,CHEMBL5291966,PROTEIN-PROTEIN INTERACTION
von Hippel-Lindau disease tumor suppressor/BRAF,CHEMBL5291967,PROTEIN-PROTEIN INTERACTION
E3 ubiquitin-protein ligase XIAP/Tyrosine-protein kinase BTK,CHEMBL5291968,PROTEIN-PROTEIN INTERACTION
USP46/WDR48/WDR20,CHEMBL5291970,PROTEIN COMPLEX
JAK1/STAT1,CHEMBL5291972,PROTEIN COMPLEX
USP12/WDR48/WDR20,CHEMBL5291973,PROTEIN COMPLEX
BRD2/BRD3,CHEMBL5291974,PROTEIN FAMILY
Ephrin type-A receptor 2/Ephrin-A1,CHEMBL5291975,PROTEIN-PROTEIN INTERACTION
GTPase KRas/RAF1,CHEMBL5291977,PROTEIN-PROTEIN INTERACTION
Catenin beta-1/BCL9L,CHEMBL5291978,PROTEIN COMPLEX
Protein polybromo-1/von Hippel-Lindau disease tumor suppressor,CHEMBL5291979,PROTEIN-PROTEIN INTERACTION
ROS1-SDC4,CHEMBL5303568,CHIMERIC PROTEIN
ARSA,CHEMBL5303721,NUCLEIC-ACID
ABCD1,CHEMBL5303722,NUCLEIC-ACID
DDC,CHEMBL5303723,NUCLEIC-ACID
ADA,CHEMBL5303724,NUCLEIC-ACID
Gamma-aminobutyric acid receptor subunit alpha-1/alpha-2/beta-2/gamma-2,CHEMBL5303741,PROTEIN COMPLEX
Plasma protease C1 inhibitor,CHEMBL5305024,SINGLE PROTEIN
17-beta-hydroxysteroid dehydrogenase 13,CHEMBL5305042,SINGLE PROTEIN
Estradiol 17-beta-dehydrogenase 11,CHEMBL5305043,SINGLE PROTEIN
MOLP-8,CHEMBL5308502,CELL-LINE
B cell,CHEMBL5314312,CELL-LINE
Fibroblast,CHEMBL5314315,CELL-LINE
Keratinocyte,CHEMBL5314317,CELL-LINE
Lymphocyte,CHEMBL5314318,CELL-LINE
Macrophage,CHEMBL5314320,CELL-LINE
Melanocyte,CHEMBL5314321,CELL-LINE
Neutrophil,CHEMBL5314326,CELL-LINE
Osteoclast,CHEMBL5314327,CELL-LINE
COMI,CHEMBL5441362,CELL-LINE
EJ-28,CHEMBL5441364,CELL-LINE
HD-MB03,CHEMBL5441366,CELL-LINE
CRMM-1,CHEMBL5441368,CELL-LINE
AURKA pre-mRNA,CHEMBL5442327,NUCLEIC-ACID
DNAJB1 pre-mRNA,CHEMBL5442328,NUCLEIC-ACID
SF3A1 pre-mRNA,CHEMBL5442329,NUCLEIC-ACID
SF3B1 pre-mRNA,CHEMBL5442330,NUCLEIC-ACID
let-7i miRNA,CHEMBL5442331,NUCLEIC-ACID
SF3A3 pre-mRNA,CHEMBL5442332,NUCLEIC-ACID
SF3B2 pre-mRNA,CHEMBL5442333,NUCLEIC-ACID
Protein cereblon/Aurora kinase A,CHEMBL5465201,PROTEIN-PROTEIN INTERACTION
Protein cereblon/Myc proto-oncogene protein,CHEMBL5465202,PROTEIN-PROTEIN INTERACTION
Protein cereblon/Serine/threonine-protein kinase PLK4,CHEMBL5465203,PROTEIN-PROTEIN INTERACTION
Protein cereblon/Serine/threonine-protein kinase GAK,CHEMBL5465204,PROTEIN-PROTEIN INTERACTION
Protein cereblon/MAP kinase p38 delta,CHEMBL5465205,PROTEIN-PROTEIN INTERACTION
Protein cereblon/Carbonic anhydrase II,CHEMBL5465206,PROTEIN-PROTEIN INTERACTION
Protein cereblon/T-cell protein-tyrosine phosphatase,CHEMBL5465207,PROTEIN-PROTEIN INTERACTION
Protein cereblon/Phospholipid hydroperoxide glutathione peroxidase,CHEMBL5465208,PROTEIN-PROTEIN INTERACTION
Protein cereblon/Alpha-synuclein,CHEMBL5465209,PROTEIN-PROTEIN INTERACTION
Protein cereblon/Hexokinase type II,CHEMBL5465210,PROTEIN-PROTEIN INTERACTION
Protein cereblon/WD repeat-containing protein 5,CHEMBL5465211,PROTEIN-PROTEIN INTERACTION
Protein cereblon/E3 ubiquitin-protein ligase XIAP,CHEMBL5465212,PROTEIN-PROTEIN INTERACTION
Protein cereblon/Tyrosine-protein kinase ITK/TSK,CHEMBL5465213,PROTEIN-PROTEIN INTERACTION
Protein cereblon/Histone acetyltransferase p300,CHEMBL5465214,PROTEIN-PROTEIN INTERACTION
Protein cereblon/Baculoviral IAP repeat-containing protein 3,CHEMBL5465215,PROTEIN-PROTEIN INTERACTION
Protein cereblon/Baculoviral IAP repeat-containing protein 2,CHEMBL5465216,PROTEIN-PROTEIN INTERACTION
Protein cereblon/Receptor-interacting serine/threonine-protein kinase 1,CHEMBL5465217,PROTEIN-PROTEIN INTERACTION
Protein cereblon/PCNA-associated factor,CHEMBL5465218,PROTEIN-PROTEIN INTERACTION
Protein cereblon/Leucine-rich repeat serine/threonine-protein kinase 2,CHEMBL5465219,PROTEIN-PROTEIN INTERACTION
Protein cereblon/Mixed lineage kinase domain-like protein,CHEMBL5465220,PROTEIN-PROTEIN INTERACTION
Protein cereblon/CREB-binding protein,CHEMBL5465221,PROTEIN-PROTEIN INTERACTION
Protein cereblon/Histone deacetylase 8,CHEMBL5465222,PROTEIN-PROTEIN INTERACTION
Protein cereblon/NAD-dependent protein deacetylase sirtuin-7,CHEMBL5465223,PROTEIN-PROTEIN INTERACTION
von Hippel-Lindau disease tumor suppressor/Serine/threonine-protein kinase DCLK1,CHEMBL5465224,PROTEIN-PROTEIN INTERACTION
von Hippel-Lindau disease tumor suppressor/L-lactate dehydrogenase A chain,CHEMBL5465226,PROTEIN-PROTEIN INTERACTION
von Hippel-Lindau disease tumor suppressor/Receptor protein-tyrosine kinase erbB-2,CHEMBL5465227,PROTEIN-PROTEIN INTERACTION
von Hippel-Lindau disease tumor suppressor/L-lactate dehydrogenase B chain,CHEMBL5465228,PROTEIN-PROTEIN INTERACTION
von Hippel-Lindau disease tumor suppressor/T-cell protein-tyrosine phosphatase,CHEMBL5465229,PROTEIN-PROTEIN INTERACTION
von Hippel-Lindau disease tumor suppressor/Protein-tyrosine phosphatase 1B,CHEMBL5465230,PROTEIN-PROTEIN INTERACTION
von Hippel-Lindau disease tumor suppressor/Phospholipid hydroperoxide glutathione peroxidase,CHEMBL5465231,PROTEIN-PROTEIN INTERACTION
von Hippel-Lindau disease tumor suppressor/Alpha-synuclein,CHEMBL5465232,PROTEIN-PROTEIN INTERACTION
von Hippel-Lindau disease tumor suppressor/Histone-arginine methyltransferase CARM1,CHEMBL5465233,PROTEIN-PROTEIN INTERACTION
von Hippel-Lindau disease tumor suppressor/Nicotinamide phosphoribosyltransferase,CHEMBL5465234,PROTEIN-PROTEIN INTERACTION
von Hippel-Lindau disease tumor suppressor/Probable global transcription activator SNF2L2,CHEMBL5465235,PROTEIN-PROTEIN INTERACTION
von Hippel-Lindau disease tumor suppressor/Mitogen-activated protein kinase 7,CHEMBL5465236,PROTEIN-PROTEIN INTERACTION
von Hippel-Lindau disease tumor suppressor/1-phosphatidylinositol 3-phosphate 5-kinase,CHEMBL5465237,PROTEIN-PROTEIN INTERACTION
PML-RARalpha,CHEMBL5465238,CHIMERIC PROTEIN
von Hippel-Lindau disease tumor suppressor/Leucine-rich repeat serine/threonine-protein kinase 2,CHEMBL5465239,PROTEIN-PROTEIN INTERACTION
von Hippel-Lindau disease tumor suppressor/Histone deacetylase 8,CHEMBL5465240,PROTEIN-PROTEIN INTERACTION
von Hippel-Lindau disease tumor suppressor/E3 ubiquitin-protein ligase XIAP,CHEMBL5465241,PROTEIN-PROTEIN INTERACTION
von Hippel-Lindau disease tumor suppressor-Baculoviral IAP repeat-containing protein 3,CHEMBL5465242,PROTEIN-PROTEIN INTERACTION
von Hippel-Lindau disease tumor suppressor/Baculoviral IAP repeat-containing protein 2,CHEMBL5465243,PROTEIN-PROTEIN INTERACTION
von Hippel-Lindau disease tumor suppressor/Tyrosine-protein kinase receptor UFO,CHEMBL5465244,PROTEIN-PROTEIN INTERACTION
von Hippel-Lindau disease tumor suppressor/Cyclin-dependent kinase 12,CHEMBL5465245,PROTEIN-PROTEIN INTERACTION
YAP1-TEAD4,CHEMBL5465250,PROTEIN COMPLEX
MDM2-HDAC3,CHEMBL5465251,PROTEIN-PROTEIN INTERACTION
HAT1/Rbap46,CHEMBL5465253,PROTEIN COMPLEX
Zinc finger protein Helios,CHEMBL5465255,SINGLE PROTEIN
WD repeat-containing protein 91,CHEMBL5465256,SINGLE PROTEIN
BAG family molecular chaperone regulator 3,CHEMBL5465257,SINGLE PROTEIN
E3 ubiquitin-protein ligase CHIP,CHEMBL5465258,SINGLE PROTEIN
Transcription factor MafG,CHEMBL5465260,SINGLE PROTEIN
DDB1- and CUL4-associated factor 15,CHEMBL5465261,SINGLE PROTEIN
Insulin-like growth factor 2 mRNA-binding protein 1,CHEMBL5465263,SINGLE PROTEIN
Paired amphipathic helix protein Sin3a,CHEMBL5465264,SINGLE PROTEIN
Fermitin family homolog 2,CHEMBL5465266,SINGLE PROTEIN
GDNF family receptor alpha-like,CHEMBL5465268,SINGLE PROTEIN
CD99 antigen,CHEMBL5465269,SINGLE PROTEIN
Sphingosine-1-phosphate transporter SPNS2,CHEMBL5465270,SINGLE PROTEIN
"Tricarboxylate transport protein, mitochondrial",CHEMBL5465271,SINGLE PROTEIN
"Procollagen-lysine,2-oxoglutarate 5-dioxygenase 2",CHEMBL5465273,SINGLE PROTEIN
Serine/threonine-protein phosphatase with EF-hands 1,CHEMBL5465274,SINGLE PROTEIN
Sorting nexin-3,CHEMBL5465275,SINGLE PROTEIN
Multifunctional procollagen lysine hydroxylase and glycosyltransferase LH3,CHEMBL5465277,SINGLE PROTEIN
Pachytene checkpoint protein 2 homolog,CHEMBL5465278,SINGLE PROTEIN
G/T mismatch-specific thymine DNA glycosylase,CHEMBL5465279,SINGLE PROTEIN
Diacylglycerol kinase iota,CHEMBL5465280,SINGLE PROTEIN
Protein YIF1A,CHEMBL5465281,SINGLE PROTEIN
Heat shock 70 kDa protein 4L,CHEMBL5465282,SINGLE PROTEIN
U6 snRNA-associated Sm-like protein LSm8,CHEMBL5465283,SINGLE PROTEIN
Peroxisome biogenesis factor 2,CHEMBL5465285,SINGLE PROTEIN
V-type proton ATPase subunit C 1,CHEMBL5465286,SINGLE PROTEIN
"2-oxoisovalerate dehydrogenase subunit beta, mitochondrial",CHEMBL5465287,SINGLE PROTEIN
Heat shock 70 kDa protein 1-like,CHEMBL5465288,SINGLE PROTEIN
Metalloproteinase inhibitor 3,CHEMBL5465289,SINGLE PROTEIN
Phosphatidylserine synthase 1,CHEMBL5465290,SINGLE PROTEIN
Double-stranded RNA-specific adenosine deaminase,CHEMBL5465291,SINGLE PROTEIN
Alpha-N-acetylglucosaminidase,CHEMBL5465292,SINGLE PROTEIN
Poly(rC)-binding protein 3,CHEMBL5465293,SINGLE PROTEIN
Basement membrane-specific heparan sulfate proteoglycan core protein,CHEMBL5465297,SINGLE PROTEIN
Friend leukemia integration 1 transcription factor,CHEMBL5465299,SINGLE PROTEIN
"Procollagen-lysine,2-oxoglutarate 5-dioxygenase 1",CHEMBL5465300,SINGLE PROTEIN
Paired box protein Pax-2,CHEMBL5465301,SINGLE PROTEIN
Lamin-B2,CHEMBL5465302,SINGLE PROTEIN
Splicing factor 3A subunit 3,CHEMBL5465304,SINGLE PROTEIN
Interleukin enhancer-binding factor 3,CHEMBL5465305,SINGLE PROTEIN
ATP-dependent RNA helicase DHX8,CHEMBL5465306,SINGLE PROTEIN
Protein YIF1B,CHEMBL5465315,SINGLE PROTEIN
Diacylglycerol kinase kappa,CHEMBL5465316,SINGLE PROTEIN
Probable ATP-dependent RNA helicase DDX59,CHEMBL5465317,SINGLE PROTEIN
PHD finger protein 19,CHEMBL5465318,SINGLE PROTEIN
Protein FAM91A1,CHEMBL5465320,SINGLE PROTEIN
Zinc finger protein 280D,CHEMBL5465321,SINGLE PROTEIN
Diacylglycerol O-acyltransferase 2-like protein 6,CHEMBL5465322,SINGLE PROTEIN
Protein O-mannosyl-transferase TMTC3,CHEMBL5465323,SINGLE PROTEIN
Putative pre-mRNA-splicing factor ATP-dependent RNA helicase DHX32,CHEMBL5465324,SINGLE PROTEIN
2-acylglycerol O-acyltransferase 3,CHEMBL5465325,SINGLE PROTEIN
RNA N6-adenosine-methyltransferase METTL16,CHEMBL5465326,SINGLE PROTEIN
Ribosomal oxygenase 2,CHEMBL5465328,SINGLE PROTEIN
PHD finger protein 6,CHEMBL5465329,SINGLE PROTEIN
Probable ATP-dependent RNA helicase DHX40,CHEMBL5465330,SINGLE PROTEIN
Armadillo repeat-containing protein 10,CHEMBL5465331,SINGLE PROTEIN
ADP-ribosylation factor GTPase-activating protein 1,CHEMBL5465332,SINGLE PROTEIN
Histone-lysine N-methyltransferase SMYD1,CHEMBL5465333,SINGLE PROTEIN
E3 ubiquitin-protein ligase TRIM58,CHEMBL5465334,SINGLE PROTEIN
E3 ubiquitin-protein ligase COP1,CHEMBL5465335,SINGLE PROTEIN
Chromosome transmission fidelity protein 18 homolog,CHEMBL5465337,SINGLE PROTEIN
Nonsense-mediated mRNA decay factor SMG7,CHEMBL5465340,SINGLE PROTEIN
SWI/SNF-related matrix-associated actin-dependent regulator of chromatin subfamily D member 2,CHEMBL5465341,SINGLE PROTEIN
Glomulin,CHEMBL5465342,SINGLE PROTEIN
Oxysterol-binding protein 2,CHEMBL5465343,SINGLE PROTEIN
RNA-binding protein Musashi homolog 2,CHEMBL5465344,SINGLE PROTEIN
"NACHT, LRR and PYD domains-containing protein 4",CHEMBL5465345,SINGLE PROTEIN
E3 ubiquitin-protein ligase RNF5,CHEMBL5465346,SINGLE PROTEIN
Septin-5,CHEMBL5465347,SINGLE PROTEIN
Forkhead box protein C2,CHEMBL5465348,SINGLE PROTEIN
Fermitin family homolog 1,CHEMBL5465350,SINGLE PROTEIN
Solute carrier family 26 member 6,CHEMBL5465351,SINGLE PROTEIN
"Neurolysin, mitochondrial",CHEMBL5465352,SINGLE PROTEIN
"N-acetyllactosaminide beta-1,3-N-acetylglucosaminyltransferase 4",CHEMBL5465353,SINGLE PROTEIN
mRNA (2'-O-methyladenosine-N(6)-)-methyltransferase,CHEMBL5465357,SINGLE PROTEIN
Probable ATP-dependent RNA helicase DHX35,CHEMBL5465358,SINGLE PROTEIN
Dual oxidase 1,CHEMBL5465362,SINGLE PROTEIN
"N-acetyllactosaminide beta-1,3-N-acetylglucosaminyltransferase 2",CHEMBL5465363,SINGLE PROTEIN
Testin,CHEMBL5465364,SINGLE PROTEIN
Ragulator complex protein LAMTOR3,CHEMBL5465366,SINGLE PROTEIN
FACT complex subunit SPT16,CHEMBL5465367,SINGLE PROTEIN
Glutathione hydrolase 7,CHEMBL5465368,SINGLE PROTEIN
CD2-associated protein,CHEMBL5465369,SINGLE PROTEIN
Hyaluronan-binding protein 2,CHEMBL5465370,SINGLE PROTEIN
Protein cereblon/LIMD1,CHEMBL5465379,PROTEIN-PROTEIN INTERACTION
MUS81-ECE1,CHEMBL5465380,PROTEIN COMPLEX
MUS81-ECE2,CHEMBL5465381,PROTEIN COMPLEX
MDM2-HDAC1,CHEMBL5465382,PROTEIN-PROTEIN INTERACTION
MDM2-HDAC2,CHEMBL5465383,PROTEIN-PROTEIN INTERACTION
ALK-TFG,CHEMBL5465388,CHIMERIC PROTEIN
ALK-KLC1,CHEMBL5465389,CHIMERIC PROTEIN
ALK-KIF5B,CHEMBL5465390,CHIMERIC PROTEIN
ALK-TPM1,CHEMBL5465391,CHIMERIC PROTEIN
ALK-TPM3,CHEMBL5465392,CHIMERIC PROTEIN
SOS1-KRAS,CHEMBL5465393,PROTEIN COMPLEX
Integrin alpha1/beta2 complex,CHEMBL5465394,PROTEIN COMPLEX
Integrin alpha4/beta7 complex,CHEMBL5465395,PROTEIN COMPLEX
DCAF1-BRD9,CHEMBL5465396,PROTEIN-PROTEIN INTERACTION
DCAF16-BRD4,CHEMBL5465397,PROTEIN-PROTEIN INTERACTION
TEAD3-YAP1,CHEMBL5465398,PROTEIN-PROTEIN INTERACTION
DCAF11-BRD4,CHEMBL5465399,PROTEIN-PROTEIN INTERACTION
MSN-CD44,CHEMBL5465400,PROTEIN-PROTEIN INTERACTION
B2M-MR1,CHEMBL5465401,PROTEIN COMPLEX
1321N1,CHEMBL5465444,CELL-LINE
KBv200,CHEMBL5465447,CELL-LINE
AHH-1,CHEMBL5465448,CELL-LINE
OVSAHO,CHEMBL5465450,CELL-LINE
VIPI,CHEMBL5465451,CELL-LINE
Ty-82,CHEMBL5465452,CELL-LINE
HCCLM3,CHEMBL5465453,CELL-LINE
CFBE41o-,CHEMBL5465454,CELL-LINE
EndoC-betaH1,CHEMBL5465456,CELL-LINE
LX-2,CHEMBL5465457,CELL-LINE
VL51,CHEMBL5465458,CELL-LINE
CRMM-2,CHEMBL5465459,CELL-LINE
DDB1- and CUL4-associated factor 1,CHEMBL5465521,SINGLE PROTEIN
von Hippel-Lindau disease tumor suppressor/MAP kinase p38 alpha,CHEMBL5465522,PROTEIN-PROTEIN INTERACTION
von Hippel-Lindau disease tumor suppressor/NSD3,CHEMBL5465523,PROTEIN-PROTEIN INTERACTION
Lysosome-associated membrane glycoprotein 2,CHEMBL5465542,SINGLE PROTEIN
Rho-related GTP-binding protein RhoC,CHEMBL5465545,SINGLE PROTEIN
E3 ubiquitin-protein ligase RNF31,CHEMBL5465546,SINGLE PROTEIN
Transcription initiation factor TFIID subunit 6,CHEMBL5465548,SINGLE PROTEIN
DNA damage-binding protein 1,CHEMBL5465550,SINGLE PROTEIN
Serine/threonine-protein phosphatase 4 catalytic subunit,CHEMBL5465552,SINGLE PROTEIN
WDR5-MYC,CHEMBL5465553,PROTEIN-PROTEIN INTERACTION
Protein cereblon-IKZF2,CHEMBL5465554,PROTEIN-PROTEIN INTERACTION
von Hippel-Lindau disease tumor suppressor-Estrogen receptor beta,CHEMBL5465555,PROTEIN-PROTEIN INTERACTION
Protein cereblon-HDAC9,CHEMBL5465556,PROTEIN-PROTEIN INTERACTION
CCN2-EGFR,CHEMBL5465557,PROTEIN-PROTEIN INTERACTION
TEAD2-YAP1,CHEMBL5465558,PROTEIN-PROTEIN INTERACTION
ICOS-ICOSL,CHEMBL5482971,PROTEIN-PROTEIN INTERACTION
GPR27-V2,CHEMBL5482972,CHIMERIC PROTEIN
SKP1-SKP2-CKS1,CHEMBL5482973,PROTEIN-PROTEIN INTERACTION
VEGA-NRP1,CHEMBL5482974,PROTEIN-PROTEIN INTERACTION
JAK2-STAT3,CHEMBL5482983,PROTEIN COMPLEX
LC3-B-PDEdelta,CHEMBL5482984,PROTEIN-PROTEIN INTERACTION
PD1-PDL2,CHEMBL5482985,PROTEIN COMPLEX
cIAP1-BTK,CHEMBL5482987,PROTEIN-PROTEIN INTERACTION
von Hippel-Lindau disease tumor suppressor-CBP,CHEMBL5482990,PROTEIN-PROTEIN INTERACTION
Prothrombinase complex,CHEMBL5482991,PROTEIN COMPLEX
HDAC6-ISG15,CHEMBL5482992,PROTEIN-PROTEIN INTERACTION
RAC1/RAC2/RAC3,CHEMBL5482993,PROTEIN FAMILY
GPR40-Galpha16,CHEMBL5482994,PROTEIN COMPLEX
NRP2-VEGA,CHEMBL5482995,PROTEIN COMPLEX
VEGFR1-VEGA,CHEMBL5482996,PROTEIN COMPLEX
VEGFR2-VEGA,CHEMBL5482997,PROTEIN COMPLEX
PRMT5-Riok1,CHEMBL5483002,PROTEIN-PROTEIN INTERACTION
IL17-RE-IL-17C,CHEMBL5483004,PROTEIN COMPLEX
NKGD2-MICA,CHEMBL5483005,PROTEIN COMPLEX
NKGD2-ULBP6,CHEMBL5483006,PROTEIN COMPLEX
von Hippel-Lindau disease tumor suppressor/LSD1/HDAC2/RCOR1,CHEMBL5483007,PROTEIN-PROTEIN INTERACTION
von Hippel-Lindau disease tumor suppressor/LSD1/HDAC3/RCOR1,CHEMBL5483008,PROTEIN-PROTEIN INTERACTION
ERBIN-P0071,CHEMBL5483009,PROTEIN-PROTEIN INTERACTION
GRASP55-JAMB,CHEMBL5483010,PROTEIN COMPLEX
VPS15-VPS34,CHEMBL5483084,PROTEIN COMPLEX
COP1-AGTL,CHEMBL5483085,PROTEIN-PROTEIN INTERACTION
Glutamate NMDA receptor; GRIN1/GRIN2A/GRIN2B,CHEMBL5483086,PROTEIN COMPLEX
NRF2-MAFG,CHEMBL5483087,PROTEIN COMPLEX
ROS1-GOPC,CHEMBL5483088,CHIMERIC PROTEIN
METTL5-TRM112,CHEMBL5483089,PROTEIN COMPLEX
cIAP1-alpha-Synuclein,CHEMBL5483090,PROTEIN-PROTEIN INTERACTION
von Hippel-Lindau disease tumor suppressor-EP300,CHEMBL5483091,PROTEIN-PROTEIN INTERACTION
Cell cycle and apoptosis regulator protein 2,CHEMBL5483141,SINGLE PROTEIN
CDK20/Cyclin H,CHEMBL5483181,PROTEIN COMPLEX
CDK1/Cyclin A,CHEMBL5483182,PROTEIN COMPLEX GROUP
CDK6/Cyclin D,CHEMBL5483183,PROTEIN COMPLEX GROUP
CDK15/Cyclin Y,CHEMBL5483184,PROTEIN COMPLEX
CDK5/Cyclin D3,CHEMBL5483185,PROTEIN COMPLEX
CDK10/Cyclin L2,CHEMBL5483186,PROTEIN COMPLEX
CDK11A/Cyclin L2,CHEMBL5483187,PROTEIN COMPLEX
CDK11B/Cyclin L2,CHEMBL5483188,PROTEIN COMPLEX
CDK1/Cyclin E,CHEMBL5483189,PROTEIN COMPLEX GROUP
Protein cereblon-KRAS,CHEMBL5483196,PROTEIN-PROTEIN INTERACTION
Vitamin K-dependent protein S,CHEMBL5498501,SINGLE PROTEIN
B-cell lymphoma/leukemia 11A,CHEMBL5498502,SINGLE PROTEIN
Dystrophin,CHEMBL5498504,SINGLE PROTEIN
Collagen alpha-1(VII) chain,CHEMBL5498505,SINGLE PROTEIN
TRPV1 mRNA,CHEMBL5500263,NUCLEIC-ACID
Colon cancer organoid,CHEMBL5705881,3D CELL CULTURE
Hepatocyte spheroids,CHEMBL5705882,3D CELL CULTURE
Methyl-CpG-binding domain protein 4,CHEMBL5723573,SINGLE PROTEIN
Adenine DNA glycosylase,CHEMBL5723574,SINGLE PROTEIN
Endonuclease 8-like 2,CHEMBL5723575,SINGLE PROTEIN
Single-strand selective monofunctional uracil DNA glycosylase,CHEMBL5723576,SINGLE PROTEIN
Triacylglycerol hydrolase DDHD2,CHEMBL5723581,SINGLE PROTEIN
Sodium-dependent neutral amino acid transporter B(0)AT1,CHEMBL5724588,SINGLE PROTEIN
Zinc transporter SLC39A7,CHEMBL5724589,SINGLE PROTEIN
Monocarboxylate transporter 8,CHEMBL5724590,SINGLE PROTEIN
High affinity copper uptake protein 1,CHEMBL5724591,SINGLE PROTEIN
Protein SLC31A2,CHEMBL5724592,SINGLE PROTEIN
Orexigenic neuropeptide QRFP,CHEMBL5724595,SINGLE PROTEIN
Transcription elongation regulator 1,CHEMBL5724602,SINGLE PROTEIN
General transcription factor 3C polypeptide 4,CHEMBL5724603,SINGLE PROTEIN
Tuftelin-interacting protein 11,CHEMBL5724604,SINGLE PROTEIN
Tudor-interacting repair regulator protein,CHEMBL5724605,SINGLE PROTEIN
Transmembrane protein 33,CHEMBL5724606,SINGLE PROTEIN
Splicing factor U2AF 65 kDa subunit,CHEMBL5724607,SINGLE PROTEIN
WD repeat-containing protein 82,CHEMBL5724608,SINGLE PROTEIN
Exportin-5,CHEMBL5724609,SINGLE PROTEIN
BUB3-interacting and GLEBS motif-containing protein ZNF207,CHEMBL5724610,SINGLE PROTEIN
H/ACA ribonucleoprotein complex subunit 2,CHEMBL5724611,SINGLE PROTEIN
Nucleolar and coiled-body phosphoprotein 1,CHEMBL5724612,SINGLE PROTEIN
Non-POU domain-containing octamer-binding protein,CHEMBL5724613,SINGLE PROTEIN
Nitric oxide synthase-interacting protein,CHEMBL5724614,SINGLE PROTEIN
Nardilysin,CHEMBL5724615,SINGLE PROTEIN
"tRNA (cytosine(34)-C(5))-methyltransferase, mitochondrial",CHEMBL5724616,SINGLE PROTEIN
H/ACA ribonucleoprotein complex non-core subunit NAF1,CHEMBL5724617,SINGLE PROTEIN
Nuclear autoantigenic sperm protein,CHEMBL5724618,SINGLE PROTEIN
Neurochondrin,CHEMBL5724619,SINGLE PROTEIN
Nck-associated protein 1-like,CHEMBL5724620,SINGLE PROTEIN
Unconventional myosin-Ig,CHEMBL5724621,SINGLE PROTEIN
Malignant T-cell-amplified sequence 1,CHEMBL5724622,SINGLE PROTEIN
Mediator of RNA polymerase II transcription subunit 12,CHEMBL5724623,SINGLE PROTEIN
Mediator of RNA polymerase II transcription subunit 1,CHEMBL5724624,SINGLE PROTEIN
Mediator of RNA polymerase II transcription subunit 16,CHEMBL5724625,SINGLE PROTEIN
Msx2-interacting protein,CHEMBL5724626,SINGLE PROTEIN
Myosin regulatory light chain 12A,CHEMBL5724627,SINGLE PROTEIN
Metastasis-associated protein MTA2,CHEMBL5724628,SINGLE PROTEIN
Metastasis-associated protein MTA1,CHEMBL5724629,SINGLE PROTEIN
Phosphatidylinositol-3-phosphate phosphatase MTMR1,CHEMBL5724630,SINGLE PROTEIN
Nucleus accumbens-associated protein 1,CHEMBL5724631,SINGLE PROTEIN
Microspherule protein 1,CHEMBL5724632,SINGLE PROTEIN
Mini-chromosome maintenance complex-binding protein,CHEMBL5724633,SINGLE PROTEIN
Ribosomal biogenesis protein LAS1L,CHEMBL5724634,SINGLE PROTEIN
Putative RNA-binding protein Luc7-like 2,CHEMBL5724635,SINGLE PROTEIN
RNA polymerase-associated protein LEO1,CHEMBL5724636,SINGLE PROTEIN
Leucine-rich repeat-containing protein 40,CHEMBL5724637,SINGLE PROTEIN
Leucine-rich repeat and WD repeat-containing protein 1,CHEMBL5724638,SINGLE PROTEIN
Protein LSM14 homolog A,CHEMBL5724639,SINGLE PROTEIN
Leucine zipper protein 1,CHEMBL5724640,SINGLE PROTEIN
MAP7 domain-containing protein 3,CHEMBL5724641,SINGLE PROTEIN
Microtubule-associated protein 4,CHEMBL5724642,SINGLE PROTEIN
Matrin-3,CHEMBL5724643,SINGLE PROTEIN
Eukaryotic translation elongation factor 1 epsilon-1,CHEMBL5724644,SINGLE PROTEIN
mRNA-capping enzyme,CHEMBL5724645,SINGLE PROTEIN
Adenosine 5'-monophosphoramidase HINT2,CHEMBL5724647,SINGLE PROTEIN
Protein IWS1 homolog,CHEMBL5724649,SINGLE PROTEIN
Heterogeneous nuclear ribonucleoprotein L-like,CHEMBL5724650,SINGLE PROTEIN
Heterogeneous nuclear ribonucleoprotein L,CHEMBL5724651,SINGLE PROTEIN
Hornerin,CHEMBL5724652,SINGLE PROTEIN
Hsp70-binding protein 1,CHEMBL5724653,SINGLE PROTEIN
Importin subunit alpha-5,CHEMBL5724654,SINGLE PROTEIN
Importin subunit alpha-7,CHEMBL5724655,SINGLE PROTEIN
INO80 complex subunit C,CHEMBL5724656,SINGLE PROTEIN
Chromatin-remodeling ATPase INO80,CHEMBL5724657,SINGLE PROTEIN
Integrator complex subunit 8,CHEMBL5724658,SINGLE PROTEIN
Integrator complex subunit 6,CHEMBL5724659,SINGLE PROTEIN
Integrator complex subunit 9,CHEMBL5724660,SINGLE PROTEIN
Importin-4,CHEMBL5724661,SINGLE PROTEIN
Isochorismatase domain-containing protein 1,CHEMBL5724662,SINGLE PROTEIN
Heterogeneous nuclear ribonucleoprotein U-like protein 1,CHEMBL5724663,SINGLE PROTEIN
Abasic site processing protein HMCES,CHEMBL5724664,SINGLE PROTEIN
Lymphoid-specific helicase,CHEMBL5724665,SINGLE PROTEIN
Host cell factor 1,CHEMBL5724666,SINGLE PROTEIN
Histone H3.3,CHEMBL5724667,SINGLE PROTEIN
Histone H2A.Z,CHEMBL5724668,SINGLE PROTEIN
Histone H2A type 1-D,CHEMBL5724669,SINGLE PROTEIN
Histone H2B type 1-A,CHEMBL5724670,SINGLE PROTEIN
Histone H1.2,CHEMBL5724671,SINGLE PROTEIN
Hepatoma-derived growth factor-related protein 3,CHEMBL5724672,SINGLE PROTEIN
HIRA-interacting protein 3,CHEMBL5724673,SINGLE PROTEIN
Protein HIRA,CHEMBL5724675,SINGLE PROTEIN
Histone H2A type 2-B,CHEMBL5724676,SINGLE PROTEIN
Hepatoma-derived growth factor,CHEMBL5724677,SINGLE PROTEIN
High mobility group protein HMG-I/HMG-Y,CHEMBL5724678,SINGLE PROTEIN
RNA-binding protein FUS,CHEMBL5724679,SINGLE PROTEIN
Fructosamine-3-kinase,CHEMBL5724680,SINGLE PROTEIN
Formin-like protein 1,CHEMBL5724681,SINGLE PROTEIN
Protein FRG1,CHEMBL5724682,SINGLE PROTEIN
Gamma-tubulin complex component 3,CHEMBL5724683,SINGLE PROTEIN
Gamma-tubulin complex component 2,CHEMBL5724684,SINGLE PROTEIN
Filaggrin-2,CHEMBL5724685,SINGLE PROTEIN
Pre-mRNA 3'-end-processing factor FIP1,CHEMBL5724686,SINGLE PROTEIN
F-box only protein 22,CHEMBL5724687,SINGLE PROTEIN
Gem-associated protein 5,CHEMBL5724688,SINGLE PROTEIN
Guanine nucleotide-binding protein subunit beta-like protein 1,CHEMBL5724690,SINGLE PROTEIN
Glutamate-rich WD repeat-containing protein 1,CHEMBL5724692,SINGLE PROTEIN
General transcription factor II-I,CHEMBL5724693,SINGLE PROTEIN
Dachshund homolog 1,CHEMBL5724694,SINGLE PROTEIN
DNA excision repair protein ERCC-6-like,CHEMBL5724695,SINGLE PROTEIN
Nuclear protein AMMECR1,CHEMBL5724732,SINGLE PROTEIN
AF4/FMR2 family member 4,CHEMBL5724734,SINGLE PROTEIN
AF4/FMR2 family member 2,CHEMBL5724735,SINGLE PROTEIN
AF4/FMR2 family member 1,CHEMBL5724736,SINGLE PROTEIN
Alpha-actinin-4,CHEMBL5724737,SINGLE PROTEIN
Actin-like protein 8,CHEMBL5724738,SINGLE PROTEIN
Actin-like protein 6A,CHEMBL5724740,SINGLE PROTEIN
Apoptotic chromatin condensation inducer in the nucleus,CHEMBL5724741,SINGLE PROTEIN
ATP-binding cassette sub-family F member 1,CHEMBL5724742,SINGLE PROTEIN
DNA dC->dU-editing enzyme APOBEC-3C,CHEMBL5724743,SINGLE PROTEIN
Aladin,CHEMBL5724744,SINGLE PROTEIN
6-phosphogluconolactonase,CHEMBL5724745,SINGLE PROTEIN
eIF5-mimic protein 2,CHEMBL5724746,SINGLE PROTEIN
Serine/threonine-protein phosphatase 2A 65 kDa regulatory subunit A alpha isoform,CHEMBL5724747,SINGLE PROTEIN
Bcl-2-associated transcription factor 1,CHEMBL5724748,SINGLE PROTEIN
Cilia- and flagella-associated protein 20,CHEMBL5724749,SINGLE PROTEIN
AP-5 complex subunit zeta-1,CHEMBL5724750,SINGLE PROTEIN
AP-1 complex subunit mu-1,CHEMBL5724751,SINGLE PROTEIN
BolA-like protein 2,CHEMBL5724752,SINGLE PROTEIN
Chromatin assembly factor 1 subunit B,CHEMBL5724753,SINGLE PROTEIN
Actin-related protein 2/3 complex subunit 4,CHEMBL5724754,SINGLE PROTEIN
Biogenesis of lysosome-related organelles complex 1 subunit 5,CHEMBL5724755,SINGLE PROTEIN
Annexin A1,CHEMBL5724756,SINGLE PROTEIN
Arginine and glutamate-rich protein 1,CHEMBL5724757,SINGLE PROTEIN
Cleavage and polyadenylation specificity factor subunit 7,CHEMBL5724758,SINGLE PROTEIN
RNA polymerase-associated protein CTR9 homolog,CHEMBL5724759,SINGLE PROTEIN
Probable ATP-dependent RNA helicase DDX41,CHEMBL5724760,SINGLE PROTEIN
COP9 signalosome complex subunit 4,CHEMBL5724761,SINGLE PROTEIN
Cytoplasmic FMR1-interacting protein 1,CHEMBL5724762,SINGLE PROTEIN
Condensin-2 complex subunit D3,CHEMBL5724763,SINGLE PROTEIN
Coatomer subunit gamma-1,CHEMBL5724764,SINGLE PROTEIN
CLIP-associating protein 1,CHEMBL5724765,SINGLE PROTEIN
Chromodomain-helicase-DNA-binding protein 1-like,CHEMBL5724766,SINGLE PROTEIN
Coilin,CHEMBL5724767,SINGLE PROTEIN
Chitinase-3-like protein 1,CHEMBL5724768,SINGLE PROTEIN
Mitotic checkpoint protein BUB3,CHEMBL5724769,SINGLE PROTEIN
Biorientation of chromosomes in cell division protein 1-like 1,CHEMBL5724770,SINGLE PROTEIN
BRD4-interacting chromatin-remodeling complex-associated protein,CHEMBL5724771,SINGLE PROTEIN
E3 ubiquitin-protein ligase CBL-C,CHEMBL5724772,SINGLE PROTEIN
Death domain-associated protein 6,CHEMBL5724773,SINGLE PROTEIN
CGG triplet repeat-binding protein 1,CHEMBL5724774,SINGLE PROTEIN
Density-regulated protein,CHEMBL5724775,SINGLE PROTEIN
Spliceosome-associated protein CWC27 homolog,CHEMBL5724776,SINGLE PROTEIN
Cytospin-A,CHEMBL5724777,SINGLE PROTEIN
Pre-mRNA-splicing factor CWC22 homolog,CHEMBL5724778,SINGLE PROTEIN
Cleavage and polyadenylation specificity factor subunit 3,CHEMBL5724779,SINGLE PROTEIN
Cleavage and polyadenylation specificity factor subunit 5,CHEMBL5724780,SINGLE PROTEIN
Cleavage and polyadenylation specificity factor subunit 1,CHEMBL5724781,SINGLE PROTEIN
Cell division cycle-associated protein 2,CHEMBL5724782,SINGLE PROTEIN
Chromodomain-helicase-DNA-binding protein 9,CHEMBL5724783,SINGLE PROTEIN
Chromosome alignment-maintaining phosphoprotein 1,CHEMBL5724784,SINGLE PROTEIN
Charged multivesicular body protein 1a,CHEMBL5724785,SINGLE PROTEIN
Parafibromin,CHEMBL5724787,SINGLE PROTEIN
Calcium homeostasis endoplasmic reticulum protein,CHEMBL5724788,SINGLE PROTEIN
A disintegrin and metalloproteinase with thrombospondin motifs 7,CHEMBL5724789,SINGLE PROTEIN
BEN domain-containing protein 3,CHEMBL5724790,SINGLE PROTEIN
Bax inhibitor 1,CHEMBL5724791,SINGLE PROTEIN
AP-3 complex subunit beta-1,CHEMBL5724792,SINGLE PROTEIN
Caldesmon,CHEMBL5724794,SINGLE PROTEIN
CD59 glycoprotein,CHEMBL5724795,SINGLE PROTEIN
DnaJ homolog subfamily C member 9,CHEMBL5724805,SINGLE PROTEIN
DnaJ homolog subfamily C member 7,CHEMBL5724907,SINGLE PROTEIN
DNA methyltransferase 1-associated protein 1,CHEMBL5724908,SINGLE PROTEIN
D-dopachrome decarboxylase,CHEMBL5724909,SINGLE PROTEIN
Desmocollin-1,CHEMBL5724910,SINGLE PROTEIN
EF-hand domain-containing protein D2,CHEMBL5724911,SINGLE PROTEIN
H/ACA ribonucleoprotein complex subunit DKC1,CHEMBL5724912,SINGLE PROTEIN
Cytoplasmic dynein 1 heavy chain 1,CHEMBL5724913,SINGLE PROTEIN
RNA polymerase II elongation factor ELL,CHEMBL5725004,SINGLE PROTEIN
Destrin,CHEMBL5725005,SINGLE PROTEIN
Eukaryotic translation initiation factor 3 subunit M,CHEMBL5725006,SINGLE PROTEIN
Eukaryotic translation initiation factor 3 subunit A,CHEMBL5725010,SINGLE PROTEIN
Actin-related protein 5,CHEMBL5725012,SINGLE PROTEIN
AT-rich interactive domain-containing protein 2,CHEMBL5725016,SINGLE PROTEIN
Protein Aster-A,CHEMBL5725017,SINGLE PROTEIN
Rho guanine nucleotide exchange factor 2,CHEMBL5725018,SINGLE PROTEIN
Rho guanine nucleotide exchange factor 6,CHEMBL5725019,SINGLE PROTEIN
Actin-related protein 8,CHEMBL5725020,SINGLE PROTEIN
BAG family molecular chaperone regulator 2,CHEMBL5725021,SINGLE PROTEIN
ADP-ribosylation factor-like protein 1,CHEMBL5725022,SINGLE PROTEIN
Ataxin-10,CHEMBL5725023,SINGLE PROTEIN
Transcriptional repressor p66-alpha,CHEMBL5725025,SINGLE PROTEIN
Lamin-B1,CHEMBL5725026,SINGLE PROTEIN
LIM domain and actin-binding protein 1,CHEMBL5725027,SINGLE PROTEIN
Small nuclear ribonucleoprotein E,CHEMBL5725028,SINGLE PROTEIN
DNA-binding protein SATB2,CHEMBL5725029,SINGLE PROTEIN
Sin3 histone deacetylase corepressor complex component SDS3,CHEMBL5725030,SINGLE PROTEIN
Small ribosomal subunit protein RACK1,CHEMBL5725031,SINGLE PROTEIN
U1 small nuclear ribonucleoprotein 70 kDa,CHEMBL5725032,SINGLE PROTEIN
Signal peptidase complex catalytic subunit SEC11A,CHEMBL5725033,SINGLE PROTEIN
Small nuclear ribonucleoprotein Sm D3,CHEMBL5725034,SINGLE PROTEIN
Serine/arginine-rich splicing factor 2,CHEMBL5725035,SINGLE PROTEIN
Voltage-gated monoatomic cation channel TMEM109,CHEMBL5725036,SINGLE PROTEIN
Zinc finger C3HC-type protein 1,CHEMBL5725037,SINGLE PROTEIN
116 kDa U5 small nuclear ribonucleoprotein component,CHEMBL5725038,SINGLE PROTEIN
Zinc finger X-chromosomal protein,CHEMBL5725039,SINGLE PROTEIN
Ubiquitin/ISG15-conjugating enzyme E2 L6,CHEMBL5725040,SINGLE PROTEIN
Zinc finger CCCH domain-containing protein 18,CHEMBL5725041,SINGLE PROTEIN
Putative E3 ubiquitin-protein ligase UBR7,CHEMBL5725042,SINGLE PROTEIN
UDP-glucose:glycoprotein glucosyltransferase 1,CHEMBL5725043,SINGLE PROTEIN
Wings apart-like protein homolog,CHEMBL5725044,SINGLE PROTEIN
Ubiquitin-associated and SH3 domain-containing protein B,CHEMBL5725045,SINGLE PROTEIN
Zinc finger protein 618,CHEMBL5725046,SINGLE PROTEIN
Nucleolar transcription factor 1,CHEMBL5725047,SINGLE PROTEIN
Exportin-2,CHEMBL5725048,SINGLE PROTEIN
SWI/SNF-related matrix-associated actin-dependent regulator of chromatin subfamily B member 1,CHEMBL5725049,SINGLE PROTEIN
Small subunit processome component 20 homolog,CHEMBL5725050,SINGLE PROTEIN
Zinc finger BED domain-containing protein 4,CHEMBL5725051,SINGLE PROTEIN
pre-mRNA 3' end processing protein WDR33,CHEMBL5725052,SINGLE PROTEIN
Zinc finger Ran-binding domain-containing protein 2,CHEMBL5725053,SINGLE PROTEIN
tRNA (34-2'-O)-methyltransferase regulator WDR6,CHEMBL5725054,SINGLE PROTEIN
WD repeat-containing protein 3,CHEMBL5725055,SINGLE PROTEIN
Treacle protein,CHEMBL5725056,SINGLE PROTEIN
WW domain-binding protein 2,CHEMBL5725057,SINGLE PROTEIN
"Spectrin alpha chain, non-erythrocytic 1",CHEMBL5725058,SINGLE PROTEIN
WD repeat-containing protein 26,CHEMBL5725059,SINGLE PROTEIN
Transformer-2 protein homolog beta,CHEMBL5725060,SINGLE PROTEIN
Nucleoprotein TPR,CHEMBL5725061,SINGLE PROTEIN
Translin,CHEMBL5725062,SINGLE PROTEIN
Activated RNA polymerase II transcriptional coactivator p15,CHEMBL5725063,SINGLE PROTEIN
Splicing factor U2AF 35 kDa subunit,CHEMBL5725064,SINGLE PROTEIN
Target of EGR1 protein 1,CHEMBL5725065,SINGLE PROTEIN
Zinc finger protein RFP,CHEMBL5725067,SINGLE PROTEIN
E3 ubiquitin/ISG15 ligase TRIM25,CHEMBL5725068,SINGLE PROTEIN
WD40 repeat-containing protein SMU1,CHEMBL5725069,SINGLE PROTEIN
Transportin-1,CHEMBL5725070,SINGLE PROTEIN
General transcription factor 3C polypeptide 1,CHEMBL5725071,SINGLE PROTEIN
Phenylalanine--tRNA ligase alpha subunit,CHEMBL5725072,SINGLE PROTEIN
T-complex protein 1 subunit beta,CHEMBL5725073,SINGLE PROTEIN
Very-long-chain enoyl-CoA reductase,CHEMBL5725074,SINGLE PROTEIN
Serine/arginine repetitive matrix protein 1,CHEMBL5725075,SINGLE PROTEIN
T-complex protein 1 subunit eta,CHEMBL5725076,SINGLE PROTEIN
T-complex protein 1 subunit delta,CHEMBL5725077,SINGLE PROTEIN
Transcription initiation factor TFIID subunit 9,CHEMBL5725078,SINGLE PROTEIN
General transcription factor IIF subunit 2,CHEMBL5725079,SINGLE PROTEIN
TATA box-binding protein-associated factor RNA polymerase I subunit B,CHEMBL5725080,SINGLE PROTEIN
Signal recognition particle 14 kDa protein,CHEMBL5725081,SINGLE PROTEIN
STING ER exit protein,CHEMBL5725082,SINGLE PROTEIN
Surfeit locus protein 4,CHEMBL5725083,SINGLE PROTEIN
Signal recognition particle 9 kDa protein,CHEMBL5725084,SINGLE PROTEIN
Serpin B8,CHEMBL5725085,SINGLE PROTEIN
FACT complex subunit SSRP1,CHEMBL5725086,SINGLE PROTEIN
U2 snRNP-associated SURP motif-containing protein,CHEMBL5725087,SINGLE PROTEIN
Protein SON,CHEMBL5725088,SINGLE PROTEIN
"Spectrin beta chain, non-erythrocytic 1",CHEMBL5725089,SINGLE PROTEIN
SWI/SNF-related matrix-associated actin-dependent regulator of chromatin subfamily D member 1,CHEMBL5725090,SINGLE PROTEIN
Protein-lysine N-trimethyltransferase SMYD5,CHEMBL5725091,SINGLE PROTEIN
Structural maintenance of chromosomes protein 4,CHEMBL5725092,SINGLE PROTEIN
Serpin B12,CHEMBL5725093,SINGLE PROTEIN
Serpin B10,CHEMBL5725094,SINGLE PROTEIN
Schlafen family member 11,CHEMBL5725095,SINGLE PROTEIN
SNW domain-containing protein 1,CHEMBL5725096,SINGLE PROTEIN
Structural maintenance of chromosomes flexible hinge domain-containing protein 1,CHEMBL5725097,SINGLE PROTEIN
U1 small nuclear ribonucleoprotein A,CHEMBL5725098,SINGLE PROTEIN
SWI/SNF complex subunit SMARCC2,CHEMBL5725099,SINGLE PROTEIN
snRNA-activating protein complex subunit 4,CHEMBL5725100,SINGLE PROTEIN
Superkiller complex protein 8,CHEMBL5725101,SINGLE PROTEIN
"Lamina-associated polypeptide 2, isoform alpha",CHEMBL5725102,SINGLE PROTEIN
SWI/SNF-related matrix-associated actin-dependent regulator of chromatin subfamily E member 1,CHEMBL5725103,SINGLE PROTEIN
SWI/SNF complex subunit SMARCC1,CHEMBL5725104,SINGLE PROTEIN
Small nuclear ribonucleoprotein Sm D2,CHEMBL5725105,SINGLE PROTEIN
Histone deacetylase complex subunit SAP18,CHEMBL5725107,SINGLE PROTEIN
Splicing factor 3A subunit 1,CHEMBL5725108,SINGLE PROTEIN
Mothers against decapentaplegic homolog 4,CHEMBL5725109,SINGLE PROTEIN
Structural maintenance of chromosomes protein 3,CHEMBL5725110,SINGLE PROTEIN
Replication termination factor 2,CHEMBL5725112,SINGLE PROTEIN
Protein transport protein Sec61 subunit alpha isoform 1,CHEMBL5725113,SINGLE PROTEIN
"Splicing factor, proline- and glutamine-rich",CHEMBL5725114,SINGLE PROTEIN
Splicing factor 1,CHEMBL5725115,SINGLE PROTEIN
Desmoglein-1,CHEMBL5725116,SINGLE PROTEIN
DnaJ homolog subfamily C member 10,CHEMBL5725117,SINGLE PROTEIN
"Dynein light chain 1, cytoplasmic",CHEMBL5725118,SINGLE PROTEIN
Translation initiation factor eIF2B subunit epsilon,CHEMBL5725120,SINGLE PROTEIN
Eukaryotic translation initiation factor 3 subunit L,CHEMBL5725121,SINGLE PROTEIN
Eukaryotic translation initiation factor 3 subunit E,CHEMBL5725122,SINGLE PROTEIN
Eukaryotic translation initiation factor 3 subunit C,CHEMBL5725123,SINGLE PROTEIN
Transcription and mRNA export factor ENY2,CHEMBL5725124,SINGLE PROTEIN
U2 small nuclear ribonucleoprotein B'',CHEMBL5725125,SINGLE PROTEIN
Exosome complex component RRP41,CHEMBL5725126,SINGLE PROTEIN
SAP30-binding protein,CHEMBL5725127,SINGLE PROTEIN
Protein S100-A8,CHEMBL5725128,SINGLE PROTEIN
Regulation of nuclear pre-mRNA domain-containing protein 2,CHEMBL5725129,SINGLE PROTEIN
Small nuclear ribonucleoprotein-associated proteins B and B',CHEMBL5725130,SINGLE PROTEIN
RNA polymerase-associated protein RTF1 homolog,CHEMBL5725131,SINGLE PROTEIN
Nuclear pore membrane glycoprotein 210,CHEMBL5725132,SINGLE PROTEIN
Replication factor C subunit 1,CHEMBL5725133,SINGLE PROTEIN
DNA-directed RNA polymerases I and III subunit RPAC1,CHEMBL5725134,SINGLE PROTEIN
Rhox homeobox family member 2,CHEMBL5725135,SINGLE PROTEIN
Double-stranded RNA-specific editase 1,CHEMBL5725136,SINGLE PROTEIN
Ribose-5-phosphate isomerase,CHEMBL5725137,SINGLE PROTEIN
Arginine/serine-rich protein PNISR,CHEMBL5725138,SINGLE PROTEIN
Dolichyl-diphosphooligosaccharide--protein glycosyltransferase subunit 2,CHEMBL5725139,SINGLE PROTEIN
Telomere-associated protein RIF1,CHEMBL5725140,SINGLE PROTEIN
Replication factor C subunit 2,CHEMBL5725141,SINGLE PROTEIN
Protein RCC2,CHEMBL5725142,SINGLE PROTEIN
DNA-directed RNA polymerase I subunit RPA49,CHEMBL5725143,SINGLE PROTEIN
Replication factor C subunit 3,CHEMBL5725144,SINGLE PROTEIN
Replication factor C subunit 4,CHEMBL5725145,SINGLE PROTEIN
Pinin,CHEMBL5725146,SINGLE PROTEIN
"RNA-binding motif protein, X chromosome",CHEMBL5725147,SINGLE PROTEIN
Kinesin-like protein KIF2A,CHEMBL5725148,SINGLE PROTEIN
U4/U6 small nuclear ribonucleoprotein Prp3,CHEMBL5725149,SINGLE PROTEIN
RNA-binding protein 25,CHEMBL5725150,SINGLE PROTEIN
"Pyruvate carboxylase, mitochondrial",CHEMBL5725151,SINGLE PROTEIN
Pre-mRNA-splicing factor RBM22,CHEMBL5725152,SINGLE PROTEIN
Peptidyl-prolyl cis-trans isomerase-like 4,CHEMBL5725153,SINGLE PROTEIN
Pre-mRNA-processing factor 40 homolog A,CHEMBL5725154,SINGLE PROTEIN
DNA repair protein RAD50,CHEMBL5725155,SINGLE PROTEIN
Pseudouridylate synthase 1 homolog,CHEMBL5725156,SINGLE PROTEIN
E3 ubiquitin-protein ligase RAD18,CHEMBL5725157,SINGLE PROTEIN
Proline-rich protein 12,CHEMBL5725158,SINGLE PROTEIN
Poly(U)-binding-splicing factor PUF60,CHEMBL5725159,SINGLE PROTEIN
Xaa-Arg dipeptidase,CHEMBL5725160,SINGLE PROTEIN
Paraspeckle component 1,CHEMBL5725161,SINGLE PROTEIN
Pre-mRNA-processing-splicing factor 8,CHEMBL5725162,SINGLE PROTEIN
Serine/threonine-protein phosphatase 1 regulatory subunit 10,CHEMBL5725163,SINGLE PROTEIN
Pre-mRNA-processing factor 6,CHEMBL5725164,SINGLE PROTEIN
U4/U6 small nuclear ribonucleoprotein Prp31,CHEMBL5725165,SINGLE PROTEIN
Profilin-2,CHEMBL5725166,SINGLE PROTEIN
Pre-mRNA-processing factor 19,CHEMBL5725167,SINGLE PROTEIN
PHD finger-like domain-containing protein 5A,CHEMBL5725168,SINGLE PROTEIN
Programmed cell death protein 2-like,CHEMBL5725169,SINGLE PROTEIN
RING-type E3 ubiquitin-protein ligase PPIL2,CHEMBL5725170,SINGLE PROTEIN
Pyridoxal phosphate homeostasis protein,CHEMBL5725171,SINGLE PROTEIN
Protein PBDC1,CHEMBL5725172,SINGLE PROTEIN
PITH domain-containing protein 1,CHEMBL5725173,SINGLE PROTEIN
E3 SUMO-protein ligase PIAS4,CHEMBL5725174,SINGLE PROTEIN
PCI domain-containing protein 2,CHEMBL5725175,SINGLE PROTEIN
Sister chromatid cohesion protein PDS5 homolog A,CHEMBL5725176,SINGLE PROTEIN
Programmed cell death 6-interacting protein,CHEMBL5725177,SINGLE PROTEIN
Pescadillo homolog,CHEMBL5725178,SINGLE PROTEIN
RNA polymerase II-associated factor 1 homolog,CHEMBL5725179,SINGLE PROTEIN
PAX3- and PAX7-binding protein 1,CHEMBL5725180,SINGLE PROTEIN
Transcriptional repressor p66-beta,CHEMBL5725181,SINGLE PROTEIN
Male-specific lethal 1 homolog,CHEMBL5725182,SINGLE PROTEIN
Nuclear migration protein nudC,CHEMBL5725183,SINGLE PROTEIN
Nuclear mitotic apparatus protein 1,CHEMBL5725184,SINGLE PROTEIN
Nucleolar complex protein 4 homolog,CHEMBL5725186,SINGLE PROTEIN
Origin recognition complex subunit 5,CHEMBL5725187,SINGLE PROTEIN
Neurabin-2,CHEMBL5725188,SINGLE PROTEIN
Nuclear pore complex protein Nup93,CHEMBL5725189,SINGLE PROTEIN
Nuclear pore complex protein Nup205,CHEMBL5725190,SINGLE PROTEIN
NHP2-like protein 1,CHEMBL5725191,SINGLE PROTEIN
"Nuclear factor of activated T-cells, cytoplasmic 3",CHEMBL5725192,SINGLE PROTEIN
Nuclear factor related to kappa-B-binding protein,CHEMBL5725193,SINGLE PROTEIN
Mediator of DNA damage checkpoint protein 1,CHEMBL5725194,SINGLE PROTEIN
Enhancer of rudimentary homolog,CHEMBL5725195,SINGLE PROTEIN
HEAT repeat-containing protein 1,CHEMBL5725196,SINGLE PROTEIN
Exosome complex component RRP45,CHEMBL5725197,SINGLE PROTEIN
Zinc finger protein Gfi-1,CHEMBL5725198,SINGLE PROTEIN
Engulfment and cell motility protein 1,CHEMBL5725199,SINGLE PROTEIN
Protein cereblon/Histone-lysine N-methyltransferase EHMT1,CHEMBL5739542,PROTEIN-PROTEIN INTERACTION
Protein cereblon/Programmed cell death 1 ligand 1,CHEMBL5739543,PROTEIN-PROTEIN INTERACTION
Protein cereblon/Tyrosine-protein phosphatase non-receptor type 22,CHEMBL5739544,PROTEIN-PROTEIN INTERACTION
Protein cereblon/Chromobox protein homolog 8,CHEMBL5739545,PROTEIN-PROTEIN INTERACTION
Protein cereblon/Serine/threonine-protein kinase ATR,CHEMBL5739546,PROTEIN-PROTEIN INTERACTION
Protein cereblon/Dual specificity tyrosine-phosphorylation-regulated kinase 2,CHEMBL5739547,PROTEIN-PROTEIN INTERACTION
Protein cereblon/Histone-lysine N-methyltransferase EHMT2,CHEMBL5739548,PROTEIN-PROTEIN INTERACTION
Protein cereblon/Ubiquitin carboxyl-terminal hydrolase 7,CHEMBL5739549,PROTEIN-PROTEIN INTERACTION
Colon organoid,CHEMBL5739550,3D CELL CULTURE
Protein cereblon/Tyrosine-protein phosphatase non-receptor type 1,CHEMBL6066021,PROTEIN-PROTEIN INTERACTION
Protein cereblon/Programmed cell death protein 2,CHEMBL6066022,PROTEIN-PROTEIN INTERACTION
Protein cereblon/Polycomb protein SUZ12,CHEMBL6066023,PROTEIN-PROTEIN INTERACTION
Protein cereblon/Lysine-specific demethylase 5B,CHEMBL6066024,PROTEIN-PROTEIN INTERACTION
Protein cereblon/Microtubule-associated protein tau,CHEMBL6066025,PROTEIN-PROTEIN INTERACTION
Protein cereblon/Nicotinamide phosphoribosyltransferase,CHEMBL6066026,PROTEIN-PROTEIN INTERACTION
Protein cereblon/Tyrosine-protein kinase Lck,CHEMBL6066027,PROTEIN-PROTEIN INTERACTION
Protein cereblon/Protein Aster-A,CHEMBL6066028,PROTEIN-PROTEIN INTERACTION
Protein cereblon/Terminal nucleotidyltransferase 4B,CHEMBL6066029,PROTEIN-PROTEIN INTERACTION
Protein cereblon/Heat shock protein HSP 90-beta,CHEMBL6066030,PROTEIN-PROTEIN INTERACTION
Protein cereblon/Transcriptional enhancer factor TEF-5,CHEMBL6066031,PROTEIN-PROTEIN INTERACTION
Protein cereblon/E3 ubiquitin-protein ligase RING2,CHEMBL6066032,PROTEIN-PROTEIN INTERACTION
Protein cereblon/Lysine-specific demethylase 5C,CHEMBL6066033,PROTEIN-PROTEIN INTERACTION
Protein cereblon/Transcriptional coactivator YAP1,CHEMBL6066034,PROTEIN-PROTEIN INTERACTION
Protein cereblon/Histone-lysine N-methyltransferase NSD3,CHEMBL6066035,PROTEIN-PROTEIN INTERACTION
Protein cereblon/Maternal embryonic leucine zipper kinase,CHEMBL6066036,PROTEIN-PROTEIN INTERACTION
Protein cereblon/Receptor-type tyrosine-protein phosphatase C,CHEMBL6066037,PROTEIN-PROTEIN INTERACTION
Protein cereblon/Transcriptional enhancer factor TEF-3,CHEMBL6066038,PROTEIN-PROTEIN INTERACTION
Protein cereblon/Peptidyl-prolyl cis-trans isomerase NIMA-interacting 1,CHEMBL6066039,PROTEIN-PROTEIN INTERACTION
"Protein cereblon/Histone-lysine N-methyltransferase, H3 lysine-36 specific",CHEMBL6066040,PROTEIN-PROTEIN INTERACTION
Protein cereblon/Cytochrome P450 1B1,CHEMBL6066041,PROTEIN-PROTEIN INTERACTION
Protein cereblon/Polycomb complex protein BMI-1,CHEMBL6066042,PROTEIN-PROTEIN INTERACTION
Protein cereblon/E3 ubiquitin-protein ligase RING1,CHEMBL6066043,PROTEIN-PROTEIN INTERACTION
Protein cereblon/D-dopachrome decarboxylase,CHEMBL6066044,PROTEIN-PROTEIN INTERACTION
Protein cereblon/Probable global transcription activator SNF2L2,CHEMBL6066045,PROTEIN-PROTEIN INTERACTION
Protein cereblon/Heat shock protein HSP 90-alpha,CHEMBL6066046,PROTEIN-PROTEIN INTERACTION
Protein cereblon/Histone-lysine N-methyltransferase NSD2,CHEMBL6066047,PROTEIN-PROTEIN INTERACTION
Protein cereblon/Parkinson disease protein 7,CHEMBL6066048,PROTEIN-PROTEIN INTERACTION
Protein cereblon/Cyclin-K,CHEMBL6066049,PROTEIN-PROTEIN INTERACTION
Protein cereblon/Transcriptional enhancer factor TEF-4,CHEMBL6066050,PROTEIN-PROTEIN INTERACTION
Protein cereblon/Transcriptional enhancer factor TEF-1,CHEMBL6066051,PROTEIN-PROTEIN INTERACTION
Protein cereblon/Polycomb protein EED,CHEMBL6066052,PROTEIN-PROTEIN INTERACTION
Protein cereblon/RING1 and YY1-binding protein,CHEMBL6066053,PROTEIN-PROTEIN INTERACTION
Protein cereblon/Lysine-specific demethylase 5A,CHEMBL6066054,PROTEIN-PROTEIN INTERACTION
Protein cereblon/Tubulin beta-3 chain,CHEMBL6066055,PROTEIN-PROTEIN INTERACTION
Protein cereblon/Tyrosine-protein phosphatase non-receptor type 6,CHEMBL6066056,PROTEIN-PROTEIN INTERACTION
Protein cereblon/Tyrosine-protein kinase JAK3,CHEMBL6066057,PROTEIN-PROTEIN INTERACTION
Protein cereblon/Non-receptor tyrosine-protein kinase TYK2,CHEMBL6066058,PROTEIN-PROTEIN INTERACTION
Cyclin-dependent kinase 11A/B,CHEMBL6066064,PROTEIN FAMILY
A disintegrin and metalloproteinase with thrombospondin motifs 12,CHEMBL6066065,SINGLE PROTEIN
Equilibrative nucleoside transporter 1/2/3/4,CHEMBL6066081,PROTEIN FAMILY
Fc receptor-like protein 5,CHEMBL6066101,SINGLE PROTEIN
von Hippel-Lindau disease tumor suppressor/Cyclin-dependent kinase 1,CHEMBL6066121,PROTEIN-PROTEIN INTERACTION
von Hippel-Lindau disease tumor suppressor/Aromatase,CHEMBL6066122,PROTEIN-PROTEIN INTERACTION
von Hippel-Lindau disease tumor suppressor/Cyclin-dependent kinase 2,CHEMBL6066123,PROTEIN-PROTEIN INTERACTION
von Hippel-Lindau disease tumor suppressor/Cytochrome P450 1A1,CHEMBL6066125,PROTEIN-PROTEIN INTERACTION
von Hippel-Lindau disease tumor suppressor/Fibroblast growth factor receptor 2,CHEMBL6066126,PROTEIN-PROTEIN INTERACTION
von Hippel-Lindau disease tumor suppressor/Mitogen-activated protein kinase kinase kinase 9,CHEMBL6066127,PROTEIN-PROTEIN INTERACTION
von Hippel-Lindau disease tumor suppressor/Mitogen-activated protein kinase kinase kinase 10,CHEMBL6066128,PROTEIN-PROTEIN INTERACTION
von Hippel-Lindau disease tumor suppressor/Serine-protein kinase ATM,CHEMBL6066129,PROTEIN-PROTEIN INTERACTION
von Hippel-Lindau disease tumor suppressor/Receptor-interacting serine/threonine-protein kinase 1,CHEMBL6066130,PROTEIN-PROTEIN INTERACTION
von Hippel-Lindau disease tumor suppressor/Mitogen-activated protein kinase kinase kinase 11,CHEMBL6066131,PROTEIN-PROTEIN INTERACTION
von Hippel-Lindau disease tumor suppressor/Cytochrome P450 1B1,CHEMBL6066132,PROTEIN-PROTEIN INTERACTION
von Hippel-Lindau disease tumor suppressor/Mitogen-activated protein kinase kinase kinase 21,CHEMBL6066133,PROTEIN-PROTEIN INTERACTION
von Hippel-Lindau disease tumor suppressor/Endothelial PAS domain-containing protein 1,CHEMBL6066134,PROTEIN-PROTEIN INTERACTION
von Hippel-Lindau disease tumor suppressor/Bifunctional arginine demethylase and lysyl-hydroxylase JMJD6,CHEMBL6066135,PROTEIN-PROTEIN INTERACTION
von Hippel-Lindau disease tumor suppressor/Serine/threonine-protein kinase ATR,CHEMBL6066136,PROTEIN-PROTEIN INTERACTION
von Hippel-Lindau disease tumor suppressor/Nuclear receptor coactivator 4,CHEMBL6066137,PROTEIN-PROTEIN INTERACTION
von Hippel-Lindau disease tumor suppressor/LON peptidase N-terminal domain and RING finger protein 2,CHEMBL6066138,PROTEIN-PROTEIN INTERACTION
von Hippel-Lindau disease tumor suppressor/Ubiquitin carboxyl-terminal hydrolase 7,CHEMBL6066139,PROTEIN-PROTEIN INTERACTION
von Hippel-Lindau disease tumor suppressor/Cyclin-dependent kinase 5,CHEMBL6066140,PROTEIN-PROTEIN INTERACTION
von Hippel-Lindau disease tumor suppressor/Cyclin-dependent kinase 9,CHEMBL6066141,PROTEIN-PROTEIN INTERACTION
von Hippel-Lindau disease tumor suppressor/Cyclin-dependent kinase 7,CHEMBL6066142,PROTEIN-PROTEIN INTERACTION
von Hippel-Lindau disease tumor suppressor/Cyclin-dependent kinase 8,CHEMBL6066143,PROTEIN-PROTEIN INTERACTION
von Hippel-Lindau disease tumor suppressor/Transcriptional coactivator YAP1,CHEMBL6066144,PROTEIN-PROTEIN INTERACTION
von Hippel-Lindau disease tumor suppressor/Histone-lysine N-methyltransferase EHMT2,CHEMBL6066145,PROTEIN-PROTEIN INTERACTION
von Hippel-Lindau disease tumor suppressor/Histone-lysine N-methyltransferase EHMT1,CHEMBL6066146,PROTEIN-PROTEIN INTERACTION
Bromodomain-containing protein 4/Cellular tumor antigen p53,CHEMBL6066147,PROTEIN-PROTEIN INTERACTION
Bromodomain-containing protein 4/Protein ENL,CHEMBL6066148,PROTEIN-PROTEIN INTERACTION
Bromodomain-containing protein 4/DDB1- and CUL4-associated factor 15,CHEMBL6066149,PROTEIN-PROTEIN INTERACTION
Alpha-protein kinase 3,CHEMBL6066155,SINGLE PROTEIN
DNA-directed RNA polymerase II subunit RPB2,CHEMBL6066157,SINGLE PROTEIN
General transcription factor IIF subunit 1,CHEMBL6066158,SINGLE PROTEIN
Splicing factor 3A subunit 2,CHEMBL6066159,SINGLE PROTEIN
Serine/arginine-rich splicing factor 7,CHEMBL6066160,SINGLE PROTEIN
Symplekin,CHEMBL6066161,SINGLE PROTEIN
Translocon-associated protein subunit alpha,CHEMBL6066162,SINGLE PROTEIN
PWWP domain-containing protein 2B,CHEMBL6066163,SINGLE PROTEIN
Serine/arginine repetitive matrix protein 2,CHEMBL6066164,SINGLE PROTEIN
Chromodomain-helicase-DNA-binding protein 8,CHEMBL6066165,SINGLE PROTEIN
U2 small nuclear ribonucleoprotein A',CHEMBL6066166,SINGLE PROTEIN
T-complex protein 1 subunit alpha,CHEMBL6066167,SINGLE PROTEIN
Signal recognition particle subunit SRP72,CHEMBL6066168,SINGLE PROTEIN
Serine/arginine-rich splicing factor 3,CHEMBL6066169,SINGLE PROTEIN
Proliferation marker protein Ki-67,CHEMBL6066170,SINGLE PROTEIN
T-complex protein 1 subunit gamma,CHEMBL6066171,SINGLE PROTEIN
AT-rich interactive domain-containing protein 1A,CHEMBL6066172,SINGLE PROTEIN
Beta/gamma crystallin domain-containing protein 1,CHEMBL6066173,SINGLE PROTEIN
Transcription initiation factor TFIID subunit 5,CHEMBL6066174,SINGLE PROTEIN
Cleavage and polyadenylation specificity factor subunit 2,CHEMBL6066175,SINGLE PROTEIN
Splicing factor 3B subunit 6,CHEMBL6066176,SINGLE PROTEIN
Protein pelota homolog,CHEMBL6066177,SINGLE PROTEIN
Cleavage and polyadenylation specificity factor subunit 4,CHEMBL6066178,SINGLE PROTEIN
Kinesin-like protein KIF18B,CHEMBL6066179,SINGLE PROTEIN
Protein DEK,CHEMBL6066180,SINGLE PROTEIN
Splicing factor 3B subunit 4,CHEMBL6066181,SINGLE PROTEIN
Ribonuclease P protein subunit p30,CHEMBL6066182,SINGLE PROTEIN
Insulin-like growth factor 2 mRNA-binding protein 2,CHEMBL6066203,SINGLE PROTEIN
Dual specificity protein phosphatase CDC14B,CHEMBL6066204,SINGLE PROTEIN
Kelch-like protein 3,CHEMBL6066208,SINGLE PROTEIN
Mitochondrial import receptor subunit TOM70,CHEMBL6066210,SINGLE PROTEIN
Galectin-9C,CHEMBL6066211,SINGLE PROTEIN
Phosphoserine aminotransferase,CHEMBL6066212,SINGLE PROTEIN
Developmentally-regulated GTP-binding protein 1,CHEMBL6066214,SINGLE PROTEIN
Mitochondrial import receptor subunit TOM34,CHEMBL6066215,SINGLE PROTEIN
Nuclear autoantigen Sp-100,CHEMBL6066216,SINGLE PROTEIN
E3 ubiquitin-protein ligase pellino homolog 1,CHEMBL6066217,SINGLE PROTEIN
Chitinase-3-like protein 2,CHEMBL6066218,SINGLE PROTEIN
Ran-specific GTPase-activating protein,CHEMBL6066219,SINGLE PROTEIN
Ferritin heavy chain,CHEMBL6066220,SINGLE PROTEIN
GDNF family receptor alpha-3,CHEMBL6066221,SINGLE PROTEIN
Small glutamine-rich tetratricopeptide repeat-containing protein alpha,CHEMBL6066222,SINGLE PROTEIN
Pyroglutamyl-peptidase 1,CHEMBL6066224,SINGLE PROTEIN
Peptidyl-prolyl cis-trans isomerase E,CHEMBL6066227,SINGLE PROTEIN
Sodium-coupled neutral amino acid symporter 1,CHEMBL6066229,SINGLE PROTEIN
Sp110 nuclear body protein,CHEMBL6066231,SINGLE PROTEIN
Integrin beta-4,CHEMBL6066233,SINGLE PROTEIN
Dolichyl-diphosphooligosaccharide--protein glycosyltransferase subunit STT3A,CHEMBL6066234,SINGLE PROTEIN
Kelch-like protein 12,CHEMBL6066235,SINGLE PROTEIN
Dolichyl-diphosphooligosaccharide--protein glycosyltransferase subunit STT3B,CHEMBL6066236,SINGLE PROTEIN
Sodium-coupled neutral amino acid symporter 2,CHEMBL6066238,SINGLE PROTEIN
Tissue factor pathway inhibitor 2,CHEMBL6066240,SINGLE PROTEIN
PHD finger protein 20-like protein 1,CHEMBL6066242,SINGLE PROTEIN
Telomerase Cajal body protein 1,CHEMBL6066243,SINGLE PROTEIN
GDNF family receptor alpha-2,CHEMBL6066244,SINGLE PROTEIN
E3 ubiquitin-protein ligase UBR1,CHEMBL6066245,SINGLE PROTEIN
Palmitoyltransferase ZDHHC7,CHEMBL6066246,SINGLE PROTEIN
"ATP synthase F(1) complex subunit delta, mitochondrial",CHEMBL6066247,SINGLE PROTEIN
COP9 signalosome complex subunit 3,CHEMBL6066248,SINGLE PROTEIN
Cytoplasmic dynein 1 light intermediate chain 2,CHEMBL6066249,SINGLE PROTEIN
Extended synaptotagmin-2,CHEMBL6066250,SINGLE PROTEIN
Katanin p60 ATPase-containing subunit A-like 2,CHEMBL6066251,SINGLE PROTEIN
Sphingomyelin phosphodiesterase 4,CHEMBL6066252,SINGLE PROTEIN
Lipopolysaccharide-responsive and beige-like anchor protein,CHEMBL6066253,SINGLE PROTEIN
Protein S100-A11,CHEMBL6066254,SINGLE PROTEIN
Exportin-6,CHEMBL6066255,SINGLE PROTEIN
Vitamin K epoxide reductase complex subunit 1-like protein 1,CHEMBL6066256,SINGLE PROTEIN
Nuclear pore complex protein Nup160,CHEMBL6066257,SINGLE PROTEIN
"Dol-P-Man:Man(5)GlcNAc(2)-PP-Dol alpha-1,3-mannosyltransferase",CHEMBL6066258,SINGLE PROTEIN
TRAF-type zinc finger domain-containing protein 1,CHEMBL6066259,SINGLE PROTEIN
TRMT1-like protein,CHEMBL6066260,SINGLE PROTEIN
"Keratin, type II cytoskeletal 4",CHEMBL6066261,SINGLE PROTEIN
Programmed cell death protein 10,CHEMBL6066262,SINGLE PROTEIN
Phosphatidylinositol transfer protein beta isoform,CHEMBL6066263,SINGLE PROTEIN
Phosphatidate cytidylyltransferase 2,CHEMBL6066264,SINGLE PROTEIN
Protein phosphatase 1F,CHEMBL6066265,SINGLE PROTEIN
Cytosolic non-specific dipeptidase,CHEMBL6066266,SINGLE PROTEIN
Mitochondrial Rho GTPase 2,CHEMBL6066267,SINGLE PROTEIN
"Peroxisomal 2,4-dienoyl-CoA reductase [(3E)-enoyl-CoA-producing]",CHEMBL6066268,SINGLE PROTEIN
Probable rRNA-processing protein EBP2,CHEMBL6066269,SINGLE PROTEIN
Heterogeneous nuclear ribonucleoprotein A0,CHEMBL6066270,SINGLE PROTEIN
Junction plakoglobin,CHEMBL6066271,SINGLE PROTEIN
ER lumen protein-retaining receptor 1,CHEMBL6066272,SINGLE PROTEIN
Myosin light polypeptide 6,CHEMBL6066273,SINGLE PROTEIN
Annexin A11,CHEMBL6066274,SINGLE PROTEIN
Protein transport protein Sec23B,CHEMBL6066275,SINGLE PROTEIN
Mitochondrial import inner membrane translocase subunit Tim13,CHEMBL6066276,SINGLE PROTEIN
Transmembrane protein 161A,CHEMBL6066277,SINGLE PROTEIN
Oxysterol-binding protein-related protein 3,CHEMBL6066278,SINGLE PROTEIN
T-complex protein 1 subunit zeta,CHEMBL6066279,SINGLE PROTEIN
Cerebellar degeneration-related protein 2,CHEMBL6066280,SINGLE PROTEIN
Collagen alpha-1(XIV) chain,CHEMBL6066281,SINGLE PROTEIN
Dynein axonemal heavy chain 12,CHEMBL6066282,SINGLE PROTEIN
Cytoplasmic dynein 1 light intermediate chain 1,CHEMBL6066283,SINGLE PROTEIN
Huntingtin-interacting protein K,CHEMBL6066284,SINGLE PROTEIN
Sorting and assembly machinery component 50 homolog,CHEMBL6066285,SINGLE PROTEIN
Ras association domain-containing protein 5,CHEMBL6066286,SINGLE PROTEIN
26S proteasome non-ATPase regulatory subunit 9,CHEMBL6066287,SINGLE PROTEIN
Kunitz-type protease inhibitor 2,CHEMBL6066288,SINGLE PROTEIN
Protein THEM6,CHEMBL6066289,SINGLE PROTEIN
Natural cytotoxicity triggering receptor 1,CHEMBL6066290,SINGLE PROTEIN
"ATP synthase peripheral stalk subunit OSCP, mitochondrial",CHEMBL6066292,SINGLE PROTEIN
"Cytochrome c oxidase subunit 4 isoform 1, mitochondrial",CHEMBL6066293,SINGLE PROTEIN
mRNA export factor RAE1,CHEMBL6066294,SINGLE PROTEIN
Endoplasmic reticulum resident protein 29,CHEMBL6066295,SINGLE PROTEIN
Alpha-internexin,CHEMBL6066296,SINGLE PROTEIN
Argininosuccinate synthase,CHEMBL6066297,SINGLE PROTEIN
Cytoplasmic FMR1-interacting protein 2,CHEMBL6066298,SINGLE PROTEIN
"Tryptophan--tRNA ligase, cytoplasmic",CHEMBL6066299,SINGLE PROTEIN
Synaptosomal-associated protein 23,CHEMBL6066300,SINGLE PROTEIN
Transmembrane emp24 domain-containing protein 2,CHEMBL6066301,SINGLE PROTEIN
General transcription factor 3C polypeptide 3,CHEMBL6066302,SINGLE PROTEIN
Putative protein-lysine deacylase ABHD14B,CHEMBL6066303,SINGLE PROTEIN
"ATP synthase F(0) complex subunit k, mitochondrial",CHEMBL6066304,SINGLE PROTEIN
Vesicle-associated membrane protein 7,CHEMBL6066305,SINGLE PROTEIN
Histone H1.3,CHEMBL6066306,SINGLE PROTEIN
Eukaryotic translation initiation factor 3 subunit K,CHEMBL6066307,SINGLE PROTEIN
UBX domain-containing protein 4,CHEMBL6066308,SINGLE PROTEIN
"2',3'-cyclic-nucleotide 3'-phosphodiesterase",CHEMBL6066309,SINGLE PROTEIN
"3-ketoacyl-CoA thiolase, mitochondrial",CHEMBL6066310,SINGLE PROTEIN
ATPase GET3,CHEMBL6066311,SINGLE PROTEIN
Vesicle-associated membrane protein 8,CHEMBL6066312,SINGLE PROTEIN
Signal recognition particle subunit SRP68,CHEMBL6066313,SINGLE PROTEIN
"Single-stranded DNA-binding protein, mitochondrial",CHEMBL6066314,SINGLE PROTEIN
Tubulin-specific chaperone A,CHEMBL6066315,SINGLE PROTEIN
FYN-binding protein 1,CHEMBL6066316,SINGLE PROTEIN
"Palmitoyl-protein thioesterase ABHD10, mitochondrial",CHEMBL6066317,SINGLE PROTEIN
Oxygen-regulated protein 1,CHEMBL6066318,SINGLE PROTEIN
OCIA domain-containing protein 2,CHEMBL6066320,SINGLE PROTEIN
eIF5-mimic protein 1,CHEMBL6066321,SINGLE PROTEIN
"DNA-directed RNA polymerases I, II, and III subunit RPABC1",CHEMBL6066322,SINGLE PROTEIN
Protein phosphatase 1 regulatory subunit 7,CHEMBL6066323,SINGLE PROTEIN
Eukaryotic translation initiation factor 3 subunit D,CHEMBL6066324,SINGLE PROTEIN
Spliceosome RNA helicase DDX39B,CHEMBL6066325,SINGLE PROTEIN
Protein prenyltransferase alpha subunit repeat-containing protein 1,CHEMBL6066326,SINGLE PROTEIN
Corrinoid adenosyltransferase MMAB,CHEMBL6066327,SINGLE PROTEIN
Adenylosuccinate lyase,CHEMBL6066328,SINGLE PROTEIN
Nascent polypeptide-associated complex subunit alpha,CHEMBL6066329,SINGLE PROTEIN
Transmembrane emp24 domain-containing protein 9,CHEMBL6066330,SINGLE PROTEIN
Serine palmitoyltransferase 3,CHEMBL6066332,SINGLE PROTEIN
Membrane-associated progesterone receptor component 2,CHEMBL6066333,SINGLE PROTEIN
Transcriptional regulator protein Pur-beta,CHEMBL6066334,SINGLE PROTEIN
Nucleolar protein 56,CHEMBL6066335,SINGLE PROTEIN
Small ribosomal subunit protein uS2m,CHEMBL6066336,SINGLE PROTEIN
Septin-2,CHEMBL6066337,SINGLE PROTEIN
Prothymosin alpha,CHEMBL6066338,SINGLE PROTEIN
Small nuclear ribonucleoprotein Sm D1,CHEMBL6066339,SINGLE PROTEIN
Protein cholesin,CHEMBL6066340,SINGLE PROTEIN
CD2 antigen cytoplasmic tail-binding protein 2,CHEMBL6066341,SINGLE PROTEIN
DNA topoisomerase 1/Deoxyribonucleic acid,CHEMBL6066342,PROTEIN NUCLEIC-ACID COMPLEX
Cell division cycle protein 16 homolog,CHEMBL6066343,SINGLE PROTEIN
Charged multivesicular body protein 4b,CHEMBL6066344,SINGLE PROTEIN
DnaJ homolog subfamily B member 12,CHEMBL6066345,SINGLE PROTEIN
Protein LYRIC,CHEMBL6066346,SINGLE PROTEIN
Anaphase-promoting complex subunit 7,CHEMBL6066347,SINGLE PROTEIN
Vesicle transport protein GOT1B,CHEMBL6066348,SINGLE PROTEIN
Mitochondrial import inner membrane translocase subunit TIM44,CHEMBL6066349,SINGLE PROTEIN
Probable U3 small nucleolar RNA-associated protein 11,CHEMBL6066350,SINGLE PROTEIN
E3 ubiquitin-protein ligase CBL,CHEMBL6066351,SINGLE PROTEIN
5-phosphohydroxy-L-lysine phospho-lyase,CHEMBL6066352,SINGLE PROTEIN
Replication protein A 14 kDa subunit,CHEMBL6066353,SINGLE PROTEIN
Eukaryotic peptide chain release factor subunit 1,CHEMBL6066354,SINGLE PROTEIN
GTP-binding protein 10,CHEMBL6066355,SINGLE PROTEIN
Vesicular integral-membrane protein VIP36,CHEMBL6066356,SINGLE PROTEIN
Leucine-rich repeat-containing protein 47,CHEMBL6066357,SINGLE PROTEIN
A-kinase anchor protein 8-like,CHEMBL6066358,SINGLE PROTEIN
Partner of Y14 and mago,CHEMBL6066359,SINGLE PROTEIN
5'-3' exoribonuclease 2,CHEMBL6066360,SINGLE PROTEIN
Calcium-binding and coiled-coil domain-containing protein 2,CHEMBL6066361,SINGLE PROTEIN
Phosphoserine phosphatase,CHEMBL6066362,SINGLE PROTEIN
"Complement component 1 Q subcomponent-binding protein, mitochondrial",CHEMBL6066363,SINGLE PROTEIN
Transgelin-2,CHEMBL6066364,SINGLE PROTEIN
Transmembrane protein 120A,CHEMBL6066365,SINGLE PROTEIN
GEL complex subunit OPTI,CHEMBL6066366,SINGLE PROTEIN
Telomere repeats-binding bouquet formation protein 1,CHEMBL6066367,SINGLE PROTEIN
POTE ankyrin domain family member E,CHEMBL6066368,SINGLE PROTEIN
Cytochrome c oxidase subunit 6C,CHEMBL6066369,SINGLE PROTEIN
Protein FAM222B,CHEMBL6066370,SINGLE PROTEIN
"FAST kinase domain-containing protein 5, mitochondrial",CHEMBL6066371,SINGLE PROTEIN
GH3 domain-containing protein,CHEMBL6066372,SINGLE PROTEIN
Metaxin-2,CHEMBL6066373,SINGLE PROTEIN
Wolframin,CHEMBL6066374,SINGLE PROTEIN
Zinc finger CCCH-type antiviral protein 1-like,CHEMBL6066375,SINGLE PROTEIN
Histone H1.4,CHEMBL6066376,SINGLE PROTEIN
Telomere length regulation protein TEL2 homolog,CHEMBL6066377,SINGLE PROTEIN
THO complex subunit 2,CHEMBL6066378,SINGLE PROTEIN
THUMP domain-containing protein 1,CHEMBL6066379,SINGLE PROTEIN
Kelch domain-containing protein 2,CHEMBL6066380,SINGLE PROTEIN
Cyclin-dependent kinases regulatory subunit 2,CHEMBL6066381,SINGLE PROTEIN
Ceroid-lipofuscinosis neuronal protein 6,CHEMBL6066382,SINGLE PROTEIN
Cytochrome c oxidase subunit 6B1,CHEMBL6066383,SINGLE PROTEIN
Spliceosome-associated protein CWC15 homolog,CHEMBL6066384,SINGLE PROTEIN
"Aspartate--tRNA ligase, cytoplasmic",CHEMBL6066385,SINGLE PROTEIN
"FAST kinase domain-containing protein 1, mitochondrial",CHEMBL6066386,SINGLE PROTEIN
SWI/SNF-related matrix-associated actin-dependent regulator of chromatin subfamily A member 5,CHEMBL6066387,SINGLE PROTEIN
Leucine-rich repeat-containing G-protein coupled receptor 5,CHEMBL6066388,SINGLE PROTEIN
"Propionyl-CoA carboxylase alpha chain, mitochondrial",CHEMBL6066389,SINGLE PROTEIN
Exosome complex component RRP46,CHEMBL6066390,SINGLE PROTEIN
Fumarylacetoacetase,CHEMBL6066391,SINGLE PROTEIN
Small ribosomal subunit protein mS35,CHEMBL6066392,SINGLE PROTEIN
H/ACA ribonucleoprotein complex subunit 3,CHEMBL6066393,SINGLE PROTEIN
Serine/threonine-protein phosphatase 4 regulatory subunit 3A,CHEMBL6066394,SINGLE PROTEIN
Haloacid dehalogenase-like hydrolase domain-containing 5,CHEMBL6066395,SINGLE PROTEIN
Protein RER1,CHEMBL6066396,SINGLE PROTEIN
Acyl-CoA-binding protein,CHEMBL6066397,SINGLE PROTEIN
Polypyrimidine tract-binding protein 3,CHEMBL6066398,SINGLE PROTEIN
Integral membrane protein GPR180,CHEMBL6066399,SINGLE PROTEIN
"DNA-directed RNA polymerases I, II, and III subunit RPABC3",CHEMBL6066400,SINGLE PROTEIN
Ribonucleases P/MRP protein subunit POP1,CHEMBL6066401,SINGLE PROTEIN
RNA-binding protein 14,CHEMBL6066402,SINGLE PROTEIN
Catenin delta-1,CHEMBL6066403,SINGLE PROTEIN
DAZ-associated protein 1,CHEMBL6066404,SINGLE PROTEIN
Exosome complex component 10,CHEMBL6066405,SINGLE PROTEIN
COP9 signalosome complex subunit 1,CHEMBL6066406,SINGLE PROTEIN
Hematopoietic lineage cell-specific protein,CHEMBL6066407,SINGLE PROTEIN
Lysophospholipid acyltransferase 7,CHEMBL6066408,SINGLE PROTEIN
Kelch-like protein 6,CHEMBL6066409,SINGLE PROTEIN
Sorting nexin-9,CHEMBL6066410,SINGLE PROTEIN
Adenosine 3'-phospho 5'-phosphosulfate transporter 1,CHEMBL6066411,SINGLE PROTEIN
TELO2-interacting protein 1 homolog,CHEMBL6066412,SINGLE PROTEIN
Leucine-rich repeat-containing G-protein coupled receptor 6,CHEMBL6066413,SINGLE PROTEIN
E3 ubiquitin-protein ligase UBR2,CHEMBL6066414,SINGLE PROTEIN
Glutathione S-transferase LANCL1,CHEMBL6066415,SINGLE PROTEIN
Lysophospholipid acyltransferase 5,CHEMBL6066416,SINGLE PROTEIN
1-acyl-sn-glycerol-3-phosphate acyltransferase epsilon,CHEMBL6066417,SINGLE PROTEIN
Zinc finger protein with KRAB and SCAN domains 2,CHEMBL6066418,SINGLE PROTEIN
SERPINE1 mRNA-binding protein 1,CHEMBL6066419,SINGLE PROTEIN
"SRA stem-loop-interacting RNA-binding protein, mitochondrial",CHEMBL6066420,SINGLE PROTEIN
Tumor protein D54,CHEMBL6066421,SINGLE PROTEIN
Alpha-taxilin,CHEMBL6066423,SINGLE PROTEIN
Programmed cell death protein 5,CHEMBL6066424,SINGLE PROTEIN
Calreticulin,CHEMBL6066425,SINGLE PROTEIN
ER membrane protein complex subunit 2,CHEMBL6066426,SINGLE PROTEIN
M-phase phosphoprotein 6,CHEMBL6066427,SINGLE PROTEIN
AP-3 complex subunit sigma-1,CHEMBL6066428,SINGLE PROTEIN
Vesicle-associated membrane protein-associated protein A,CHEMBL6066429,SINGLE PROTEIN
Zinc finger protein 3 homolog,CHEMBL6066430,SINGLE PROTEIN
Tektin-1,CHEMBL6066431,SINGLE PROTEIN
Secretory carrier-associated membrane protein 3,CHEMBL6066432,SINGLE PROTEIN
Serpin B6,CHEMBL6066433,SINGLE PROTEIN
Selenocysteine lyase,CHEMBL6066434,SINGLE PROTEIN
Solute carrier family 22 member 18,CHEMBL6066435,SINGLE PROTEIN
Microtubule cross-linking factor 3,CHEMBL6066436,SINGLE PROTEIN
CSC1-like protein 1,CHEMBL6066437,SINGLE PROTEIN
"Arf-GAP with Rho-GAP domain, ANK repeat and PH domain-containing protein 3",CHEMBL6066439,SINGLE PROTEIN
Small ribosomal subunit protein mS27,CHEMBL6066440,SINGLE PROTEIN
Protein unc-119 homolog A,CHEMBL6066441,SINGLE PROTEIN
Villin-1,CHEMBL6066442,SINGLE PROTEIN
Forkhead box protein K1,CHEMBL6066443,SINGLE PROTEIN
"HLA class I histocompatibility antigen, B alpha chain",CHEMBL6066444,SINGLE PROTEIN
Protein kinase C and casein kinase substrate in neurons protein 2,CHEMBL6066445,SINGLE PROTEIN
Choline transporter-like protein 1,CHEMBL6066446,SINGLE PROTEIN
Transaldolase,CHEMBL6066447,SINGLE PROTEIN
Nucleoporin NUP188,CHEMBL6066449,SINGLE PROTEIN
Testis-expressed protein 13A,CHEMBL6066450,SINGLE PROTEIN
Mitochondrial import inner membrane translocase subunit Tim9,CHEMBL6066451,SINGLE PROTEIN
Calcium-transporting ATPase type 2C member 1,CHEMBL6066452,SINGLE PROTEIN
Clathrin interactor 1,CHEMBL6066453,SINGLE PROTEIN
Radixin,CHEMBL6066454,SINGLE PROTEIN
Raftlin,CHEMBL6066455,SINGLE PROTEIN
Ras GTPase-activating protein-binding protein 2,CHEMBL6066456,SINGLE PROTEIN
"Cytochrome c oxidase subunit 5A, mitochondrial",CHEMBL6066457,SINGLE PROTEIN
Transcription initiation factor IIE subunit beta,CHEMBL6066458,SINGLE PROTEIN
Hemoglobin subunit gamma-1,CHEMBL6066459,SINGLE PROTEIN
"Isocitrate dehydrogenase [NAD] subunit beta, mitochondrial",CHEMBL6066460,SINGLE PROTEIN
Small ribosomal subunit protein mS22,CHEMBL6066461,SINGLE PROTEIN
Nestin,CHEMBL6066462,SINGLE PROTEIN
Squamous cell carcinoma antigen recognized by T-cells 3,CHEMBL6066463,SINGLE PROTEIN
"Keratin, type I cytoskeletal 18",CHEMBL6066464,SINGLE PROTEIN
Fatty acyl-CoA reductase 1,CHEMBL6066465,SINGLE PROTEIN
Mitochondrial fission 1 protein,CHEMBL6066466,SINGLE PROTEIN
Glutaredoxin-3,CHEMBL6066467,SINGLE PROTEIN
EKC/KEOPS complex subunit LAGE3,CHEMBL6066468,SINGLE PROTEIN
MMS19 nucleotide excision repair protein homolog,CHEMBL6066469,SINGLE PROTEIN
Large ribosomal subunit protein mL37,CHEMBL6066470,SINGLE PROTEIN
"NAD(P) transhydrogenase, mitochondrial",CHEMBL6066471,SINGLE PROTEIN
WD repeat-containing protein 1,CHEMBL6066472,SINGLE PROTEIN
BRO1 domain-containing protein BROX,CHEMBL6066473,SINGLE PROTEIN
Secretory carrier-associated membrane protein 2,CHEMBL6066474,SINGLE PROTEIN
SEC23-interacting protein,CHEMBL6066475,SINGLE PROTEIN
Metal cation symporter ZIP14,CHEMBL6066476,SINGLE PROTEIN
Hepatocyte nuclear factor 1-alpha,CHEMBL6066477,SINGLE PROTEIN
Putative methyltransferase C9orf114,CHEMBL6066478,SINGLE PROTEIN
Transmembrane 9 superfamily member 3,CHEMBL6066479,SINGLE PROTEIN
Glycerol-3-phosphate phosphatase,CHEMBL6066480,SINGLE PROTEIN
ATP-dependent RNA helicase DDX24,CHEMBL6066481,SINGLE PROTEIN
Protein FAM83B,CHEMBL6066482,SINGLE PROTEIN
Transport and Golgi organization protein 1 homolog,CHEMBL6066483,SINGLE PROTEIN
mRNA turnover protein 4 homolog,CHEMBL6066484,SINGLE PROTEIN
AP-2 complex subunit sigma,CHEMBL6066485,SINGLE PROTEIN
Actin-related protein 2/3 complex subunit 5-like protein,CHEMBL6066486,SINGLE PROTEIN
Regulator of nonsense transcripts 1,CHEMBL6066487,SINGLE PROTEIN
Vacuole membrane protein 1,CHEMBL6066488,SINGLE PROTEIN
Mitotic deacetylase-associated SANT domain protein,CHEMBL6066489,SINGLE PROTEIN
Parathymosin,CHEMBL6066490,SINGLE PROTEIN
Signal peptidase complex subunit 3,CHEMBL6066491,SINGLE PROTEIN
Synaptogyrin-2,CHEMBL6066492,SINGLE PROTEIN
EKC/KEOPS complex subunit TPRKB,CHEMBL6066493,SINGLE PROTEIN
Ribosome biogenesis protein BRX1 homolog,CHEMBL6066494,SINGLE PROTEIN
"Fumarate hydratase, mitochondrial",CHEMBL6066495,SINGLE PROTEIN
Copine-4,CHEMBL6066496,SINGLE PROTEIN
Mismatch repair endonuclease PMS2,CHEMBL6066497,SINGLE PROTEIN
Reticulocalbin-1,CHEMBL6066498,SINGLE PROTEIN
"Succinate--CoA ligase [ADP/GDP-forming] subunit alpha, mitochondrial",CHEMBL6066499,SINGLE PROTEIN
Tubulin-specific chaperone D,CHEMBL6066500,SINGLE PROTEIN
Heterogeneous nuclear ribonucleoprotein U-like protein 2,CHEMBL6066501,SINGLE PROTEIN
Carboxymethylenebutenolidase homolog,CHEMBL6066502,SINGLE PROTEIN
Importin-7,CHEMBL6066503,SINGLE PROTEIN
Leupaxin,CHEMBL6066504,SINGLE PROTEIN
Microtubule-associated protein RP/EB family member 2,CHEMBL6066505,SINGLE PROTEIN
Endoplasmic reticulum metallopeptidase 1,CHEMBL6066506,SINGLE PROTEIN
Rab GDP dissociation inhibitor beta,CHEMBL6066507,SINGLE PROTEIN
Translation initiation factor eIF2B subunit alpha,CHEMBL6066508,SINGLE PROTEIN
Leukocyte elastase inhibitor,CHEMBL6066509,SINGLE PROTEIN
Zinc transporter ZIP3,CHEMBL6066510,SINGLE PROTEIN
Sodium-dependent multivitamin transporter,CHEMBL6066511,SINGLE PROTEIN
Nucleolysin TIAR,CHEMBL6066512,SINGLE PROTEIN
Tubulin--tyrosine ligase-like protein 12,CHEMBL6066513,SINGLE PROTEIN
ORM1-like protein 3,CHEMBL6066515,SINGLE PROTEIN
Coiled-coil domain-containing protein 22,CHEMBL6066516,SINGLE PROTEIN
Macrosialin,CHEMBL6066517,SINGLE PROTEIN
Eukaryotic translation initiation factor 3 subunit B,CHEMBL6066518,SINGLE PROTEIN
Acidic fibroblast growth factor intracellular-binding protein,CHEMBL6066519,SINGLE PROTEIN
Voltage-gated potassium channel subunit beta-2,CHEMBL6066520,SINGLE PROTEIN
Glutathione synthetase,CHEMBL6066521,SINGLE PROTEIN
Kinectin,CHEMBL6066522,SINGLE PROTEIN
Ubiquitin-fold modifier 1,CHEMBL6066523,SINGLE PROTEIN
Vesicle transport protein USE1,CHEMBL6066524,SINGLE PROTEIN
Protein VAC14 homolog,CHEMBL6066525,SINGLE PROTEIN
Protein SGT1 homolog,CHEMBL6066526,SINGLE PROTEIN
2-hydroxyacyl-CoA lyase 2,CHEMBL6066527,SINGLE PROTEIN
Pleckstrin homology domain-containing family G member 3,CHEMBL6066528,SINGLE PROTEIN
NBAS subunit of NRZ tethering complex,CHEMBL6066529,SINGLE PROTEIN
Cytosolic acyl coenzyme A thioester hydrolase,CHEMBL6066532,SINGLE PROTEIN
Angiotensin-converting enzyme/Ribosomal RNA small subunit methyltransferase NEP1,CHEMBL6066541,PROTEIN COMPLEX
Catenin beta-1/Protein Wnt-3a,CHEMBL6066542,PROTEIN COMPLEX
Coagulation factor V/Coagulation factor X/Serine/threonine-protein kinase BRSK2,CHEMBL6066543,PROTEIN COMPLEX
Cytochrome P450 1A2/2C18/2C19,CHEMBL6066546,PROTEIN FAMILY
Dual specificity protein kinase CLK1/CLK2,CHEMBL6066547,PROTEIN FAMILY
"Glutamate receptor ionotropic, NMDA 1/2C/3B",CHEMBL6066548,PROTEIN COMPLEX
Histone acetyltransferase p300/Myocyte-specific enhancer factor 2D,CHEMBL6066549,PROTEIN COMPLEX
Histone-binding protein RBBP4/Histone-lysine N-methyltransferase EZH2/Polycomb protein EED/Polycomb protein SUZ12/Zinc finger protein AEBP2,CHEMBL6066550,PROTEIN COMPLEX
Histone-binding protein RBBP4/Polycomb protein EED/Polycomb protein SUZ12/Zinc finger protein AEBP2,CHEMBL6066551,PROTEIN COMPLEX
Mitogen-activated protein kinase 14/Mitogen-activated protein kinase 1,CHEMBL6066552,PROTEIN FAMILY
Mitogen-activated protein kinase 14/MAP kinase-activated protein kinase 5,CHEMBL6066553,PROTEIN FAMILY
Neprilysin/Angiotensin-converting enzyme,CHEMBL6066554,PROTEIN COMPLEX
Sentrin-specific protease 1/Small ubiquitin-related modifier 1,CHEMBL6066555,PROTEIN COMPLEX
Sentrin-specific protease 2/Small ubiquitin-related modifier 1,CHEMBL6066556,PROTEIN COMPLEX
Sentrin-specific protease 2/Small ubiquitin-related modifier 2,CHEMBL6066557,PROTEIN COMPLEX
Small ubiquitin-related modifier 1/2,CHEMBL6066558,PROTEIN FAMILY
Sodium/potassium-transporting ATPase subunit alpha-1/beta-1,CHEMBL6066559,PROTEIN COMPLEX
Sodium/potassium-transporting ATPase subunit alpha-2/beta-1,CHEMBL6066560,PROTEIN COMPLEX
Sodium/potassium-transporting ATPase subunit alpha-2/beta-2,CHEMBL6066561,PROTEIN COMPLEX
Sodium/potassium-transporting ATPase subunit alpha-2/beta-3,CHEMBL6066562,PROTEIN COMPLEX
Tyrosine-protein kinase BTK/Tyrosine-protein kinase Fyn,CHEMBL6066563,PROTEIN FAMILY
Tyrosine-protein kinase BTK/Tyrosine-protein kinase Lck,CHEMBL6066564,PROTEIN FAMILY
Tyrosine-protein kinase BTK/Tyrosine-protein kinase Lyn,CHEMBL6066565,PROTEIN FAMILY
Tyrosine-protein kinase Mer/Tyrosine-protein kinase receptor UFO,CHEMBL6066566,PROTEIN FAMILY
Voltage-dependent L-type calcium channel subunit alpha-1C/L-type calcium channel subunit beta-3/calcium channel subunit alpha-2/delta-1,CHEMBL6066567,PROTEIN COMPLEX
Integrin alpha-5/beta-8,CHEMBL6066568,PROTEIN COMPLEX
Integrin alpha-5/alpha-8,CHEMBL6066569,PROTEIN COMPLEX
Integrin alpha-5/beta-6,CHEMBL6066570,PROTEIN COMPLEX
Integrin alpha-5/beta-6/beta-8,CHEMBL6066571,PROTEIN COMPLEX
Baculoviral IAP repeat-containing protein 2/E3 ubiquitin-protein ligase XIAP,CHEMBL6066572,PROTEIN FAMILY
Baculoviral IAP repeat-containing protein 3/E3 ubiquitin-protein ligase XIAP,CHEMBL6066573,PROTEIN FAMILY
Baculoviral IAP repeat-containing protein 2/Baculoviral IAP repeat-containing protein 3/E3 ubiquitin-protein ligase XIAP,CHEMBL6066574,PROTEIN FAMILY
Programmed cell death 1 ligand 1/2,CHEMBL6066575,PROTEIN FAMILY
Induced myeloid leukemia cell differentiation protein Mcl-1/Phorbol-12-myristate-13-acetate-induced protein 1,CHEMBL6066576,PROTEIN COMPLEX
Histone acetyltransferase p300/Histone acetyltransferase type B catalytic subunit,CHEMBL6066577,PROTEIN COMPLEX
ATR-interacting protein/DNA topoisomerase 2-binding protein 1/Dual specificity protein kinase CLK2/Serine/threonine-protein kinase ATR,CHEMBL6066578,PROTEIN COMPLEX
Apoptosis regulator Bcl-2/Beclin-1,CHEMBL6066579,PROTEIN COMPLEX
AP-4 complex subunit sigma-1,CHEMBL6066580,SINGLE PROTEIN
Lipopolysaccharide-induced tumor necrosis factor-alpha factor,CHEMBL6066581,SINGLE PROTEIN
Histone deacetylase 4/Myocyte-specific enhancer factor 2D,CHEMBL6066585,PROTEIN COMPLEX
Integrin alpha-8/beta-1,CHEMBL6066586,PROTEIN COMPLEX
Histone-binding protein RBBP4/Histone-lysine N-methyltransferase EZH2/Polycomb protein EED/Polycomb protein SUZ12,CHEMBL6066587,PROTEIN COMPLEX
Prostate cancer organoid,CHEMBL6066602,3D CELL CULTURE
Pancreatic cancer organoid,CHEMBL6066603,3D CELL CULTURE
1205Lu,CHEMBL6066726,CELL-LINE
537-mel,CHEMBL6066727,CELL-LINE
888-mel,CHEMBL6066728,CELL-LINE
J.gamma1,CHEMBL6066729,CELL-LINE
GEO,CHEMBL6066730,CELL-LINE
HSC-6,CHEMBL6066732,CELL-LINE
HMC3,CHEMBL6066733,CELL-LINE
HCC2302,CHEMBL6066734,CELL-LINE
Eca-109/VCR,CHEMBL6066735,CELL-LINE
BT-12,CHEMBL6066736,CELL-LINE
CHLA-266,CHEMBL6066737,CELL-LINE
ECC-1,CHEMBL6066738,CELL-LINE
DiFi,CHEMBL6066739,CELL-LINE
HuH-1,CHEMBL6066740,CELL-LINE
HuH-6,CHEMBL6066741,CELL-LINE
UW228,CHEMBL6066747,CELL-LINE
USPC-ARK-1,CHEMBL6066748,CELL-LINE
SW-403,CHEMBL6066749,CELL-LINE
SPEC-2,CHEMBL6066750,CELL-LINE
Rh41,CHEMBL6066751,CELL-LINE
KKUM213,CHEMBL6066753,CELL-LINE
PC-9/ER,CHEMBL6066754,CELL-LINE
M24met,CHEMBL6066755,CELL-LINE
OPM-2/BTZ,CHEMBL6066756,CELL-LINE
Lenvatinib-resistant Hep3B/Len,CHEMBL6066757,CELL-LINE
Lenvatinib-resistant Huh7/Len,CHEMBL6066758,CELL-LINE
ANBL-6,CHEMBL6066759,CELL-LINE
BT-245,CHEMBL6066760,CELL-LINE
LN-229-Luc,CHEMBL6066761,CELL-LINE
CC-LP-1,CHEMBL6066762,CELL-LINE
G411,CHEMBL6066763,CELL-LINE
HCC1428,CHEMBL6066764,CELL-LINE
HCC827ER,CHEMBL6066765,CELL-LINE
HCT 116 TP53(-/-),CHEMBL6066766,CELL-LINE
HS-SY-2,CHEMBL6066767,CELL-LINE
J-Lat 6.3,CHEMBL6066768,CELL-LINE
KKU-M055,CHEMBL6066769,CELL-LINE
MGH121,CHEMBL6066770,CELL-LINE
Panc 04.03,CHEMBL6066771,CELL-LINE
Panc 02.03,CHEMBL6066772,CELL-LINE
SK-OV-3/CDDP,CHEMBL6066773,CELL-LINE
UT-SCC-74B,CHEMBL6066774,CELL-LINE
C8161,CHEMBL6066775,CELL-LINE
CCC-HPF-1,CHEMBL6066776,CELL-LINE
D458 Med,CHEMBL6066777,CELL-LINE
D425 Med,CHEMBL6066778,CELL-LINE
Gemcitabine-resistant PANC-1,CHEMBL6066779,CELL-LINE
HCC2429,CHEMBL6066780,CELL-LINE
NB-1691,CHEMBL6066781,CELL-LINE
NCI-H2228-Luc,CHEMBL6066782,CELL-LINE
RT112/84,CHEMBL6066783,CELL-LINE
Lenvatinib-resistant HCC/Len,CHEMBL6066785,CELL-LINE
PC3MM2,CHEMBL6066786,CELL-LINE
Bortezomib-resistant ANBL6,CHEMBL6066788,CELL-LINE
Trastuzumab-resistant JIMT-1,CHEMBL6066790,CELL-LINE
Doxorubicin-resistant NCI-H460/R,CHEMBL6066791,CELL-LINE
Olaparib-resistant MDA-MB-436,CHEMBL6066792,CELL-LINE
Olaparib-resistant HCT116,CHEMBL6066793,CELL-LINE
Olaparib-resistant CAPAN-1,CHEMBL6066794,CELL-LINE
Olaparib-resistant PEO1,CHEMBL6066795,CELL-LINE
Podocyte,CHEMBL6066796,CELL-LINE
Osimertinib-resistant NCI-H1975 cell,CHEMBL6066797,CELL-LINE
Medulloblastoma cell,CHEMBL6066798,CELL-LINE
CREB-binding protein/Histone acetyltransferase p300/Cellular tumor antigen p53,CHEMBL6066834,PROTEIN-PROTEIN INTERACTION
Microtubule-associated protein 1 light chain 3 beta/Epidermal growth factor receptor,CHEMBL6066839,PROTEIN-PROTEIN INTERACTION
Glucose-induced degradation protein 4 homolog/EML4-ALK,CHEMBL6066842,PROTEIN-PROTEIN INTERACTION
E3 ubiquitin-protein ligase RNF126/Stimulator of interferon genes protein,CHEMBL6066843,PROTEIN-PROTEIN INTERACTION
Glucose-induced degradation protein 4 homolog/Epidermal growth factor receptor,CHEMBL6066845,PROTEIN-PROTEIN INTERACTION
Protein cereblon/Tubulin beta,CHEMBL6066847,PROTEIN-PROTEIN INTERACTION
Small ribosomal subunit protein uS14,CHEMBL6066849,SINGLE PROTEIN
Small ribosomal subunit protein uS15,CHEMBL6066850,SINGLE PROTEIN
"Small ribosomal subunit protein eS4, X isoform",CHEMBL6066851,SINGLE PROTEIN
"Actin, alpha cardiac muscle 1",CHEMBL6066852,SINGLE PROTEIN
Nuclear cap-binding protein subunit 1,CHEMBL6066853,SINGLE PROTEIN
E3 ubiquitin-protein ligase SHPRH,CHEMBL6066854,SINGLE PROTEIN
Histone-lysine N-methyltransferase Suv4-20,CHEMBL6066855,PROTEIN FAMILY
ALK1/2,CHEMBL6066857,PROTEIN FAMILY
Microtubule-associated protein 1 light chain 3 gamma/Sequestosome-1,CHEMBL6066859,PROTEIN-PROTEIN INTERACTION
Microtubule-associated protein 1 light chain 3 beta/Sequestosome-1,CHEMBL6066860,PROTEIN-PROTEIN INTERACTION
Microtubule-associated protein 1 light chain 3 alpha/Sequestosome-1,CHEMBL6066861,PROTEIN-PROTEIN INTERACTION
ZYG11B/ZER1/EML4-ALK,CHEMBL6066862,PROTEIN-PROTEIN INTERACTION
Alpha amylase,CHEMBL6066863,PROTEIN FAMILY
Alpha-soluble NSF attachment protein,CHEMBL6066865,SINGLE PROTEIN
UV excision repair protein RAD23 homolog B,CHEMBL6066866,SINGLE PROTEIN
Methylosome subunit pICln,CHEMBL6066867,SINGLE PROTEIN
Protein transport protein Sec24C,CHEMBL6066868,SINGLE PROTEIN
Holocytochrome c-type synthase,CHEMBL6066869,SINGLE PROTEIN
Coatomer subunit alpha,CHEMBL6066870,SINGLE PROTEIN
Arfaptin-2,CHEMBL6066871,SINGLE PROTEIN
Rho GDP-dissociation inhibitor 2,CHEMBL6066872,SINGLE PROTEIN
Nuclear cap-binding protein subunit 2,CHEMBL6066873,SINGLE PROTEIN
Heterogeneous nuclear ribonucleoprotein A3,CHEMBL6066874,SINGLE PROTEIN
Aldo-keto reductase family 1 member D1,CHEMBL6066875,SINGLE PROTEIN
Ras-related protein Rab-5C,CHEMBL6066876,SINGLE PROTEIN
Large ribosomal subunit protein eL14,CHEMBL6066877,SINGLE PROTEIN
Ras association domain-containing protein 2,CHEMBL6066878,SINGLE PROTEIN
Kinetochore-associated protein 1,CHEMBL6066879,SINGLE PROTEIN
Emerin,CHEMBL6066880,SINGLE PROTEIN
"NADH dehydrogenase [ubiquinone] flavoprotein 1, mitochondrial",CHEMBL6066881,SINGLE PROTEIN
E3 SUMO-protein ligase RanBP2,CHEMBL6066882,SINGLE PROTEIN
Alpha-aminoadipic semialdehyde dehydrogenase,CHEMBL6066883,SINGLE PROTEIN
Protein ERGIC-53,CHEMBL6066884,SINGLE PROTEIN
Large ribosomal subunit protein eL34,CHEMBL6066885,SINGLE PROTEIN
Protein PRRC2A,CHEMBL6066886,SINGLE PROTEIN
Coatomer subunit delta,CHEMBL6066887,SINGLE PROTEIN
LIM and senescent cell antigen-like-containing domain protein 1,CHEMBL6066888,SINGLE PROTEIN
F-actin-capping protein subunit alpha-2,CHEMBL6066889,SINGLE PROTEIN
Glucosamine-6-phosphate deaminase 1,CHEMBL6066890,SINGLE PROTEIN
Small ribosomal subunit protein eS10,CHEMBL6066891,SINGLE PROTEIN
Small ribosomal subunit protein uS7,CHEMBL6066892,SINGLE PROTEIN
Small ribosomal subunit protein uS4,CHEMBL6066893,SINGLE PROTEIN
Large ribosomal subunit protein eL28,CHEMBL6066894,SINGLE PROTEIN
Large ribosomal subunit protein eL21,CHEMBL6066895,SINGLE PROTEIN
Large ribosomal subunit protein uL18,CHEMBL6066896,SINGLE PROTEIN
Large ribosomal subunit protein uL15,CHEMBL6066897,SINGLE PROTEIN
Large proline-rich protein BAG6,CHEMBL6066898,SINGLE PROTEIN
28S rRNA (cytosine(4447)-C(5))-methyltransferase,CHEMBL6066899,SINGLE PROTEIN
Large ribosomal subunit protein uL29,CHEMBL6066900,SINGLE PROTEIN
Probable helicase with zinc finger domain,CHEMBL6066901,SINGLE PROTEIN
"Lamina-associated polypeptide 2, isoforms beta/gamma",CHEMBL6066902,SINGLE PROTEIN
"Enoyl-CoA delta isomerase 1, mitochondrial",CHEMBL6066903,SINGLE PROTEIN
Peripherin,CHEMBL6066904,SINGLE PROTEIN
Large ribosomal subunit protein uL13,CHEMBL6066905,SINGLE PROTEIN
Macrophage-capping protein,CHEMBL6066906,SINGLE PROTEIN
Large ribosomal subunit protein uL3,CHEMBL6066907,SINGLE PROTEIN
Small ribosomal subunit protein eS19,CHEMBL6066908,SINGLE PROTEIN
"Dihydrolipoyllysine-residue succinyltransferase component of 2-oxoglutarate dehydrogenase complex, mitochondrial",CHEMBL6066909,SINGLE PROTEIN
Large ribosomal subunit protein uL4,CHEMBL6066910,SINGLE PROTEIN
V-type proton ATPase subunit E 1,CHEMBL6066911,SINGLE PROTEIN
Coatomer subunit beta',CHEMBL6066912,SINGLE PROTEIN
Large ribosomal subunit protein eL22,CHEMBL6066913,SINGLE PROTEIN
Syndecan-2,CHEMBL6066914,SINGLE PROTEIN
ER lumen protein-retaining receptor 2,CHEMBL6066915,SINGLE PROTEIN
Large ribosomal subunit protein uL6,CHEMBL6066916,SINGLE PROTEIN
Heterogeneous nuclear ribonucleoprotein H3,CHEMBL6066917,SINGLE PROTEIN
"Cytochrome b-c1 complex subunit 1, mitochondrial",CHEMBL6066918,SINGLE PROTEIN
Cytotoxic granule associated RNA binding protein TIA1,CHEMBL6066919,SINGLE PROTEIN
Rab GDP dissociation inhibitor alpha,CHEMBL6066920,SINGLE PROTEIN
High affinity cationic amino acid transporter 1,CHEMBL6066921,SINGLE PROTEIN
Sorcin,CHEMBL6066922,SINGLE PROTEIN
Large ribosomal subunit protein uL11,CHEMBL6066923,SINGLE PROTEIN
SWI/SNF-related matrix-associated actin-dependent regulator of chromatin subfamily A member 1,CHEMBL6066924,SINGLE PROTEIN
"NADH-ubiquinone oxidoreductase 75 kDa subunit, mitochondrial",CHEMBL6066925,SINGLE PROTEIN
ATP-binding cassette sub-family D member 3,CHEMBL6066926,SINGLE PROTEIN
Proteasome subunit alpha type-5,CHEMBL6066927,SINGLE PROTEIN
Large ribosomal subunit protein uL16,CHEMBL6066928,SINGLE PROTEIN
V-type proton ATPase 16 kDa proteolipid subunit c,CHEMBL6066929,SINGLE PROTEIN
Stomatin,CHEMBL6066930,SINGLE PROTEIN
Large ribosomal subunit protein eL13,CHEMBL6066931,SINGLE PROTEIN
Protein S100-P,CHEMBL6066932,SINGLE PROTEIN
Proteasome subunit alpha type-4,CHEMBL6066933,SINGLE PROTEIN
Proteasome subunit alpha type-3,CHEMBL6066934,SINGLE PROTEIN
Proteasome subunit alpha type-2,CHEMBL6066935,SINGLE PROTEIN
Small ribosomal subunit protein eS12,CHEMBL6066936,SINGLE PROTEIN
3-mercaptopyruvate sulfurtransferase,CHEMBL6066937,SINGLE PROTEIN
"ATP synthase peripheral stalk subunit b, mitochondrial",CHEMBL6066938,SINGLE PROTEIN
Small ribosomal subunit protein uS3,CHEMBL6066939,SINGLE PROTEIN
Transcription elongation factor A protein 1,CHEMBL6066940,SINGLE PROTEIN
"Cytochrome b-c1 complex subunit 2, mitochondrial",CHEMBL6066941,SINGLE PROTEIN
rRNA 2'-O-methyltransferase fibrillarin,CHEMBL6066942,SINGLE PROTEIN
Transcription factor BTF3,CHEMBL6066943,SINGLE PROTEIN
Annexin A7,CHEMBL6066944,SINGLE PROTEIN
Eukaryotic translation initiation factor 2 subunit 2,CHEMBL6066945,SINGLE PROTEIN
"NADH dehydrogenase [ubiquinone] flavoprotein 2, mitochondrial",CHEMBL6066946,SINGLE PROTEIN
Large ribosomal subunit protein uL22,CHEMBL6066947,SINGLE PROTEIN
Large ribosomal subunit protein uL30,CHEMBL6066948,SINGLE PROTEIN
ADP-ribosylation factor 4,CHEMBL6066949,SINGLE PROTEIN
Large ribosomal subunit protein eL33,CHEMBL6066950,SINGLE PROTEIN
Neuromodulin,CHEMBL6066951,SINGLE PROTEIN
Histone H1.5,CHEMBL6066952,SINGLE PROTEIN
Desmoplakin,CHEMBL6066953,SINGLE PROTEIN
Small ribosomal subunit protein uS5,CHEMBL6066954,SINGLE PROTEIN
"Electron transfer flavoprotein subunit alpha, mitochondrial",CHEMBL6066955,SINGLE PROTEIN
Translationally-controlled tumor protein,CHEMBL6066956,SINGLE PROTEIN
X-ray repair cross-complementing protein 5,CHEMBL6066957,SINGLE PROTEIN
X-ray repair cross-complementing protein 6,CHEMBL6066958,SINGLE PROTEIN
Myosin light chain 4,CHEMBL6066959,SINGLE PROTEIN
Alpha-actinin-1,CHEMBL6066960,SINGLE PROTEIN
"Creatine kinase U-type, mitochondrial",CHEMBL6066961,SINGLE PROTEIN
Annexin A3,CHEMBL6066962,SINGLE PROTEIN
"Cytochrome c oxidase subunit 6A1, mitochondrial",CHEMBL6066963,SINGLE PROTEIN
Lysosome-associated membrane glycoprotein 1,CHEMBL6066964,SINGLE PROTEIN
Protein 4.1,CHEMBL6066965,SINGLE PROTEIN
"Cytochrome c oxidase subunit 5B, mitochondrial",CHEMBL6066966,SINGLE PROTEIN
"HLA class I histocompatibility antigen, C alpha chain",CHEMBL6066967,SINGLE PROTEIN
RNA-binding protein RO60,CHEMBL6066968,SINGLE PROTEIN
"Dihydrolipoyl dehydrogenase, mitochondrial",CHEMBL6066969,SINGLE PROTEIN
Annexin A4,CHEMBL6066970,SINGLE PROTEIN
Annexin A5,CHEMBL6066971,SINGLE PROTEIN
Small ribosomal subunit protein eS17,CHEMBL6066972,SINGLE PROTEIN
Amino acid transporter heavy chain SLC3A2,CHEMBL6066973,SINGLE PROTEIN
Annexin A6,CHEMBL6066974,SINGLE PROTEIN
Profilin-1,CHEMBL6066975,SINGLE PROTEIN
Neurofilament medium polypeptide,CHEMBL6066976,SINGLE PROTEIN
Protein S100-A6,CHEMBL6066977,SINGLE PROTEIN
Large ribosomal subunit protein P1,CHEMBL6066978,SINGLE PROTEIN
Cystatin-B,CHEMBL6066979,SINGLE PROTEIN
ATP synthase F(0) complex subunit 8,CHEMBL6066980,SINGLE PROTEIN
Hemoglobin subunit zeta,CHEMBL6066981,SINGLE PROTEIN
ATP synthase F(0) complex subunit a,CHEMBL6066982,SINGLE PROTEIN
Cytochrome c oxidase subunit 3,CHEMBL6066983,SINGLE PROTEIN
Putative lipid scramblase CLPTM1,CHEMBL6066984,SINGLE PROTEIN
NADH dehydrogenase [ubiquinone] 1 beta subcomplex subunit 10,CHEMBL6066985,SINGLE PROTEIN
"3'(2'),5'-bisphosphate nucleotidase 1",CHEMBL6066986,SINGLE PROTEIN
Double-stranded RNA-binding protein Staufen homolog 1,CHEMBL6066987,SINGLE PROTEIN
Synaptosomal-associated protein 29,CHEMBL6066988,SINGLE PROTEIN
CUGBP Elav-like family member 2,CHEMBL6066989,SINGLE PROTEIN
Vesicle-associated membrane protein-associated protein B/C,CHEMBL6066990,SINGLE PROTEIN
Mitochondrial proton/calcium exchanger protein,CHEMBL6066991,SINGLE PROTEIN
Reticulon-3,CHEMBL6066992,SINGLE PROTEIN
"NADH dehydrogenase [ubiquinone] 1 beta subcomplex subunit 8, mitochondrial",CHEMBL6066993,SINGLE PROTEIN
AP-2 complex subunit alpha-2,CHEMBL6066994,SINGLE PROTEIN
Endonuclease domain-containing 1 protein,CHEMBL6066995,SINGLE PROTEIN
E3 UFM1-protein ligase 1,CHEMBL6066996,SINGLE PROTEIN
E3 ubiquitin-protein ligase listerin,CHEMBL6066997,SINGLE PROTEIN
"ATP synthase F(0) complex subunit g, mitochondrial",CHEMBL6066998,SINGLE PROTEIN
"ATP synthase peripheral stalk subunit d, mitochondrial",CHEMBL6066999,SINGLE PROTEIN
Dynactin subunit 3,CHEMBL6067000,SINGLE PROTEIN
Pre-mRNA-splicing factor SPF27,CHEMBL6067001,SINGLE PROTEIN
Eukaryotic translation initiation factor 3 subunit J,CHEMBL6067002,SINGLE PROTEIN
Eukaryotic translation initiation factor 3 subunit G,CHEMBL6067003,SINGLE PROTEIN
TIP41-like protein,CHEMBL6067004,SINGLE PROTEIN
"GTPase Era, mitochondrial",CHEMBL6067005,SINGLE PROTEIN
E3 ubiquitin-protein ligase MYCBP2,CHEMBL6067006,SINGLE PROTEIN
Cold shock domain-containing protein E1,CHEMBL6067007,SINGLE PROTEIN
"NADH dehydrogenase [ubiquinone] iron-sulfur protein 3, mitochondrial",CHEMBL6067008,SINGLE PROTEIN
Erlin-1,CHEMBL6067009,SINGLE PROTEIN
Mitochondrial-processing peptidase subunit beta,CHEMBL6067010,SINGLE PROTEIN
Vacuolar protein sorting-associated protein 26A,CHEMBL6067011,SINGLE PROTEIN
"NADH dehydrogenase [ubiquinone] iron-sulfur protein 6, mitochondrial",CHEMBL6067012,SINGLE PROTEIN
Mannose-P-dolichol utilization defect 1 protein,CHEMBL6067013,SINGLE PROTEIN
V-type proton ATPase subunit G 1,CHEMBL6067014,SINGLE PROTEIN
"NADH dehydrogenase [ubiquinone] iron-sulfur protein 7, mitochondrial",CHEMBL6067015,SINGLE PROTEIN
Gamma-glutamylcyclotransferase,CHEMBL6067016,SINGLE PROTEIN
DnaJ homolog subfamily C member 13,CHEMBL6067017,SINGLE PROTEIN
Zinc finger CCCH domain-containing protein 11A,CHEMBL6067018,SINGLE PROTEIN
Autophagy-related protein 13,CHEMBL6067019,SINGLE PROTEIN
"Iron-sulfur clusters transporter ABCB7, mitochondrial",CHEMBL6067020,SINGLE PROTEIN
Prefoldin subunit 1,CHEMBL6067021,SINGLE PROTEIN
Protein CutA,CHEMBL6067022,SINGLE PROTEIN
Sorting nexin-2,CHEMBL6067023,SINGLE PROTEIN
UDP-glucose 6-dehydrogenase,CHEMBL6067024,SINGLE PROTEIN
Exocyst complex component 3,CHEMBL6067025,SINGLE PROTEIN
Glia maturation factor gamma,CHEMBL6067026,SINGLE PROTEIN
Calumenin,CHEMBL6067027,SINGLE PROTEIN
Cilia- and flagella-associated protein 410,CHEMBL6067028,SINGLE PROTEIN
"Protein SCO2 homolog, mitochondrial",CHEMBL6067029,SINGLE PROTEIN
Peroxisomal membrane protein PMP34,CHEMBL6067030,SINGLE PROTEIN
Unconventional myosin-Ib,CHEMBL6067031,SINGLE PROTEIN
"Asparagine--tRNA ligase, cytoplasmic",CHEMBL6067032,SINGLE PROTEIN
AP-1 complex subunit gamma-1,CHEMBL6067033,SINGLE PROTEIN
Neuronal migration protein doublecortin,CHEMBL6067034,SINGLE PROTEIN
Trans-Golgi network integral membrane protein 2,CHEMBL6067035,SINGLE PROTEIN
Band 4.1-like protein 2,CHEMBL6067036,SINGLE PROTEIN
Aflatoxin B1 aldehyde reductase member 2,CHEMBL6067037,SINGLE PROTEIN
Peptidyl-prolyl cis-trans isomerase H,CHEMBL6067038,SINGLE PROTEIN
Heterogeneous nuclear ribonucleoprotein R,CHEMBL6067039,SINGLE PROTEIN
Centromere/kinetochore protein zw10 homolog,CHEMBL6067040,SINGLE PROTEIN
GPI-anchor transamidase component GPAA1,CHEMBL6067041,SINGLE PROTEIN
Bifunctional 3'-phosphoadenosine 5'-phosphosulfate synthase 1,CHEMBL6067042,SINGLE PROTEIN
DNA-directed RNA polymerase I subunit RPA34,CHEMBL6067043,SINGLE PROTEIN
Importin-8,CHEMBL6067044,SINGLE PROTEIN
Eukaryotic translation initiation factor 3 subunit H,CHEMBL6067045,SINGLE PROTEIN
High mobility group protein B3,CHEMBL6067046,SINGLE PROTEIN
Neurosecretory protein VGF,CHEMBL6067047,SINGLE PROTEIN
Prefoldin subunit 6,CHEMBL6067048,SINGLE PROTEIN
Actin-related protein 2/3 complex subunit 3,CHEMBL6067049,SINGLE PROTEIN
Heterogeneous nuclear ribonucleoprotein D-like,CHEMBL6067050,SINGLE PROTEIN
Proteasome subunit alpha type-7,CHEMBL6067051,SINGLE PROTEIN
Tripeptidyl-peptidase 1,CHEMBL6067052,SINGLE PROTEIN
CDP-diacylglycerol--inositol 3-phosphatidyltransferase,CHEMBL6067053,SINGLE PROTEIN
Etoposide-induced protein 2.4 homolog,CHEMBL6067054,SINGLE PROTEIN
AP-3 complex subunit delta-1,CHEMBL6067055,SINGLE PROTEIN
Coatomer subunit epsilon,CHEMBL6067056,SINGLE PROTEIN
"Acyl carrier protein, mitochondrial",CHEMBL6067057,SINGLE PROTEIN
Importin subunit alpha-3,CHEMBL6067058,SINGLE PROTEIN
Golgi integral membrane protein 4,CHEMBL6067059,SINGLE PROTEIN
"Pyruvate dehydrogenase protein X component, mitochondrial",CHEMBL6067060,SINGLE PROTEIN
Unconventional myosin-If,CHEMBL6067061,SINGLE PROTEIN
Chloride intracellular channel protein 1,CHEMBL6067062,SINGLE PROTEIN
"2,4-dienoyl-CoA reductase [(3E)-enoyl-CoA-producing], mitochondrial",CHEMBL6067063,SINGLE PROTEIN
Drebrin,CHEMBL6067064,SINGLE PROTEIN
Cleavage and polyadenylation specificity factor subunit 6,CHEMBL6067065,SINGLE PROTEIN
Synaptophysin-like protein 1,CHEMBL6067066,SINGLE PROTEIN
26S proteasome non-ATPase regulatory subunit 5,CHEMBL6067067,SINGLE PROTEIN
Septin-7,CHEMBL6067068,SINGLE PROTEIN
Methylsterol monooxygenase 1,CHEMBL6067069,SINGLE PROTEIN
Atlastin-3,CHEMBL6067070,SINGLE PROTEIN
Nuclear pore complex protein Nup50,CHEMBL6067071,SINGLE PROTEIN
Nuclear RNA export factor 1,CHEMBL6067072,SINGLE PROTEIN
Proliferation-associated protein 2G4,CHEMBL6067073,SINGLE PROTEIN
BRI3-binding protein,CHEMBL6067074,SINGLE PROTEIN
Oxysterol-binding protein-related protein 8,CHEMBL6067075,SINGLE PROTEIN
Mitochondrial inner membrane protein OXA1L,CHEMBL6067076,SINGLE PROTEIN
Lipid droplet-regulating VLDL assembly factor AUP1,CHEMBL6067077,SINGLE PROTEIN
Bcl-2-like protein 13,CHEMBL6067078,SINGLE PROTEIN
Bone marrow stromal antigen 2,CHEMBL6067079,SINGLE PROTEIN
Olfactory receptor 10J3,CHEMBL6067080,SINGLE PROTEIN
Ataxin-2-like protein,CHEMBL6067081,SINGLE PROTEIN
"ATP synthase F(0) complex subunit f, mitochondrial",CHEMBL6067082,SINGLE PROTEIN
Oligosaccharyltransferase complex subunit OSTC,CHEMBL6067083,SINGLE PROTEIN
Phosphoprotein associated with glycosphingolipid-enriched microdomains 1,CHEMBL6067084,SINGLE PROTEIN
Nuclear transport factor 2,CHEMBL6067085,SINGLE PROTEIN
V-type proton ATPase subunit H,CHEMBL6067086,SINGLE PROTEIN
BRCA2 and CDKN1A-interacting protein,CHEMBL6067087,SINGLE PROTEIN
tRNA N6-adenosine threonylcarbamoyltransferase,CHEMBL6067088,SINGLE PROTEIN
"ATP synthase F(0) complex subunit e, mitochondrial",CHEMBL6067089,SINGLE PROTEIN
CDK5 and ABL1 enzyme substrate 1,CHEMBL6067090,SINGLE PROTEIN
COP9 signalosome complex subunit 6,CHEMBL6067091,SINGLE PROTEIN
Coronin-1C,CHEMBL6067092,SINGLE PROTEIN
Ras-related protein Rab-39A,CHEMBL6067093,SINGLE PROTEIN
Ras-related protein Rab-8A,CHEMBL6067094,SINGLE PROTEIN
Proteasome activator complex subunit 4,CHEMBL6067095,SINGLE PROTEIN
Endoplasmic reticulum resident protein 44,CHEMBL6067096,SINGLE PROTEIN
Protein Niban 2,CHEMBL6067097,SINGLE PROTEIN
Protein FAM83A,CHEMBL6067098,SINGLE PROTEIN
Golgin subfamily A member 3,CHEMBL6067099,SINGLE PROTEIN
Dolichyl-diphosphooligosaccharide--protein glycosyltransferase subunit KCP2,CHEMBL6067100,SINGLE PROTEIN
Galectin-3-binding protein,CHEMBL6067101,SINGLE PROTEIN
E3 ubiquitin-protein ligase makorin-3,CHEMBL6067102,SINGLE PROTEIN
Dolichyl-diphosphooligosaccharide--protein glycosyltransferase subunit MAGT1,CHEMBL6067103,SINGLE PROTEIN
Small ribosomal subunit protein uS9m,CHEMBL6067104,SINGLE PROTEIN
N-acetylneuraminate-9-phosphate synthase,CHEMBL6067105,SINGLE PROTEIN
"Dolichyl pyrophosphate Glc1Man9GlcNAc2 alpha-1,3-glucosyltransferase",CHEMBL6067106,SINGLE PROTEIN
Omega-amidase NIT2,CHEMBL6067107,SINGLE PROTEIN
U3 small nucleolar RNA-associated protein 18 homolog,CHEMBL6067108,SINGLE PROTEIN
Nucleolar MIF4G domain-containing protein 1,CHEMBL6067109,SINGLE PROTEIN
Prospero homeobox protein 1,CHEMBL6067110,SINGLE PROTEIN
Putative uncharacterized protein ZNF436-AS1,CHEMBL6067111,SINGLE PROTEIN
28 kDa heat- and acid-stable phosphoprotein,CHEMBL6067112,SINGLE PROTEIN
RRP15-like protein,CHEMBL6067113,SINGLE PROTEIN
Ribosomal RNA processing protein 1 homolog B,CHEMBL6067114,SINGLE PROTEIN
SAP domain-containing ribonucleoprotein,CHEMBL6067115,SINGLE PROTEIN
Translocation protein SEC63 homolog,CHEMBL6067116,SINGLE PROTEIN
Equilibrative nucleobase transporter 1,CHEMBL6067117,SINGLE PROTEIN
Sodium-coupled neutral amino acid transporter 7,CHEMBL6067118,SINGLE PROTEIN
Vacuolar ATPase assembly integral membrane protein VMA21,CHEMBL6067119,SINGLE PROTEIN
Conserved oligomeric Golgi complex subunit 2,CHEMBL6067120,SINGLE PROTEIN
Nucleolar protein 58,CHEMBL6067121,SINGLE PROTEIN
TATA-binding protein-associated factor 2N,CHEMBL6067122,SINGLE PROTEIN
Transcription factor 12,CHEMBL6067123,SINGLE PROTEIN
Talin-1,CHEMBL6067124,SINGLE PROTEIN
Syntaxin-18,CHEMBL6067125,SINGLE PROTEIN
Tripartite motif-containing protein 59,CHEMBL6067126,SINGLE PROTEIN
Transmembrane protein 126A,CHEMBL6067127,SINGLE PROTEIN
Thymosin beta-4,CHEMBL6067128,SINGLE PROTEIN
Transportin-3,CHEMBL6067129,SINGLE PROTEIN
tRNA (guanine(26)-N(2))-dimethyltransferase,CHEMBL6067130,SINGLE PROTEIN
TELO2-interacting protein 2,CHEMBL6067131,SINGLE PROTEIN
Gamma-tubulin complex component 4,CHEMBL6067132,SINGLE PROTEIN
Ubiquitin-protein ligase E3A,CHEMBL6067133,SINGLE PROTEIN
UBX domain-containing protein 1,CHEMBL6067134,SINGLE PROTEIN
Protein disulfide-isomerase A5,CHEMBL6067135,SINGLE PROTEIN
Adenylyl cyclase-associated protein 1,CHEMBL6067136,SINGLE PROTEIN
PAT complex subunit CCDC47,CHEMBL6067137,SINGLE PROTEIN
Cyclin-I,CHEMBL6067138,SINGLE PROTEIN
PDZ and LIM domain protein 5,CHEMBL6067139,SINGLE PROTEIN
Sister chromatid cohesion protein PDS5 homolog B,CHEMBL6067140,SINGLE PROTEIN
Calcineurin B homologous protein 1,CHEMBL6067141,SINGLE PROTEIN
Contactin-1,CHEMBL6067142,SINGLE PROTEIN
Heme A synthase COX15,CHEMBL6067143,SINGLE PROTEIN
Ribonucleoprotein PTB-binding 1,CHEMBL6067144,SINGLE PROTEIN
Dihydropyrimidinase-related protein 3,CHEMBL6067145,SINGLE PROTEIN
Protein FAM162A,CHEMBL6067146,SINGLE PROTEIN
HEAT repeat-containing protein 6,CHEMBL6067147,SINGLE PROTEIN
"HIG1 domain family member 1A, mitochondrial",CHEMBL6067148,SINGLE PROTEIN
Insulin-like growth factor 2 mRNA-binding protein 3,CHEMBL6067149,SINGLE PROTEIN
Importin-9,CHEMBL6067150,SINGLE PROTEIN
La-related protein 1,CHEMBL6067151,SINGLE PROTEIN
"Microtubule-actin cross-linking factor 1, isoforms 1/2/3/4/5",CHEMBL6067152,SINGLE PROTEIN
Malectin,CHEMBL6067153,SINGLE PROTEIN
Metaxin-1,CHEMBL6067154,SINGLE PROTEIN
Nck-associated protein 1,CHEMBL6067155,SINGLE PROTEIN
AP-2 complex subunit mu,CHEMBL6067156,SINGLE PROTEIN
Vacuolar protein sorting-associated protein 26B,CHEMBL6067157,SINGLE PROTEIN
Zinc finger protein 277,CHEMBL6067158,SINGLE PROTEIN
Actin-binding protein WASF2,CHEMBL6067159,SINGLE PROTEIN
ATP-binding cassette sub-family F member 2,CHEMBL6067160,SINGLE PROTEIN
"Complex I assembly factor ACAD9, mitochondrial",CHEMBL6067161,SINGLE PROTEIN
Membrane-bound glycerophospholipid O-acyltransferase 1,CHEMBL6067162,SINGLE PROTEIN
ER membrane protein complex subunit 1,CHEMBL6067163,SINGLE PROTEIN
Large ribosomal subunit protein bL21m,CHEMBL6067164,SINGLE PROTEIN
Origin recognition complex subunit 3,CHEMBL6067165,SINGLE PROTEIN
SPATS2-like protein,CHEMBL6067166,SINGLE PROTEIN
Small nuclear ribonucleoprotein F,CHEMBL6067167,SINGLE PROTEIN
Transducin beta-like protein 3,CHEMBL6067168,SINGLE PROTEIN
"Dimethyladenosine transferase 2, mitochondrial",CHEMBL6067169,SINGLE PROTEIN
Macoilin,CHEMBL6067170,SINGLE PROTEIN
Ribosome biogenesis protein WDR12,CHEMBL6067171,SINGLE PROTEIN
Ribosome-binding protein 1,CHEMBL6067172,SINGLE PROTEIN
RNA-binding protein 15,CHEMBL6067173,SINGLE PROTEIN
Translocon-associated protein subunit gamma,CHEMBL6067174,SINGLE PROTEIN
Protein transport protein Sec61 subunit beta,CHEMBL6067175,SINGLE PROTEIN
"Stomatin-like protein 2, mitochondrial",CHEMBL6067176,SINGLE PROTEIN
SUN domain-containing protein 2,CHEMBL6067177,SINGLE PROTEIN
Syntaxin-binding protein 1,CHEMBL6067178,SINGLE PROTEIN
Brefeldin A-inhibited guanine nucleotide-exchange protein 1,CHEMBL6067179,SINGLE PROTEIN
E3 ubiquitin-protein ligase synoviolin,CHEMBL6067180,SINGLE PROTEIN
"Transcription factor A, mitochondrial",CHEMBL6067181,SINGLE PROTEIN
Ubiquitin conjugation factor E4 A,CHEMBL6067182,SINGLE PROTEIN
Transmembrane 9 superfamily member 4,CHEMBL6067183,SINGLE PROTEIN
Transmembrane protein 164,CHEMBL6067184,SINGLE PROTEIN
Transmembrane protein 205,CHEMBL6067185,SINGLE PROTEIN
Thymosin beta-10,CHEMBL6067186,SINGLE PROTEIN
Transmembrane protein 41B,CHEMBL6067187,SINGLE PROTEIN
Tetratricopeptide repeat protein 14,CHEMBL6067188,SINGLE PROTEIN
Uveal autoantigen with coiled-coil domains and ankyrin repeats,CHEMBL6067189,SINGLE PROTEIN
PEST proteolytic signal-containing nuclear protein,CHEMBL6067190,SINGLE PROTEIN
Uncharacterized protein C18orf63,CHEMBL6067191,SINGLE PROTEIN
GPI-anchor transamidase,CHEMBL6067192,SINGLE PROTEIN
"Transmembrane protein 70, mitochondrial",CHEMBL6067193,SINGLE PROTEIN
Sideroflexin-3,CHEMBL6067194,SINGLE PROTEIN
Ras-related protein Rab-35,CHEMBL6067195,SINGLE PROTEIN
c-Myc-binding protein,CHEMBL6067196,SINGLE PROTEIN
TBC1 domain family member 5,CHEMBL6067197,SINGLE PROTEIN
AP-1 complex subunit sigma-1A,CHEMBL6067198,SINGLE PROTEIN
Protein SDA1 homolog,CHEMBL6067199,SINGLE PROTEIN
Ferroptosis suppressor protein 1,CHEMBL6067200,SINGLE PROTEIN
Interferon regulatory factor 2-binding protein 2,CHEMBL6067201,SINGLE PROTEIN
CYFIP-related Rac1 interactor B,CHEMBL6067202,SINGLE PROTEIN
Ubiquitin-associated protein 2,CHEMBL6067203,SINGLE PROTEIN
Spatacsin,CHEMBL6067204,SINGLE PROTEIN
General transcription factor 3C polypeptide 2,CHEMBL6067205,SINGLE PROTEIN
Pumilio homolog 2,CHEMBL6067206,SINGLE PROTEIN
ER membrane protein complex subunit 3,CHEMBL6067207,SINGLE PROTEIN
Ubiquilin-1,CHEMBL6067208,SINGLE PROTEIN
Vacuolar protein sorting-associated protein 28 homolog,CHEMBL6067209,SINGLE PROTEIN
Mitochondrial 2-oxoglutarate/malate carrier protein,CHEMBL6067210,SINGLE PROTEIN
TNF receptor-associated factor 2,CHEMBL6067211,SINGLE PROTEIN
Exportin-7,CHEMBL6067212,SINGLE PROTEIN
DDB1- and CUL4-associated factor 7,CHEMBL6067213,SINGLE PROTEIN
Large ribosomal subunit protein uL11m,CHEMBL6067214,SINGLE PROTEIN
Transducin beta-like protein 2,CHEMBL6067215,SINGLE PROTEIN
Protein canopy homolog 2,CHEMBL6067216,SINGLE PROTEIN
Hemoglobin subunit gamma-2,CHEMBL6067217,SINGLE PROTEIN
Phosphatidylinositol-3-phosphatase SAC1,CHEMBL6067218,SINGLE PROTEIN
BOS complex subunit NCLN,CHEMBL6067219,SINGLE PROTEIN
"Succinate--CoA ligase [GDP-forming] subunit beta, mitochondrial",CHEMBL6067220,SINGLE PROTEIN
DDRGK domain-containing protein 1,CHEMBL6067221,SINGLE PROTEIN
Centrosome and spindle pole-associated protein 1,CHEMBL6067222,SINGLE PROTEIN
ATP-dependent RNA helicase A,CHEMBL6067223,SINGLE PROTEIN
"Methylcrotonoyl-CoA carboxylase beta chain, mitochondrial",CHEMBL6067224,SINGLE PROTEIN
Methionine adenosyltransferase 2 subunit beta,CHEMBL6067225,SINGLE PROTEIN
"Dynein light chain 2, cytoplasmic",CHEMBL6067226,SINGLE PROTEIN
Inorganic pyrophosphatase,CHEMBL6067227,SINGLE PROTEIN
"rRNA methyltransferase 1, mitochondrial",CHEMBL6067228,SINGLE PROTEIN
Thiol S-methyltransferase TMT1A,CHEMBL6067229,SINGLE PROTEIN
Ras suppressor protein 1,CHEMBL6067230,SINGLE PROTEIN
CCAAT/enhancer-binding protein zeta,CHEMBL6067231,SINGLE PROTEIN
Myotrophin,CHEMBL6067232,SINGLE PROTEIN
RNA-binding protein 26,CHEMBL6067233,SINGLE PROTEIN
CMP-sialic acid transporter,CHEMBL6067234,SINGLE PROTEIN
Ribosome biogenesis regulatory protein homolog,CHEMBL6067235,SINGLE PROTEIN
DnaJ homolog subfamily B member 11,CHEMBL6067236,SINGLE PROTEIN
Major facilitator superfamily domain-containing protein 10,CHEMBL6067237,SINGLE PROTEIN
Transmembrane 9 superfamily member 2,CHEMBL6067238,SINGLE PROTEIN
Phosphatidylinositol-binding clathrin assembly protein,CHEMBL6067239,SINGLE PROTEIN
Zinc transporter 7,CHEMBL6067240,SINGLE PROTEIN
CapZ-interacting protein,CHEMBL6067241,SINGLE PROTEIN
COP9 signalosome complex subunit 2,CHEMBL6067242,SINGLE PROTEIN
RNA-splicing ligase RtcB homolog,CHEMBL6067243,SINGLE PROTEIN
Protein transport protein Sec61 subunit gamma,CHEMBL6067244,SINGLE PROTEIN
Golgi resident protein GCP60,CHEMBL6067245,SINGLE PROTEIN
Large ribosomal subunit protein mL38,CHEMBL6067246,SINGLE PROTEIN
Zona pellucida sperm-binding protein 1,CHEMBL6067247,SINGLE PROTEIN
HBS1-like protein,CHEMBL6067248,SINGLE PROTEIN
Dimethyladenosine transferase,CHEMBL6067249,SINGLE PROTEIN
Ras-related protein Rab-5B,CHEMBL6067250,SINGLE PROTEIN
Serrate RNA effector molecule homolog,CHEMBL6067251,SINGLE PROTEIN
Queuine tRNA-ribosyltransferase accessory subunit 2,CHEMBL6067252,SINGLE PROTEIN
Ras-related protein Rap-2c,CHEMBL6067253,SINGLE PROTEIN
Nucleoporin NDC1,CHEMBL6067254,SINGLE PROTEIN
Septin-8,CHEMBL6067255,SINGLE PROTEIN
Splicing factor 3B subunit 5,CHEMBL6067256,SINGLE PROTEIN
Pumilio homolog 1,CHEMBL6067257,SINGLE PROTEIN
Rab-like protein 6,CHEMBL6067258,SINGLE PROTEIN
Importin-11,CHEMBL6067259,SINGLE PROTEIN
Peroxisomal biogenesis factor 3,CHEMBL6067260,SINGLE PROTEIN
C2 domain-containing protein 5,CHEMBL6067261,SINGLE PROTEIN
Signal peptidase complex subunit 2,CHEMBL6067262,SINGLE PROTEIN
Dedicator of cytokinesis protein 11,CHEMBL6067263,SINGLE PROTEIN
Small ribosomal subunit protein mS34,CHEMBL6067264,SINGLE PROTEIN
FAST kinase domain-containing protein 4,CHEMBL6067265,SINGLE PROTEIN
Derlin-1,CHEMBL6067266,SINGLE PROTEIN
"GPI ethanolamine phosphate transferase 3, catalytic subunit",CHEMBL6067267,SINGLE PROTEIN
"DnaJ homolog subfamily A member 3, mitochondrial",CHEMBL6067268,SINGLE PROTEIN
AP-2 complex subunit beta,CHEMBL6067269,SINGLE PROTEIN
Testis-expressed protein 10,CHEMBL6067270,SINGLE PROTEIN
Delta(14)-sterol reductase LBR,CHEMBL6067271,SINGLE PROTEIN
RNA polymerase II-associated protein 1,CHEMBL6067272,SINGLE PROTEIN
Man(5)GlcNAc(2)-PP-dolichol translocation protein RFT1,CHEMBL6067273,SINGLE PROTEIN
Protein RRP5 homolog,CHEMBL6067274,SINGLE PROTEIN
Endoplasmic reticulum-Golgi intermediate compartment protein 1,CHEMBL6067275,SINGLE PROTEIN
Exocyst complex component 1,CHEMBL6067276,SINGLE PROTEIN
Cullin-associated NEDD8-dissociated protein 1,CHEMBL6067277,SINGLE PROTEIN
Unhealthy ribosome biogenesis protein 2 homolog,CHEMBL6067278,SINGLE PROTEIN
Protein Shroom3,CHEMBL6067279,SINGLE PROTEIN
Conserved oligomeric Golgi complex subunit 5,CHEMBL6067280,SINGLE PROTEIN
Dynactin subunit 1,CHEMBL6067281,SINGLE PROTEIN
Large ribosomal subunit protein bL9m,CHEMBL6067282,SINGLE PROTEIN
Chromodomain-helicase-DNA-binding protein 3,CHEMBL6067283,SINGLE PROTEIN
Protein CDV3 homolog,CHEMBL6067284,SINGLE PROTEIN
Phosphopentomutase,CHEMBL6067285,SINGLE PROTEIN
ER membrane protein complex subunit 5,CHEMBL6067286,SINGLE PROTEIN
Histone H1.10,CHEMBL6067287,SINGLE PROTEIN
Superkiller complex protein 3,CHEMBL6067288,SINGLE PROTEIN
Nucleolar complex protein 2 homolog,CHEMBL6067289,SINGLE PROTEIN
Nucleobindin-2,CHEMBL6067290,SINGLE PROTEIN
Protein MAL2,CHEMBL6067291,SINGLE PROTEIN
Hydroxysteroid dehydrogenase-like protein 2,CHEMBL6067292,SINGLE PROTEIN
H/ACA ribonucleoprotein complex subunit 1,CHEMBL6067293,SINGLE PROTEIN
Voltage-gated hydrogen channel 1,CHEMBL6067294,SINGLE PROTEIN
Transmembrane protein 94,CHEMBL6067295,SINGLE PROTEIN
CCHC-type zinc finger nucleic acid binding protein,CHEMBL6067296,SINGLE PROTEIN
Proline-serine-threonine phosphatase-interacting protein 2,CHEMBL6067297,SINGLE PROTEIN
Ensconsin,CHEMBL6067298,SINGLE PROTEIN
Serine/threonine-protein kinase LMTK2,CHEMBL6067300,SINGLE PROTEIN
Far upstream element-binding protein 3,CHEMBL6067301,SINGLE PROTEIN
Protein FAM136A,CHEMBL6067302,SINGLE PROTEIN
LIM and SH3 domain protein 1,CHEMBL6067303,SINGLE PROTEIN
NSFL1 cofactor p47,CHEMBL6067304,SINGLE PROTEIN
Triokinase/FMN cyclase,CHEMBL6067305,SINGLE PROTEIN
SAM domain-containing protein SAMSN-1,CHEMBL6067306,SINGLE PROTEIN
Claspin,CHEMBL6067307,SINGLE PROTEIN
E3 ubiquitin-protein ligase RNF213,CHEMBL6067308,SINGLE PROTEIN
Exosome complex exonuclease RRP44,CHEMBL6067309,SINGLE PROTEIN
Condensin complex subunit 2,CHEMBL6067310,SINGLE PROTEIN
Ribosomal protein eS27-like,CHEMBL6067311,SINGLE PROTEIN
D-aminoacyl-tRNA deacylase 1,CHEMBL6067312,SINGLE PROTEIN
UTP--glucose-1-phosphate uridylyltransferase,CHEMBL6067313,SINGLE PROTEIN
Tubulin-folding cofactor B,CHEMBL6067314,SINGLE PROTEIN
Protein FAM83E,CHEMBL6067315,SINGLE PROTEIN
Large subunit GTPase 1 homolog,CHEMBL6067316,SINGLE PROTEIN
"Electrogenic aspartate/glutamate antiporter SLC25A13, mitochondrial",CHEMBL6067317,SINGLE PROTEIN
ATP-binding cassette sub-family E member 1,CHEMBL6067318,SINGLE PROTEIN
AP-3 complex subunit mu-1,CHEMBL6067319,SINGLE PROTEIN
Golgi apparatus protein 1,CHEMBL6067320,SINGLE PROTEIN
Coatomer subunit gamma-2,CHEMBL6067321,SINGLE PROTEIN
Microtubule-associated protein RP/EB family member 1,CHEMBL6067322,SINGLE PROTEIN
E3 ubiquitin-protein ligase RNF10,CHEMBL6067323,SINGLE PROTEIN
Apoptosis-associated speck-like protein containing a CARD,CHEMBL6067324,SINGLE PROTEIN
Putative divalent cation/proton antiporter TMEM165,CHEMBL6067325,SINGLE PROTEIN
Vacuolar protein sorting-associated protein 51 homolog,CHEMBL6067326,SINGLE PROTEIN
Golgin subfamily A member 2,CHEMBL6067327,SINGLE PROTEIN
Translation initiation factor eIF2B subunit delta,CHEMBL6067328,SINGLE PROTEIN
Torsin-1A-interacting protein 1,CHEMBL6067329,SINGLE PROTEIN
Serine-threonine kinase receptor-associated protein,CHEMBL6067330,SINGLE PROTEIN
Translation initiation factor eIF2B subunit beta,CHEMBL6067331,SINGLE PROTEIN
Cell growth-regulating nucleolar protein,CHEMBL6067332,SINGLE PROTEIN
Early endosome antigen 1,CHEMBL6067333,SINGLE PROTEIN
Serine/threonine-protein phosphatase 2A 56 kDa regulatory subunit delta isoform,CHEMBL6067334,SINGLE PROTEIN
Phosphorylated adapter RNA export protein,CHEMBL6067335,SINGLE PROTEIN
Endoplasmic reticulum junction formation protein lunapark,CHEMBL6067336,SINGLE PROTEIN
Protein PRRC2C,CHEMBL6067337,SINGLE PROTEIN
Zinc finger RNA-binding protein,CHEMBL6067338,SINGLE PROTEIN
GPI-anchor transamidase component PIGT,CHEMBL6067339,SINGLE PROTEIN
Sec1 family domain-containing protein 1,CHEMBL6067340,SINGLE PROTEIN
Meiosis-specific nuclear structural protein 1,CHEMBL6067341,SINGLE PROTEIN
Ergosterol biosynthetic protein 28 homolog,CHEMBL6067342,SINGLE PROTEIN
Centrosomal protein of 170 kDa,CHEMBL6067343,SINGLE PROTEIN
Transmembrane protein 43,CHEMBL6067344,SINGLE PROTEIN
Protein salvador homolog 1,CHEMBL6067345,SINGLE PROTEIN
Beta-catenin-like protein 1,CHEMBL6067346,SINGLE PROTEIN
Phosphatidylserine synthase 2,CHEMBL6067347,SINGLE PROTEIN
WASH complex subunit 5,CHEMBL6067349,SINGLE PROTEIN
Sorbin and SH3 domain-containing protein 1,CHEMBL6067350,SINGLE PROTEIN
Small ribosomal subunit protein mS39,CHEMBL6067351,SINGLE PROTEIN
SS18-like protein 2,CHEMBL6067352,SINGLE PROTEIN
Polyadenylate-binding protein-interacting protein 1,CHEMBL6067353,SINGLE PROTEIN
Ubiquilin-2,CHEMBL6067354,SINGLE PROTEIN
Transmembrane emp24 domain-containing protein 7,CHEMBL6067355,SINGLE PROTEIN
"Calcium uniporter protein, mitochondrial",CHEMBL6067356,SINGLE PROTEIN
Adipocyte plasma membrane-associated protein,CHEMBL6067357,SINGLE PROTEIN
Zinc finger CCHC domain-containing protein 8,CHEMBL6067358,SINGLE PROTEIN
Zinc transporter 6,CHEMBL6067359,SINGLE PROTEIN
Transmembrane protein 14C,CHEMBL6067360,SINGLE PROTEIN
"Probable arginine--tRNA ligase, mitochondrial",CHEMBL6067361,SINGLE PROTEIN
Sideroflexin-1,CHEMBL6067362,SINGLE PROTEIN
"Hydroxyacyl-coenzyme A dehydrogenase, mitochondrial",CHEMBL6067363,SINGLE PROTEIN
Cell division cycle protein 23 homolog,CHEMBL6067364,SINGLE PROTEIN
Receptor for retinol uptake STRA6,CHEMBL6067365,SINGLE PROTEIN
Stathmin-2,CHEMBL6067366,SINGLE PROTEIN
Ribosome maturation protein SBDS,CHEMBL6067367,SINGLE PROTEIN
Calcium load-activated calcium channel,CHEMBL6067368,SINGLE PROTEIN
Protein SEC13 homolog,CHEMBL6067369,SINGLE PROTEIN
Sperm-associated antigen 5,CHEMBL6067370,SINGLE PROTEIN
OCIA domain-containing protein 1,CHEMBL6067371,SINGLE PROTEIN
Translocation protein SEC62,CHEMBL6067372,SINGLE PROTEIN
Mitochondrial import receptor subunit TOM22 homolog,CHEMBL6067373,SINGLE PROTEIN
RNA-binding protein 28,CHEMBL6067374,SINGLE PROTEIN
Small ribosomal subunit protein uS3m,CHEMBL6067375,SINGLE PROTEIN
Exocyst complex component 4,CHEMBL6067376,SINGLE PROTEIN
E3 ubiquitin-protein ligase TRIM4,CHEMBL6067377,SINGLE PROTEIN
Mammalian ependymin-related protein 1,CHEMBL6067378,SINGLE PROTEIN
GPI-anchor transamidase component PIGS,CHEMBL6067379,SINGLE PROTEIN
Protein SAAL1,CHEMBL6067380,SINGLE PROTEIN
Condensin complex subunit 1,CHEMBL6067381,SINGLE PROTEIN
ATPase family AAA domain-containing protein 3A,CHEMBL6067382,SINGLE PROTEIN
Transformation/transcription domain-associated protein,CHEMBL6067383,SINGLE PROTEIN
Septin-6,CHEMBL6067384,SINGLE PROTEIN
RRP12-like protein,CHEMBL6067385,SINGLE PROTEIN
NF-X1-type zinc finger protein NFXL1,CHEMBL6067386,SINGLE PROTEIN
Small ribosomal subunit protein uS17m,CHEMBL6067387,SINGLE PROTEIN
Zinc transporter ZIP11,CHEMBL6067388,SINGLE PROTEIN
Myb-binding protein 1A,CHEMBL6067389,SINGLE PROTEIN
Dolichyl-diphosphooligosaccharide--protein glycosyltransferase subunit DAD1,CHEMBL6067390,SINGLE PROTEIN
Ethanolaminephosphotransferase 1,CHEMBL6067391,SINGLE PROTEIN
General transcription factor 3C polypeptide 5,CHEMBL6067392,SINGLE PROTEIN
Nucleosome assembly protein 1-like 1,CHEMBL6067393,SINGLE PROTEIN
Probable ATP-dependent RNA helicase DDX20,CHEMBL6067394,SINGLE PROTEIN
Heterogeneous nuclear ribonucleoprotein A/B,CHEMBL6067395,SINGLE PROTEIN
Store-operated calcium entry-associated regulatory factor,CHEMBL6067396,SINGLE PROTEIN
Fanconi anemia group I protein,CHEMBL6067397,SINGLE PROTEIN
Proteolipid protein 2,CHEMBL6067398,SINGLE PROTEIN
Drebrin-like protein,CHEMBL6067399,SINGLE PROTEIN
Eukaryotic translation initiation factor 4 gamma 2,CHEMBL6067400,SINGLE PROTEIN
"N-alpha-acetyltransferase 15, NatA auxiliary subunit",CHEMBL6067401,SINGLE PROTEIN
Protein canopy homolog 3,CHEMBL6067402,SINGLE PROTEIN
Twinfilin-2,CHEMBL6067403,SINGLE PROTEIN
Protein YIPF5,CHEMBL6067404,SINGLE PROTEIN
Protein POF1B,CHEMBL6067405,SINGLE PROTEIN
Exportin-4,CHEMBL6067406,SINGLE PROTEIN
Cell division cycle 5-like protein,CHEMBL6067407,SINGLE PROTEIN
Mitochondrial import inner membrane translocase subunit Tim10,CHEMBL6067408,SINGLE PROTEIN
GTPase-activating protein and VPS9 domain-containing protein 1,CHEMBL6067409,SINGLE PROTEIN
DnaJ homolog subfamily C member 5,CHEMBL6067410,SINGLE PROTEIN
Chloride intracellular channel protein 4,CHEMBL6067411,SINGLE PROTEIN
Periphilin-1,CHEMBL6067412,SINGLE PROTEIN
Proton-coupled zinc antiporter SLC30A5,CHEMBL6067413,SINGLE PROTEIN
Chitobiosyldiphosphodolichol beta-mannosyltransferase,CHEMBL6067414,SINGLE PROTEIN
Sorting nexin-1,CHEMBL6067415,SINGLE PROTEIN
Ras-related protein Rab-14,CHEMBL6067416,SINGLE PROTEIN
Apoptosis inhibitor 5,CHEMBL6067417,SINGLE PROTEIN
Growth hormone-inducible transmembrane protein,CHEMBL6067418,SINGLE PROTEIN
Ras GTPase-activating protein-binding protein 1,CHEMBL6067419,SINGLE PROTEIN
Procollagen galactosyltransferase 1,CHEMBL6067420,SINGLE PROTEIN
Cytochrome c oxidase assembly protein COX14,CHEMBL6067421,SINGLE PROTEIN
WD repeat-containing protein 36,CHEMBL6067422,SINGLE PROTEIN
RNA-binding protein 12,CHEMBL6067423,SINGLE PROTEIN
Inverted formin-2,CHEMBL6067424,SINGLE PROTEIN
GSK3B-interacting protein,CHEMBL6067425,SINGLE PROTEIN
Protein unc-93 homolog B1,CHEMBL6067426,SINGLE PROTEIN
Very-long-chain (3R)-3-hydroxyacyl-CoA dehydratase 3,CHEMBL6067427,SINGLE PROTEIN
Zinc finger protein 787,CHEMBL6067428,SINGLE PROTEIN
Solute carrier family 35 member E1,CHEMBL6067429,SINGLE PROTEIN
Bystin,CHEMBL6067430,SINGLE PROTEIN
Calcium-regulated heat-stable protein 1,CHEMBL6067431,SINGLE PROTEIN
Tensin-4,CHEMBL6067432,SINGLE PROTEIN
Ubiquitin-protein ligase E3C,CHEMBL6067433,SINGLE PROTEIN
Ankyrin repeat domain-containing protein 54,CHEMBL6067434,SINGLE PROTEIN
Peroxisomal membrane protein 4,CHEMBL6067435,SINGLE PROTEIN
"Elongation factor G, mitochondrial",CHEMBL6067436,SINGLE PROTEIN
MICOS complex subunit MIC13,CHEMBL6067437,SINGLE PROTEIN
ATPase family AAA domain-containing protein 3B,CHEMBL6067438,SINGLE PROTEIN
Caspase recruitment domain-containing protein 19,CHEMBL6067439,SINGLE PROTEIN
Titin,CHEMBL6067440,SINGLE PROTEIN
Small ribosomal subunit protein mS40,CHEMBL6067441,SINGLE PROTEIN
G-patch domain and KOW motifs-containing protein,CHEMBL6067442,SINGLE PROTEIN
Rootletin,CHEMBL6067443,SINGLE PROTEIN
Large ribosomal subunit protein mL66,CHEMBL6067444,SINGLE PROTEIN
"RNA transcription, translation and transport factor protein",CHEMBL6067445,SINGLE PROTEIN
Translocating chain-associated membrane protein 1,CHEMBL6067446,SINGLE PROTEIN
Lipid scramblase CLPTM1L,CHEMBL6067447,SINGLE PROTEIN
WASH complex subunit 4,CHEMBL6067448,SINGLE PROTEIN
Myeloid-associated differentiation marker,CHEMBL6067449,SINGLE PROTEIN
Protein phosphatase 1 regulatory subunit 1B,CHEMBL6067450,SINGLE PROTEIN
Very-long-chain (3R)-3-hydroxyacyl-CoA dehydratase 2,CHEMBL6067451,SINGLE PROTEIN
Small ribosomal subunit protein bS1m,CHEMBL6067452,SINGLE PROTEIN
Microfibrillar-associated protein 1,CHEMBL6067453,SINGLE PROTEIN
Single-stranded DNA cytosine deaminase,CHEMBL6067454,SINGLE PROTEIN
Aryl-hydrocarbon-interacting protein-like 1,CHEMBL6067455,SINGLE PROTEIN
Cytochrome P450 7B1,CHEMBL6067456,SINGLE PROTEIN
FUN14 domain-containing protein 1,CHEMBL6067457,SINGLE PROTEIN
Transcription factor JunD,CHEMBL6067460,SINGLE PROTEIN
Kelch-like protein 20,CHEMBL6067461,SINGLE PROTEIN
Leukocyte receptor cluster member 8,CHEMBL6067462,SINGLE PROTEIN
Sal-like protein 4,CHEMBL6067463,SINGLE PROTEIN
TOX high mobility group box family member 4,CHEMBL6067464,SINGLE PROTEIN
Palmitoyltransferase ZDHHC9,CHEMBL6067465,SINGLE PROTEIN
Palmitoyltransferase ZDHHC3,CHEMBL6067466,SINGLE PROTEIN
NADH dehydrogenase [ubiquinone] 1 beta subcomplex subunit 9,CHEMBL6067526,SINGLE PROTEIN
Large ribosomal subunit protein eL36,CHEMBL6067527,SINGLE PROTEIN
NADH dehydrogenase [ubiquinone] 1 alpha subcomplex assembly factor 4,CHEMBL6067528,SINGLE PROTEIN
F-box-like/WD repeat-containing protein TBL1XR1,CHEMBL6067529,SINGLE PROTEIN
Target of rapamycin complex subunit LST8,CHEMBL6067530,SINGLE PROTEIN
45 kDa calcium-binding protein,CHEMBL6067531,SINGLE PROTEIN
Tubulin beta-6 chain,CHEMBL6067532,SINGLE PROTEIN
Tubulin beta-2B chain,CHEMBL6067533,SINGLE PROTEIN
Small ribosomal subunit protein uS10,CHEMBL6067534,SINGLE PROTEIN
"Proline-, glutamic acid- and leucine-rich protein 1",CHEMBL6067535,SINGLE PROTEIN
NADH dehydrogenase [ubiquinone] 1 alpha subcomplex assembly factor 2,CHEMBL6067536,SINGLE PROTEIN
Cullin-2,CHEMBL6067537,SINGLE PROTEIN
Cullin-3,CHEMBL6067538,SINGLE PROTEIN
NADH dehydrogenase [ubiquinone] 1 alpha subcomplex subunit 5,CHEMBL6067539,SINGLE PROTEIN
Large ribosomal subunit protein eL18,CHEMBL6067540,SINGLE PROTEIN
Large ribosomal subunit protein eL20,CHEMBL6067541,SINGLE PROTEIN
Large ribosomal subunit protein eL6,CHEMBL6067542,SINGLE PROTEIN
Antigen peptide transporter 2,CHEMBL6067543,SINGLE PROTEIN
Ubiquitin-like FUBI-ribosomal protein eS30 fusion protein,CHEMBL6067544,SINGLE PROTEIN
E3 ubiquitin-protein ligase RBX1,CHEMBL6067545,SINGLE PROTEIN
Large ribosomal subunit protein eL31,CHEMBL6067546,SINGLE PROTEIN
Large ribosomal subunit protein eL30,CHEMBL6067547,SINGLE PROTEIN
Large ribosomal subunit protein uL1,CHEMBL6067548,SINGLE PROTEIN
Large ribosomal subunit protein uL5,CHEMBL6067549,SINGLE PROTEIN
Large ribosomal subunit protein uL2,CHEMBL6067550,SINGLE PROTEIN
Large ribosomal subunit protein eL38,CHEMBL6067551,SINGLE PROTEIN
Small ribosomal subunit protein eS21,CHEMBL6067552,SINGLE PROTEIN
Large ribosomal subunit protein eL24,CHEMBL6067553,SINGLE PROTEIN
Large ribosomal subunit protein eL19,CHEMBL6067554,SINGLE PROTEIN
Small ribosomal subunit protein uS12,CHEMBL6067555,SINGLE PROTEIN
Small ribosomal subunit protein uS13,CHEMBL6067556,SINGLE PROTEIN
Small ribosomal subunit protein uS17,CHEMBL6067557,SINGLE PROTEIN
Large ribosomal subunit protein eL8,CHEMBL6067558,SINGLE PROTEIN
Large ribosomal subunit protein uL23,CHEMBL6067559,SINGLE PROTEIN
Large ribosomal subunit protein uL14,CHEMBL6067560,SINGLE PROTEIN
Small ribosomal subunit protein uS19,CHEMBL6067561,SINGLE PROTEIN
Proteasome subunit alpha type-6,CHEMBL6067562,SINGLE PROTEIN
Small ribosomal subunit protein eS24,CHEMBL6067563,SINGLE PROTEIN
Small ribosomal subunit protein eS1,CHEMBL6067564,SINGLE PROTEIN
Small ribosomal subunit protein eS25,CHEMBL6067565,SINGLE PROTEIN
Large ribosomal subunit protein eL43,CHEMBL6067566,SINGLE PROTEIN
Small ribosomal subunit protein eS28,CHEMBL6067567,SINGLE PROTEIN
Small ribosomal subunit protein uS11,CHEMBL6067568,SINGLE PROTEIN
Small ribosomal subunit protein uS9,CHEMBL6067569,SINGLE PROTEIN
Small ribosomal subunit protein uS8,CHEMBL6067570,SINGLE PROTEIN
Small ribosomal subunit protein eS8,CHEMBL6067571,SINGLE PROTEIN
Small ribosomal subunit protein eS7,CHEMBL6067572,SINGLE PROTEIN
Large ribosomal subunit protein uL24,CHEMBL6067573,SINGLE PROTEIN
Large ribosomal subunit protein eL15,CHEMBL6067574,SINGLE PROTEIN
Large ribosomal subunit protein eL27,CHEMBL6067575,SINGLE PROTEIN
Cyclin-L2,CHEMBL6067576,SINGLE PROTEIN
Protein cereblon-alpha tubulin,CHEMBL6067579,PROTEIN-PROTEIN INTERACTION
Solute carrier family 45 member 3,CHEMBL6067581,SINGLE PROTEIN
Protein Aster-C,CHEMBL6067584,SINGLE PROTEIN
Ubiquitin carboxyl-terminal hydrolase 46,CHEMBL6067588,SINGLE PROTEIN
Ubiquitin carboxyl-terminal hydrolase 12,CHEMBL6067593,SINGLE PROTEIN
Leucine-rich repeat-containing G-protein coupled receptor 4,CHEMBL6067594,SINGLE PROTEIN
ATPase family gene 2 protein homolog B,CHEMBL6067595,SINGLE PROTEIN
PHD finger protein 20,CHEMBL6067596,SINGLE PROTEIN
Serine palmitoyltransferase small subunit B,CHEMBL6067597,SINGLE PROTEIN
Butyrophilin subfamily 2 member A1,CHEMBL6067598,SINGLE PROTEIN
"Steroidogenic acute regulatory protein, mitochondrial",CHEMBL6067601,SINGLE PROTEIN
Transcription factor EB,CHEMBL6067602,SINGLE PROTEIN
Immunoglobulin heavy constant gamma 4,CHEMBL6067622,SINGLE PROTEIN
Regulator of chromosome condensation,CHEMBL6067623,SINGLE PROTEIN
Cyclic AMP-dependent transcription factor ATF-4,CHEMBL6067624,SINGLE PROTEIN
Protein PML,CHEMBL6067625,SINGLE PROTEIN
Tuberin,CHEMBL6067627,SINGLE PROTEIN
Ubiquitin-associated and SH3 domain-containing protein A,CHEMBL6067628,SINGLE PROTEIN
